kx,ky,band1,band2
-2,-2,6.1138,-6.1138
-2,-1.9596,5.9496,-5.9496
-2,-1.9192,5.7771,-5.7771
-2,-1.8788,5.5971,-5.5971
-2,-1.8384,5.4102,-5.4102
-2,-1.798,5.2175,-5.2175
-2,-1.7576,5.0197,-5.0197
-2,-1.7172,4.818,-4.818
-2,-1.6768,4.6134,-4.6134
-2,-1.6364,4.4073,-4.4073
-2,-1.596,4.201,-4.201
-2,-1.5556,3.9962,-3.9962
-2,-1.5152,3.7946,-3.7946
-2,-1.4747,3.5983,-3.5983
-2,-1.4343,3.4096,-3.4096
-2,-1.3939,3.231,-3.231
-2,-1.3535,3.0655,-3.0655
-2,-1.3131,2.9162,-2.9162
-2,-1.2727,2.7863,-2.7863
-2,-1.2323,2.6791,-2.6791
-2,-1.1919,2.5976,-2.5976
-2,-1.1515,2.5441,-2.5441
-2,-1.1111,2.5198,-2.5198
-2,-1.0707,2.525,-2.525
-2,-1.0303,2.5584,-2.5584
-2,-0.9899,2.6177,-2.6177
-2,-0.94949,2.6998,-2.6998
-2,-0.90909,2.801,-2.801
-2,-0.86869,2.9176,-2.9176
-2,-0.82828,3.0461,-3.0461
-2,-0.78788,3.1831,-3.1831
-2,-0.74747,3.3257,-3.3257
-2,-0.70707,3.4713,-3.4713
-2,-0.66667,3.6176,-3.6176
-2,-0.62626,3.7628,-3.7628
-2,-0.58586,3.905,-3.905
-2,-0.54545,4.0429,-4.0429
-2,-0.50505,4.1752,-4.1752
-2,-0.46465,4.3009,-4.3009
-2,-0.42424,4.4189,-4.4189
-2,-0.38384,4.5285,-4.5285
-2,-0.34343,4.629,-4.629
-2,-0.30303,4.7197,-4.7197
-2,-0.26263,4.8002,-4.8002
-2,-0.22222,4.87,-4.87
-2,-0.18182,4.9286,-4.9286
-2,-0.14141,4.9759,-4.9759
-2,-0.10101,5.0116,-5.0116
-2,-0.060606,5.0355,-5.0355
-2,-0.020202,5.0475,-5.0475
-2,0.020202,5.0475,-5.0475
-2,0.060606,5.0355,-5.0355
-2,0.10101,5.0116,-5.0116
-2,0.14141,4.9759,-4.9759
-2,0.18182,4.9286,-4.9286
-2,0.22222,4.87,-4.87
-2,0.26263,4.8002,-4.8002
-2,0.30303,4.7197,-4.7197
-2,0.34343,4.629,-4.629
-2,0.38384,4.5285,-4.5285
-2,0.42424,4.4189,-4.4189
-2,0.46465,4.3009,-4.3009
-2,0.50505,4.1752,-4.1752
-2,0.54545,4.0429,-4.0429
-2,0.58586,3.905,-3.905
-2,0.62626,3.7628,-3.7628
-2,0.66667,3.6176,-3.6176
-2,0.70707,3.4713,-3.4713
-2,0.74747,3.3257,-3.3257
-2,0.78788,3.1831,-3.1831
-2,0.82828,3.0461,-3.0461
-2,0.86869,2.9176,-2.9176
-2,0.90909,2.801,-2.801
-2,0.94949,2.6998,-2.6998
-2,0.9899,2.6177,-2.6177
-2,1.0303,2.5584,-2.5584
-2,1.0707,2.525,-2.525
-2,1.1111,2.5198,-2.5198
-2,1.1515,2.5441,-2.5441
-2,1.1919,2.5976,-2.5976
-2,1.2323,2.6791,-2.6791
-2,1.2727,2.7863,-2.7863
-2,1.3131,2.9162,-2.9162
-2,1.3535,3.0655,-3.0655
-2,1.3939,3.231,-3.231
-2,1.4343,3.4096,-3.4096
-2,1.4747,3.5983,-3.5983
-2,1.5152,3.7946,-3.7946
-2,1.5556,3.9962,-3.9962
-2,1.596,4.201,-4.201
-2,1.6364,4.4073,-4.4073
-2,1.6768,4.6134,-4.6134
-2,1.7172,4.818,-4.818
-2,1.7576,5.0197,-5.0197
-2,1.798,5.2175,-5.2175
-2,1.8384,5.4102,-5.4102
-2,1.8788,5.5971,-5.5971
-2,1.9192,5.7771,-5.7771
-2,1.9596,5.9496,-5.9496
-2,2,6.1138,-6.1138
-1.9596,-2,6.2626,-6.2626
-1.9596,-1.9596,6.0962,-6.0962
-1.9596,-1.9192,5.9211,-5.9211
-1.9596,-1.8788,5.7382,-5.7382
-1.9596,-1.8384,5.5481,-5.5481
-1.9596,-1.798,5.3517,-5.3517
-1.9596,-1.7576,5.1497,-5.1497
-1.9596,-1.7172,4.9432,-4.9432
-1.9596,-1.6768,4.7332,-4.7332
-1.9596,-1.6364,4.5209,-4.5209
-1.9596,-1.596,4.3076,-4.3076
-1.9596,-1.5556,4.0946,-4.0946
-1.9596,-1.5152,3.8837,-3.8837
-1.9596,-1.4747,3.6768,-3.6768
-1.9596,-1.4343,3.4758,-3.4758
-1.9596,-1.3939,3.2831,-3.2831
-1.9596,-1.3535,3.1016,-3.1016
-1.9596,-1.3131,2.9341,-2.9341
-1.9596,-1.2727,2.7839,-2.7839
-1.9596,-1.2323,2.6545,-2.6545
-1.9596,-1.1919,2.5493,-2.5493
-1.9596,-1.1515,2.4711,-2.4711
-1.9596,-1.1111,2.4224,-2.4224
-1.9596,-1.0707,2.404,-2.404
-1.9596,-1.0303,2.4157,-2.4157
-1.9596,-0.9899,2.4558,-2.4558
-1.9596,-0.94949,2.5214,-2.5214
-1.9596,-0.90909,2.609,-2.609
-1.9596,-0.86869,2.7146,-2.7146
-1.9596,-0.82828,2.8343,-2.8343
-1.9596,-0.78788,2.9645,-2.9645
-1.9596,-0.74747,3.1018,-3.1018
-1.9596,-0.70707,3.2432,-3.2432
-1.9596,-0.66667,3.3864,-3.3864
-1.9596,-0.62626,3.5291,-3.5291
-1.9596,-0.58586,3.6695,-3.6695
-1.9596,-0.54545,3.806,-3.806
-1.9596,-0.50505,3.9373,-3.9373
-1.9596,-0.46465,4.0621,-4.0621
-1.9596,-0.42424,4.1796,-4.1796
-1.9596,-0.38384,4.2888,-4.2888
-1.9596,-0.34343,4.3889,-4.3889
-1.9596,-0.30303,4.4794,-4.4794
-1.9596,-0.26263,4.5597,-4.5597
-1.9596,-0.22222,4.6294,-4.6294
-1.9596,-0.18182,4.688,-4.688
-1.9596,-0.14141,4.7352,-4.7352
-1.9596,-0.10101,4.7708,-4.7708
-1.9596,-0.060606,4.7947,-4.7947
-1.9596,-0.020202,4.8067,-4.8067
-1.9596,0.020202,4.8067,-4.8067
-1.9596,0.060606,4.7947,-4.7947
-1.9596,0.10101,4.7708,-4.7708
-1.9596,0.14141,4.7352,-4.7352
-1.9596,0.18182,4.688,-4.688
-1.9596,0.22222,4.6294,-4.6294
-1.9596,0.26263,4.5597,-4.5597
-1.9596,0.30303,4.4794,-4.4794
-1.9596,0.34343,4.3889,-4.3889
-1.9596,0.38384,4.2888,-4.2888
-1.9596,0.42424,4.1796,-4.1796
-1.9596,0.46465,4.0621,-4.0621
-1.9596,0.50505,3.9373,-3.9373
-1.9596,0.54545,3.806,-3.806
-1.9596,0.58586,3.6695,-3.6695
-1.9596,0.62626,3.5291,-3.5291
-1.9596,0.66667,3.3864,-3.3864
-1.9596,0.70707,3.2432,-3.2432
-1.9596,0.74747,3.1018,-3.1018
-1.9596,0.78788,2.9645,-2.9645
-1.9596,0.82828,2.8343,-2.8343
-1.9596,0.86869,2.7146,-2.7146
-1.9596,0.90909,2.609,-2.609
-1.9596,0.94949,2.5214,-2.5214
-1.9596,0.9899,2.4558,-2.4558
-1.9596,1.0303,2.4157,-2.4157
-1.9596,1.0707,2.404,-2.404
-1.9596,1.1111,2.4224,-2.4224
-1.9596,1.1515,2.4711,-2.4711
-1.9596,1.1919,2.5493,-2.5493
-1.9596,1.2323,2.6545,-2.6545
-1.9596,1.2727,2.7839,-2.7839
-1.9596,1.3131,2.9341,-2.9341
-1.9596,1.3535,3.1016,-3.1016
-1.9596,1.3939,3.2831,-3.2831
-1.9596,1.4343,3.4758,-3.4758
-1.9596,1.4747,3.6768,-3.6768
-1.9596,1.5152,3.8837,-3.8837
-1.9596,1.5556,4.0946,-4.0946
-1.9596,1.596,4.3076,-4.3076
-1.9596,1.6364,4.5209,-4.5209
-1.9596,1.6768,4.7332,-4.7332
-1.9596,1.7172,4.9432,-4.9432
-1.9596,1.7576,5.1497,-5.1497
-1.9596,1.798,5.3517,-5.3517
-1.9596,1.8384,5.5481,-5.5481
-1.9596,1.8788,5.7382,-5.7382
-1.9596,1.9192,5.9211,-5.9211
-1.9596,1.9596,6.0962,-6.0962
-1.9596,2,6.2626,-6.2626
-1.9192,-2,6.4008,-6.4008
-1.9192,-1.9596,6.2322,-6.2322
-1.9192,-1.9192,6.0548,-6.0548
-1.9192,-1.8788,5.8691,-5.8691
-1.9192,-1.8384,5.676,-5.676
-1.9192,-1.798,5.4761,-5.4761
-1.9192,-1.7576,5.2702,-5.2702
-1.9192,-1.7172,5.0593,-5.0593
-1.9192,-1.6768,4.8443,-4.8443
-1.9192,-1.6364,4.6262,-4.6262
-1.9192,-1.596,4.4064,-4.4064
-1.9192,-1.5556,4.186,-4.186
-1.9192,-1.5152,3.9666,-3.9666
-1.9192,-1.4747,3.7497,-3.7497
-1.9192,-1.4343,3.5374,-3.5374
-1.9192,-1.3939,3.3318,-3.3318
-1.9192,-1.3535,3.1354,-3.1354
-1.9192,-1.3131,2.9509,-2.9509
-1.9192,-1.2727,2.7816,-2.7816
-1.9192,-1.2323,2.6309,-2.6309
-1.9192,-1.1919,2.5025,-2.5025
-1.9192,-1.1515,2.3998,-2.3998
-1.9192,-1.1111,2.326,-2.326
-1.9192,-1.0707,2.2831,-2.2831
-1.9192,-1.0303,2.2718,-2.2718
-1.9192,-0.9899,2.2914,-2.2914
-1.9192,-0.94949,2.3395,-2.3395
-1.9192,-0.90909,2.4126,-2.4126
-1.9192,-0.86869,2.5067,-2.5067
-1.9192,-0.82828,2.6174,-2.6174
-1.9192,-0.78788,2.7407,-2.7407
-1.9192,-0.74747,2.8729,-2.8729
-1.9192,-0.70707,3.0106,-3.0106
-1.9192,-0.66667,3.1511,-3.1511
-1.9192,-0.62626,3.2918,-3.2918
-1.9192,-0.58586,3.4309,-3.4309
-1.9192,-0.54545,3.5665,-3.5665
-1.9192,-0.50505,3.6971,-3.6971
-1.9192,-0.46465,3.8216,-3.8216
-1.9192,-0.42424,3.9388,-3.9388
-1.9192,-0.38384,4.0479,-4.0479
-1.9192,-0.34343,4.148,-4.148
-1.9192,-0.30303,4.2385,-4.2385
-1.9192,-0.26263,4.3189,-4.3189
-1.9192,-0.22222,4.3886,-4.3886
-1.9192,-0.18182,4.4473,-4.4473
-1.9192,-0.14141,4.4946,-4.4946
-1.9192,-0.10101,4.5303,-4.5303
-1.9192,-0.060606,4.5542,-4.5542
-1.9192,-0.020202,4.5662,-4.5662
-1.9192,0.020202,4.5662,-4.5662
-1.9192,0.060606,4.5542,-4.5542
-1.9192,0.10101,4.5303,-4.5303
-1.9192,0.14141,4.4946,-4.4946
-1.9192,0.18182,4.4473,-4.4473
-1.9192,0.22222,4.3886,-4.3886
-1.9192,0.26263,4.3189,-4.3189
-1.9192,0.30303,4.2385,-4.2385
-1.9192,0.34343,4.148,-4.148
-1.9192,0.38384,4.0479,-4.0479
-1.9192,0.42424,3.9388,-3.9388
-1.9192,0.46465,3.8216,-3.8216
-1.9192,0.50505,3.6971,-3.6971
-1.9192,0.54545,3.5665,-3.5665
-1.9192,0.58586,3.4309,-3.4309
-1.9192,0.62626,3.2918,-3.2918
-1.9192,0.66667,3.1511,-3.1511
-1.9192,0.70707,3.0106,-3.0106
-1.9192,0.74747,2.8729,-2.8729
-1.9192,0.78788,2.7407,-2.7407
-1.9192,0.82828,2.6174,-2.6174
-1.9192,0.86869,2.5067,-2.5067
-1.9192,0.90909,2.4126,-2.4126
-1.9192,0.94949,2.3395,-2.3395
-1.9192,0.9899,2.2914,-2.2914
-1.9192,1.0303,2.2718,-2.2718
-1.9192,1.0707,2.2831,-2.2831
-1.9192,1.1111,2.326,-2.326
-1.9192,1.1515,2.3998,-2.3998
-1.9192,1.1919,2.5025,-2.5025
-1.9192,1.2323,2.6309,-2.6309
-1.9192,1.2727,2.7816,-2.7816
-1.9192,1.3131,2.9509,-2.9509
-1.9192,1.3535,3.1354,-3.1354
-1.9192,1.3939,3.3318,-3.3318
-1.9192,1.4343,3.5374,-3.5374
-1.9192,1.4747,3.7497,-3.7497
-1.9192,1.5152,3.9666,-3.9666
-1.9192,1.5556,4.186,-4.186
-1.9192,1.596,4.4064,-4.4064
-1.9192,1.6364,4.6262,-4.6262
-1.9192,1.6768,4.8443,-4.8443
-1.9192,1.7172,5.0593,-5.0593
-1.9192,1.7576,5.2702,-5.2702
-1.9192,1.798,5.4761,-5.4761
-1.9192,1.8384,5.676,-5.676
-1.9192,1.8788,5.8691,-5.8691
-1.9192,1.9192,6.0548,-6.0548
-1.9192,1.9596,6.2322,-6.2322
-1.9192,2,6.4008,-6.4008
-1.8788,-2,6.5281,-6.5281
-1.8788,-1.9596,6.3574,-6.3574
-1.8788,-1.9192,6.1777,-6.1777
-1.8788,-1.8788,5.9896,-5.9896
-1.8788,-1.8384,5.7936,-5.7936
-1.8788,-1.798,5.5904,-5.5904
-1.8788,-1.7576,5.381,-5.381
-1.8788,-1.7172,5.166,-5.166
-1.8788,-1.6768,4.9463,-4.9463
-1.8788,-1.6364,4.7231,-4.7231
-1.8788,-1.596,4.4973,-4.4973
-1.8788,-1.5556,4.2701,-4.2701
-1.8788,-1.5152,4.0428,-4.0428
-1.8788,-1.4747,3.8171,-3.8171
-1.8788,-1.4343,3.5945,-3.5945
-1.8788,-1.3939,3.377,-3.377
-1.8788,-1.3535,3.1669,-3.1669
-1.8788,-1.3131,2.9667,-2.9667
-1.8788,-1.2727,2.7795,-2.7795
-1.8788,-1.2323,2.6086,-2.6086
-1.8788,-1.1919,2.4577,-2.4577
-1.8788,-1.1515,2.3308,-2.3308
-1.8788,-1.1111,2.2316,-2.2316
-1.8788,-1.0707,2.1633,-2.1633
-1.8788,-1.0303,2.1278,-2.1278
-1.8788,-0.9899,2.1253,-2.1253
-1.8788,-0.94949,2.1545,-2.1545
-1.8788,-0.90909,2.2121,-2.2121
-1.8788,-0.86869,2.2941,-2.2941
-1.8788,-0.82828,2.3957,-2.3957
-1.8788,-0.78788,2.5124,-2.5124
-1.8788,-0.74747,2.6398,-2.6398
-1.8788,-0.70707,2.7743,-2.7743
-1.8788,-0.66667,2.9126,-2.9126
-1.8788,-0.62626,3.0521,-3.0521
-1.8788,-0.58586,3.1904,-3.1904
-1.8788,-0.54545,3.3256,-3.3256
-1.8788,-0.50505,3.4562,-3.4562
-1.8788,-0.46465,3.5808,-3.5808
-1.8788,-0.42424,3.6983,-3.6983
-1.8788,-0.38384,3.8076,-3.8076
-1.8788,-0.34343,3.9081,-3.9081
-1.8788,-0.30303,3.999,-3.999
-1.8788,-0.26263,4.0797,-4.0797
-1.8788,-0.22222,4.1497,-4.1497
-1.8788,-0.18182,4.2086,-4.2086
-1.8788,-0.14141,4.2561,-4.2561
-1.8788,-0.10101,4.292,-4.292
-1.8788,-0.060606,4.316,-4.316
-1.8788,-0.020202,4.328,-4.328
-1.8788,0.020202,4.328,-4.328
-1.8788,0.060606,4.316,-4.316
-1.8788,0.10101,4.292,-4.292
-1.8788,0.14141,4.2561,-4.2561
-1.8788,0.18182,4.2086,-4.2086
-1.8788,0.22222,4.1497,-4.1497
-1.8788,0.26263,4.0797,-4.0797
-1.8788,0.30303,3.999,-3.999
-1.8788,0.34343,3.9081,-3.9081
-1.8788,0.38384,3.8076,-3.8076
-1.8788,0.42424,3.6983,-3.6983
-1.8788,0.46465,3.5808,-3.5808
-1.8788,0.50505,3.4562,-3.4562
-1.8788,0.54545,3.3256,-3.3256
-1.8788,0.58586,3.1904,-3.1904
-1.8788,0.62626,3.0521,-3.0521
-1.8788,0.66667,2.9126,-2.9126
-1.8788,0.70707,2.7743,-2.7743
-1.8788,0.74747,2.6398,-2.6398
-1.8788,0.78788,2.5124,-2.5124
-1.8788,0.82828,2.3957,-2.3957
-1.8788,0.86869,2.2941,-2.2941
-1.8788,0.90909,2.2121,-2.2121
-1.8788,0.94949,2.1545,-2.1545
-1.8788,0.9899,2.1253,-2.1253
-1.8788,1.0303,2.1278,-2.1278
-1.8788,1.0707,2.1633,-2.1633
-1.8788,1.1111,2.2316,-2.2316
-1.8788,1.1515,2.3308,-2.3308
-1.8788,1.1919,2.4577,-2.4577
-1.8788,1.2323,2.6086,-2.6086
-1.8788,1.2727,2.7795,-2.7795
-1.8788,1.3131,2.9667,-2.9667
-1.8788,1.3535,3.1669,-3.1669
-1.8788,1.3939,3.377,-3.377
-1.8788,1.4343,3.5945,-3.5945
-1.8788,1.4747,3.8171,-3.8171
-1.8788,1.5152,4.0428,-4.0428
-1.8788,1.5556,4.2701,-4.2701
-1.8788,1.596,4.4973,-4.4973
-1.8788,1.6364,4.7231,-4.7231
-1.8788,1.6768,4.9463,-4.9463
-1.8788,1.7172,5.166,-5.166
-1.8788,1.7576,5.381,-5.381
-1.8788,1.798,5.5904,-5.5904
-1.8788,1.8384,5.7936,-5.7936
-1.8788,1.8788,5.9896,-5.9896
-1.8788,1.9192,6.1777,-6.1777
-1.8788,1.9596,6.3574,-6.3574
-1.8788,2,6.5281,-6.5281
-1.8384,-2,6.644,-6.644
-1.8384,-1.9596,6.4715,-6.4715
-1.8384,-1.9192,6.2898,-6.2898
-1.8384,-1.8788,6.0993,-6.0993
-1.8384,-1.8384,5.9006,-5.9006
-1.8384,-1.798,5.6946,-5.6946
-1.8384,-1.7576,5.4818,-5.4818
-1.8384,-1.7172,5.2631,-5.2631
-1.8384,-1.6768,5.0393,-5.0393
-1.8384,-1.6364,4.8113,-4.8113
-1.8384,-1.596,4.58,-4.58
-1.8384,-1.5556,4.3467,-4.3467
-1.8384,-1.5152,4.1124,-4.1124
-1.8384,-1.4747,3.8785,-3.8785
-1.8384,-1.4343,3.6466,-3.6466
-1.8384,-1.3939,3.4184,-3.4184
-1.8384,-1.3535,3.1958,-3.1958
-1.8384,-1.3131,2.9812,-2.9812
-1.8384,-1.2727,2.7775,-2.7775
-1.8384,-1.2323,2.5876,-2.5876
-1.8384,-1.1919,2.4154,-2.4154
-1.8384,-1.1515,2.2648,-2.2648
-1.8384,-1.1111,2.1403,-2.1403
-1.8384,-1.0707,2.0458,-2.0458
-1.8384,-1.0303,1.9846,-1.9846
-1.8384,-0.9899,1.9586,-1.9586
-1.8384,-0.94949,1.9672,-1.9672
-1.8384,-0.90909,2.0082,-2.0082
-1.8384,-0.86869,2.0773,-2.0773
-1.8384,-0.82828,2.1696,-2.1696
-1.8384,-0.78788,2.2799,-2.2799
-1.8384,-0.74747,2.4032,-2.4032
-1.8384,-0.70707,2.5352,-2.5352
-1.8384,-0.66667,2.6723,-2.6723
-1.8384,-0.62626,2.8112,-2.8112
-1.8384,-0.58586,2.9496,-2.9496
-1.8384,-0.54545,3.0852,-3.0852
-1.8384,-0.50505,3.2164,-3.2164
-1.8384,-0.46465,3.3418,-3.3418
-1.8384,-0.42424,3.46,-3.46
-1.8384,-0.38384,3.5701,-3.5701
-1.8384,-0.34343,3.6713,-3.6713
-1.8384,-0.30303,3.7629,-3.7629
-1.8384,-0.26263,3.8442,-3.8442
-1.8384,-0.22222,3.9147,-3.9147
-1.8384,-0.18182,3.9741,-3.9741
-1.8384,-0.14141,4.022,-4.022
-1.8384,-0.10101,4.0582,-4.0582
-1.8384,-0.060606,4.0824,-4.0824
-1.8384,-0.020202,4.0945,-4.0945
-1.8384,0.020202,4.0945,-4.0945
-1.8384,0.060606,4.0824,-4.0824
-1.8384,0.10101,4.0582,-4.0582
-1.8384,0.14141,4.022,-4.022
-1.8384,0.18182,3.9741,-3.9741
-1.8384,0.22222,3.9147,-3.9147
-1.8384,0.26263,3.8442,-3.8442
-1.8384,0.30303,3.7629,-3.7629
-1.8384,0.34343,3.6713,-3.6713
-1.8384,0.38384,3.5701,-3.5701
-1.8384,0.42424,3.46,-3.46
-1.8384,0.46465,3.3418,-3.3418
-1.8384,0.50505,3.2164,-3.2164
-1.8384,0.54545,3.0852,-3.0852
-1.8384,0.58586,2.9496,-2.9496
-1.8384,0.62626,2.8112,-2.8112
-1.8384,0.66667,2.6723,-2.6723
-1.8384,0.70707,2.5352,-2.5352
-1.8384,0.74747,2.4032,-2.4032
-1.8384,0.78788,2.2799,-2.2799
-1.8384,0.82828,2.1696,-2.1696
-1.8384,0.86869,2.0773,-2.0773
-1.8384,0.90909,2.0082,-2.0082
-1.8384,0.94949,1.9672,-1.9672
-1.8384,0.9899,1.9586,-1.9586
-1.8384,1.0303,1.9846,-1.9846
-1.8384,1.0707,2.0458,-2.0458
-1.8384,1.1111,2.1403,-2.1403
-1.8384,1.1515,2.2648,-2.2648
-1.8384,1.1919,2.4154,-2.4154
-1.8384,1.2323,2.5876,-2.5876
-1.8384,1.2727,2.7775,-2.7775
-1.8384,1.3131,2.9812,-2.9812
-1.8384,1.3535,3.1958,-3.1958
-1.8384,1.3939,3.4184,-3.4184
-1.8384,1.4343,3.6466,-3.6466
-1.8384,1.4747,3.8785,-3.8785
-1.8384,1.5152,4.1124,-4.1124
-1.8384,1.5556,4.3467,-4.3467
-1.8384,1.596,4.58,-4.58
-1.8384,1.6364,4.8113,-4.8113
-1.8384,1.6768,5.0393,-5.0393
-1.8384,1.7172,5.2631,-5.2631
-1.8384,1.7576,5.4818,-5.4818
-1.8384,1.798,5.6946,-5.6946
-1.8384,1.8384,5.9006,-5.9006
-1.8384,1.8788,6.0993,-6.0993
-1.8384,1.9192,6.2898,-6.2898
-1.8384,1.9596,6.4715,-6.4715
-1.8384,2,6.644,-6.644
-1.798,-2,6.7484,-6.7484
-1.798,-1.9596,6.5743,-6.5743
-1.798,-1.9192,6.3906,-6.3906
-1.798,-1.8788,6.198,-6.198
-1.798,-1.8384,5.997,-5.997
-1.798,-1.798,5.7883,-5.7883
-1.798,-1.7576,5.5726,-5.5726
-1.798,-1.7172,5.3505,-5.3505
-1.798,-1.6768,5.1229,-5.1229
-1.798,-1.6364,4.8906,-4.8906
-1.798,-1.596,4.6545,-4.6545
-1.798,-1.5556,4.4157,-4.4157
-1.798,-1.5152,4.1751,-4.1751
-1.798,-1.4747,3.934,-3.934
-1.798,-1.4343,3.6937,-3.6937
-1.798,-1.3939,3.4558,-3.4558
-1.798,-1.3535,3.2221,-3.2221
-1.798,-1.3131,2.9945,-2.9945
-1.798,-1.2727,2.7756,-2.7756
-1.798,-1.2323,2.5683,-2.5683
-1.798,-1.1919,2.376,-2.376
-1.798,-1.1515,2.2027,-2.2027
-1.798,-1.1111,2.0531,-2.0531
-1.798,-1.0707,1.9319,-1.9319
-1.798,-1.0303,1.8439,-1.8439
-1.798,-0.9899,1.7923,-1.7923
-1.798,-0.94949,1.7785,-1.7785
-1.798,-0.90909,1.8013,-1.8013
-1.798,-0.86869,1.8567,-1.8567
-1.798,-0.82828,1.9396,-1.9396
-1.798,-0.78788,2.044,-2.044
-1.798,-0.74747,2.164,-2.164
-1.798,-0.70707,2.2946,-2.2946
-1.798,-0.66667,2.4314,-2.4314
-1.798,-0.62626,2.571,-2.571
-1.798,-0.58586,2.7104,-2.7104
-1.798,-0.54545,2.8474,-2.8474
-1.798,-0.50505,2.98,-2.98
-1.798,-0.46465,3.1068,-3.1068
-1.798,-0.42424,3.2264,-3.2264
-1.798,-0.38384,3.3379,-3.3379
-1.798,-0.34343,3.4403,-3.4403
-1.798,-0.30303,3.5329,-3.5329
-1.798,-0.26263,3.6152,-3.6152
-1.798,-0.22222,3.6865,-3.6865
-1.798,-0.18182,3.7466,-3.7466
-1.798,-0.14141,3.7951,-3.7951
-1.798,-0.10101,3.8316,-3.8316
-1.798,-0.060606,3.8561,-3.8561
-1.798,-0.020202,3.8683,-3.8683
-1.798,0.020202,3.8683,-3.8683
-1.798,0.060606,3.8561,-3.8561
-1.798,0.10101,3.8316,-3.8316
-1.798,0.14141,3.7951,-3.7951
-1.798,0.18182,3.7466,-3.7466
-1.798,0.22222,3.6865,-3.6865
-1.798,0.26263,3.6152,-3.6152
-1.798,0.30303,3.5329,-3.5329
-1.798,0.34343,3.4403,-3.4403
-1.798,0.38384,3.3379,-3.3379
-1.798,0.42424,3.2264,-3.2264
-1.798,0.46465,3.1068,-3.1068
-1.798,0.50505,2.98,-2.98
-1.798,0.54545,2.8474,-2.8474
-1.798,0.58586,2.7104,-2.7104
-1.798,0.62626,2.571,-2.571
-1.798,0.66667,2.4314,-2.4314
-1.798,0.70707,2.2946,-2.2946
-1.798,0.74747,2.164,-2.164
-1.798,0.78788,2.044,-2.044
-1.798,0.82828,1.9396,-1.9396
-1.798,0.86869,1.8567,-1.8567
-1.798,0.90909,1.8013,-1.8013
-1.798,0.94949,1.7785,-1.7785
-1.798,0.9899,1.7923,-1.7923
-1.798,1.0303,1.8439,-1.8439
-1.798,1.0707,1.9319,-1.9319
-1.798,1.1111,2.0531,-2.0531
-1.798,1.1515,2.2027,-2.2027
-1.798,1.1919,2.376,-2.376
-1.798,1.2323,2.5683,-2.5683
-1.798,1.2727,2.7756,-2.7756
-1.798,1.3131,2.9945,-2.9945
-1.798,1.3535,3.2221,-3.2221
-1.798,1.3939,3.4558,-3.4558
-1.798,1.4343,3.6937,-3.6937
-1.798,1.4747,3.934,-3.934
-1.798,1.5152,4.1751,-4.1751
-1.798,1.5556,4.4157,-4.4157
-1.798,1.596,4.6545,-4.6545
-1.798,1.6364,4.8906,-4.8906
-1.798,1.6768,5.1229,-5.1229
-1.798,1.7172,5.3505,-5.3505
-1.798,1.7576,5.5726,-5.5726
-1.798,1.798,5.7883,-5.7883
-1.798,1.8384,5.997,-5.997
-1.798,1.8788,6.198,-6.198
-1.798,1.9192,6.3906,-6.3906
-1.798,1.9596,6.5743,-6.5743
-1.798,2,6.7484,-6.7484
-1.7576,-2,6.8411,-6.8411
-1.7576,-1.9596,6.6654,-6.6654
-1.7576,-1.9192,6.4801,-6.4801
-1.7576,-1.8788,6.2856,-6.2856
-1.7576,-1.8384,6.0825,-6.0825
-1.7576,-1.798,5.8714,-5.8714
-1.7576,-1.7576,5.653,-5.653
-1.7576,-1.7172,5.428,-5.428
-1.7576,-1.6768,5.1971,-5.1971
-1.7576,-1.6364,4.961,-4.961
-1.7576,-1.596,4.7206,-4.7206
-1.7576,-1.5556,4.4769,-4.4769
-1.7576,-1.5152,4.2307,-4.2307
-1.7576,-1.4747,3.9832,-3.9832
-1.7576,-1.4343,3.7356,-3.7356
-1.7576,-1.3939,3.4892,-3.4892
-1.7576,-1.3535,3.2455,-3.2455
-1.7576,-1.3131,3.0064,-3.0064
-1.7576,-1.2727,2.774,-2.774
-1.7576,-1.2323,2.5508,-2.5508
-1.7576,-1.1919,2.3399,-2.3399
-1.7576,-1.1515,2.1452,-2.1452
-1.7576,-1.1111,1.9712,-1.9712
-1.7576,-1.0707,1.8234,-1.8234
-1.7576,-1.0303,1.7072,-1.7072
-1.7576,-0.9899,1.6281,-1.6281
-1.7576,-0.94949,1.5896,-1.5896
-1.7576,-0.90909,1.5921,-1.5921
-1.7576,-0.86869,1.6328,-1.6328
-1.7576,-0.82828,1.7062,-1.7062
-1.7576,-0.78788,1.8054,-1.8054
-1.7576,-0.74747,1.9233,-1.9233
-1.7576,-0.70707,2.0539,-2.0539
-1.7576,-0.66667,2.192,-2.192
-1.7576,-0.62626,2.3336,-2.3336
-1.7576,-0.58586,2.4753,-2.4753
-1.7576,-0.54545,2.6147,-2.6147
-1.7576,-0.50505,2.7498,-2.7498
-1.7576,-0.46465,2.8788,-2.8788
-1.7576,-0.42424,3.0005,-3.0005
-1.7576,-0.38384,3.1139,-3.1139
-1.7576,-0.34343,3.218,-3.218
-1.7576,-0.30303,3.3122,-3.3122
-1.7576,-0.26263,3.3957,-3.3957
-1.7576,-0.22222,3.4682,-3.4682
-1.7576,-0.18182,3.5292,-3.5292
-1.7576,-0.14141,3.5784,-3.5784
-1.7576,-0.10101,3.6154,-3.6154
-1.7576,-0.060606,3.6403,-3.6403
-1.7576,-0.020202,3.6527,-3.6527
-1.7576,0.020202,3.6527,-3.6527
-1.7576,0.060606,3.6403,-3.6403
-1.7576,0.10101,3.6154,-3.6154
-1.7576,0.14141,3.5784,-3.5784
-1.7576,0.18182,3.5292,-3.5292
-1.7576,0.22222,3.4682,-3.4682
-1.7576,0.26263,3.3957,-3.3957
-1.7576,0.30303,3.3122,-3.3122
-1.7576,0.34343,3.218,-3.218
-1.7576,0.38384,3.1139,-3.1139
-1.7576,0.42424,3.0005,-3.0005
-1.7576,0.46465,2.8788,-2.8788
-1.7576,0.50505,2.7498,-2.7498
-1.7576,0.54545,2.6147,-2.6147
-1.7576,0.58586,2.4753,-2.4753
-1.7576,0.62626,2.3336,-2.3336
-1.7576,0.66667,2.192,-2.192
-1.7576,0.70707,2.0539,-2.0539
-1.7576,0.74747,1.9233,-1.9233
-1.7576,0.78788,1.8054,-1.8054
-1.7576,0.82828,1.7062,-1.7062
-1.7576,0.86869,1.6328,-1.6328
-1.7576,0.90909,1.5921,-1.5921
-1.7576,0.94949,1.5896,-1.5896
-1.7576,0.9899,1.6281,-1.6281
-1.7576,1.0303,1.7072,-1.7072
-1.7576,1.0707,1.8234,-1.8234
-1.7576,1.1111,1.9712,-1.9712
-1.7576,1.1515,2.1452,-2.1452
-1.7576,1.1919,2.3399,-2.3399
-1.7576,1.2323,2.5508,-2.5508
-1.7576,1.2727,2.774,-2.774
-1.7576,1.3131,3.0064,-3.0064
-1.7576,1.3535,3.2455,-3.2455
-1.7576,1.3939,3.4892,-3.4892
-1.7576,1.4343,3.7356,-3.7356
-1.7576,1.4747,3.9832,-3.9832
-1.7576,1.5152,4.2307,-4.2307
-1.7576,1.5556,4.4769,-4.4769
-1.7576,1.596,4.7206,-4.7206
-1.7576,1.6364,4.961,-4.961
-1.7576,1.6768,5.1971,-5.1971
-1.7576,1.7172,5.428,-5.428
-1.7576,1.7576,5.653,-5.653
-1.7576,1.798,5.8714,-5.8714
-1.7576,1.8384,6.0825,-6.0825
-1.7576,1.8788,6.2856,-6.2856
-1.7576,1.9192,6.4801,-6.4801
-1.7576,1.9596,6.6654,-6.6654
-1.7576,2,6.8411,-6.8411
-1.7172,-2,6.9218,-6.9218
-1.7172,-1.9596,6.7448,-6.7448
-1.7172,-1.9192,6.558,-6.558
-1.7172,-1.8788,6.3619,-6.3619
-1.7172,-1.8384,6.1569,-6.1569
-1.7172,-1.798,5.9438,-5.9438
-1.7172,-1.7576,5.7231,-5.7231
-1.7172,-1.7172,5.4955,-5.4955
-1.7172,-1.6768,5.2616,-5.2616
-1.7172,-1.6364,5.0222,-5.0222
-1.7172,-1.596,4.7781,-4.7781
-1.7172,-1.5556,4.5302,-4.5302
-1.7172,-1.5152,4.2792,-4.2792
-1.7172,-1.4747,4.0262,-4.0262
-1.7172,-1.4343,3.7722,-3.7722
-1.7172,-1.3939,3.5184,-3.5184
-1.7172,-1.3535,3.2661,-3.2661
-1.7172,-1.3131,3.0169,-3.0169
-1.7172,-1.2727,2.7725,-2.7725
-1.7172,-1.2323,2.5352,-2.5352
-1.7172,-1.1919,2.3076,-2.3076
-1.7172,-1.1515,2.0932,-2.0932
-1.7172,-1.1111,1.8961,-1.8961
-1.7172,-1.0707,1.7219,-1.7219
-1.7172,-1.0303,1.5769,-1.5769
-1.7172,-0.9899,1.4682,-1.4682
-1.7172,-0.94949,1.4019,-1.4019
-1.7172,-0.90909,1.3816,-1.3816
-1.7172,-0.86869,1.4061,-1.4061
-1.7172,-0.82828,1.4699,-1.4699
-1.7172,-0.78788,1.565,-1.565
-1.7172,-0.74747,1.6827,-1.6827
-1.7172,-0.70707,1.8153,-1.8153
-1.7172,-0.66667,1.9567,-1.9567
-1.7172,-0.62626,2.102,-2.102
-1.7172,-0.58586,2.2476,-2.2476
-1.7172,-0.54545,2.3908,-2.3908
-1.7172,-0.50505,2.5293,-2.5293
-1.7172,-0.46465,2.6616,-2.6616
-1.7172,-0.42424,2.7862,-2.7862
-1.7172,-0.38384,2.9021,-2.9021
-1.7172,-0.34343,3.0084,-3.0084
-1.7172,-0.30303,3.1045,-3.1045
-1.7172,-0.26263,3.1897,-3.1897
-1.7172,-0.22222,3.2635,-3.2635
-1.7172,-0.18182,3.3257,-3.3257
-1.7172,-0.14141,3.3757,-3.3757
-1.7172,-0.10101,3.4134,-3.4134
-1.7172,-0.060606,3.4387,-3.4387
-1.7172,-0.020202,3.4514,-3.4514
-1.7172,0.020202,3.4514,-3.4514
-1.7172,0.060606,3.4387,-3.4387
-1.7172,0.10101,3.4134,-3.4134
-1.7172,0.14141,3.3757,-3.3757
-1.7172,0.18182,3.3257,-3.3257
-1.7172,0.22222,3.2635,-3.2635
-1.7172,0.26263,3.1897,-3.1897
-1.7172,0.30303,3.1045,-3.1045
-1.7172,0.34343,3.0084,-3.0084
-1.7172,0.38384,2.9021,-2.9021
-1.7172,0.42424,2.7862,-2.7862
-1.7172,0.46465,2.6616,-2.6616
-1.7172,0.50505,2.5293,-2.5293
-1.7172,0.54545,2.3908,-2.3908
-1.7172,0.58586,2.2476,-2.2476
-1.7172,0.62626,2.102,-2.102
-1.7172,0.66667,1.9567,-1.9567
-1.7172,0.70707,1.8153,-1.8153
-1.7172,0.74747,1.6827,-1.6827
-1.7172,0.78788,1.565,-1.565
-1.7172,0.82828,1.4699,-1.4699
-1.7172,0.86869,1.4061,-1.4061
-1.7172,0.90909,1.3816,-1.3816
-1.7172,0.94949,1.4019,-1.4019
-1.7172,0.9899,1.4682,-1.4682
-1.7172,1.0303,1.5769,-1.5769
-1.7172,1.0707,1.7219,-1.7219
-1.7172,1.1111,1.8961,-1.8961
-1.7172,1.1515,2.0932,-2.0932
-1.7172,1.1919,2.3076,-2.3076
-1.7172,1.2323,2.5352,-2.5352
-1.7172,1.2727,2.7725,-2.7725
-1.7172,1.3131,3.0169,-3.0169
-1.7172,1.3535,3.2661,-3.2661
-1.7172,1.3939,3.5184,-3.5184
-1.7172,1.4343,3.7722,-3.7722
-1.7172,1.4747,4.0262,-4.0262
-1.7172,1.5152,4.2792,-4.2792
-1.7172,1.5556,4.5302,-4.5302
-1.7172,1.596,4.7781,-4.7781
-1.7172,1.6364,5.0222,-5.0222
-1.7172,1.6768,5.2616,-5.2616
-1.7172,1.7172,5.4955,-5.4955
-1.7172,1.7576,5.7231,-5.7231
-1.7172,1.798,5.9438,-5.9438
-1.7172,1.8384,6.1569,-6.1569
-1.7172,1.8788,6.3619,-6.3619
-1.7172,1.9192,6.558,-6.558
-1.7172,1.9596,6.7448,-6.7448
-1.7172,2,6.9218,-6.9218
-1.6768,-2,6.9904,-6.9904
-1.6768,-1.9596,6.8123,-6.8123
-1.6768,-1.9192,6.6242,-6.6242
-1.6768,-1.8788,6.4266,-6.4266
-1.6768,-1.8384,6.2201,-6.2201
-1.6768,-1.798,6.0052,-6.0052
-1.6768,-1.7576,5.7826,-5.7826
-1.6768,-1.7172,5.5527,-5.5527
-1.6768,-1.6768,5.3164,-5.3164
-1.6768,-1.6364,5.0742,-5.0742
-1.6768,-1.596,4.827,-4.827
-1.6768,-1.5556,4.5754,-4.5754
-1.6768,-1.5152,4.3204,-4.3204
-1.6768,-1.4747,4.0627,-4.0627
-1.6768,-1.4343,3.8033,-3.8033
-1.6768,-1.3939,3.5432,-3.5432
-1.6768,-1.3535,3.2837,-3.2837
-1.6768,-1.3131,3.0258,-3.0258
-1.6768,-1.2727,2.7713,-2.7713
-1.6768,-1.2323,2.5218,-2.5218
-1.6768,-1.1919,2.2795,-2.2795
-1.6768,-1.1515,2.0474,-2.0474
-1.6768,-1.1111,1.8292,-1.8292
-1.6768,-1.0707,1.6297,-1.6297
-1.6768,-1.0303,1.4557,-1.4557
-1.6768,-0.9899,1.3154,-1.3154
-1.6768,-0.94949,1.2179,-1.2179
-1.6768,-0.90909,1.1709,-1.1709
-1.6768,-0.86869,1.1769,-1.1769
-1.6768,-0.82828,1.2312,-1.2312
-1.6768,-0.78788,1.3241,-1.3241
-1.6768,-0.74747,1.4443,-1.4443
-1.6768,-0.70707,1.5819,-1.5819
-1.6768,-0.66667,1.7291,-1.7291
-1.6768,-0.62626,1.8805,-1.8805
-1.6768,-0.58586,2.0318,-2.0318
-1.6768,-0.54545,2.1802,-2.1802
-1.6768,-0.50505,2.3234,-2.3234
-1.6768,-0.46465,2.4597,-2.4597
-1.6768,-0.42424,2.5879,-2.5879
-1.6768,-0.38384,2.7069,-2.7069
-1.6768,-0.34343,2.816,-2.816
-1.6768,-0.30303,2.9143,-2.9143
-1.6768,-0.26263,3.0015,-3.0015
-1.6768,-0.22222,3.0769,-3.0769
-1.6768,-0.18182,3.1403,-3.1403
-1.6768,-0.14141,3.1914,-3.1914
-1.6768,-0.10101,3.2299,-3.2299
-1.6768,-0.060606,3.2556,-3.2556
-1.6768,-0.020202,3.2685,-3.2685
-1.6768,0.020202,3.2685,-3.2685
-1.6768,0.060606,3.2556,-3.2556
-1.6768,0.10101,3.2299,-3.2299
-1.6768,0.14141,3.1914,-3.1914
-1.6768,0.18182,3.1403,-3.1403
-1.6768,0.22222,3.0769,-3.0769
-1.6768,0.26263,3.0015,-3.0015
-1.6768,0.30303,2.9143,-2.9143
-1.6768,0.34343,2.816,-2.816
-1.6768,0.38384,2.7069,-2.7069
-1.6768,0.42424,2.5879,-2.5879
-1.6768,0.46465,2.4597,-2.4597
-1.6768,0.50505,2.3234,-2.3234
-1.6768,0.54545,2.1802,-2.1802
-1.6768,0.58586,2.0318,-2.0318
-1.6768,0.62626,1.8805,-1.8805
-1.6768,0.66667,1.7291,-1.7291
-1.6768,0.70707,1.5819,-1.5819
-1.6768,0.74747,1.4443,-1.4443
-1.6768,0.78788,1.3241,-1.3241
-1.6768,0.82828,1.2312,-1.2312
-1.6768,0.86869,1.1769,-1.1769
-1.6768,0.90909,1.1709,-1.1709
-1.6768,0.94949,1.2179,-1.2179
-1.6768,0.9899,1.3154,-1.3154
-1.6768,1.0303,1.4557,-1.4557
-1.6768,1.0707,1.6297,-1.6297
-1.6768,1.1111,1.8292,-1.8292
-1.6768,1.1515,2.0474,-2.0474
-1.6768,1.1919,2.2795,-2.2795
-1.6768,1.2323,2.5218,-2.5218
-1.6768,1.2727,2.7713,-2.7713
-1.6768,1.3131,3.0258,-3.0258
-1.6768,1.3535,3.2837,-3.2837
-1.6768,1.3939,3.5432,-3.5432
-1.6768,1.4343,3.8033,-3.8033
-1.6768,1.4747,4.0627,-4.0627
-1.6768,1.5152,4.3204,-4.3204
-1.6768,1.5556,4.5754,-4.5754
-1.6768,1.596,4.827,-4.827
-1.6768,1.6364,5.0742,-5.0742
-1.6768,1.6768,5.3164,-5.3164
-1.6768,1.7172,5.5527,-5.5527
-1.6768,1.7576,5.7826,-5.7826
-1.6768,1.798,6.0052,-6.0052
-1.6768,1.8384,6.2201,-6.2201
-1.6768,1.8788,6.4266,-6.4266
-1.6768,1.9192,6.6242,-6.6242
-1.6768,1.9596,6.8123,-6.8123
-1.6768,2,6.9904,-6.9904
-1.6364,-2,7.0467,-7.0467
-1.6364,-1.9596,6.8676,-6.8676
-1.6364,-1.9192,6.6785,-6.6785
-1.6364,-1.8788,6.4798,-6.4798
-1.6364,-1.8384,6.272,-6.272
-1.6364,-1.798,6.0557,-6.0557
-1.6364,-1.7576,5.8314,-5.8314
-1.6364,-1.7172,5.5997,-5.5997
-1.6364,-1.6768,5.3614,-5.3614
-1.6364,-1.6364,5.1169,-5.1169
-1.6364,-1.596,4.8671,-4.8671
-1.6364,-1.5556,4.6126,-4.6126
-1.6364,-1.5152,4.3542,-4.3542
-1.6364,-1.4747,4.0927,-4.0927
-1.6364,-1.4343,3.8289,-3.8289
-1.6364,-1.3939,3.5637,-3.5637
-1.6364,-1.3535,3.2981,-3.2981
-1.6364,-1.3131,3.0332,-3.0332
-1.6364,-1.2727,2.7702,-2.7702
-1.6364,-1.2323,2.5106,-2.5106
-1.6364,-1.1919,2.256,-2.256
-1.6364,-1.1515,2.0088,-2.0088
-1.6364,-1.1111,1.7718,-1.7718
-1.6364,-1.0707,1.5492,-1.5492
-1.6364,-1.0303,1.3471,-1.3471
-1.6364,-0.9899,1.1738,-1.1738
-1.6364,-0.94949,1.0411,-1.0411
-1.6364,-0.90909,0.9621,-0.9621
-1.6364,-0.86869,0.94593,-0.94593
-1.6364,-0.82828,0.99093,-0.99093
-1.6364,-0.78788,1.0849,-1.0849
-1.6364,-0.74747,1.2119,-1.2119
-1.6364,-0.70707,1.3585,-1.3585
-1.6364,-0.66667,1.515,-1.515
-1.6364,-0.62626,1.675,-1.675
-1.6364,-0.58586,1.8339,-1.8339
-1.6364,-0.54545,1.9889,-1.9889
-1.6364,-0.50505,2.1378,-2.1378
-1.6364,-0.46465,2.279,-2.279
-1.6364,-0.42424,2.4114,-2.4114
-1.6364,-0.38384,2.5339,-2.5339
-1.6364,-0.34343,2.646,-2.646
-1.6364,-0.30303,2.7468,-2.7468
-1.6364,-0.26263,2.8361,-2.8361
-1.6364,-0.22222,2.9133,-2.9133
-1.6364,-0.18182,2.9781,-2.9781
-1.6364,-0.14141,3.0302,-3.0302
-1.6364,-0.10101,3.0695,-3.0695
-1.6364,-0.060606,3.0958,-3.0958
-1.6364,-0.020202,3.109,-3.109
-1.6364,0.020202,3.109,-3.109
-1.6364,0.060606,3.0958,-3.0958
-1.6364,0.10101,3.0695,-3.0695
-1.6364,0.14141,3.0302,-3.0302
-1.6364,0.18182,2.9781,-2.9781
-1.6364,0.22222,2.9133,-2.9133
-1.6364,0.26263,2.8361,-2.8361
-1.6364,0.30303,2.7468,-2.7468
-1.6364,0.34343,2.646,-2.646
-1.6364,0.38384,2.5339,-2.5339
-1.6364,0.42424,2.4114,-2.4114
-1.6364,0.46465,2.279,-2.279
-1.6364,0.50505,2.1378,-2.1378
-1.6364,0.54545,1.9889,-1.9889
-1.6364,0.58586,1.8339,-1.8339
-1.6364,0.62626,1.675,-1.675
-1.6364,0.66667,1.515,-1.515
-1.6364,0.70707,1.3585,-1.3585
-1.6364,0.74747,1.2119,-1.2119
-1.6364,0.78788,1.0849,-1.0849
-1.6364,0.82828,0.99093,-0.99093
-1.6364,0.86869,0.94593,-0.94593
-1.6364,0.90909,0.9621,-0.9621
-1.6364,0.94949,1.0411,-1.0411
-1.6364,0.9899,1.1738,-1.1738
-1.6364,1.0303,1.3471,-1.3471
-1.6364,1.0707,1.5492,-1.5492
-1.6364,1.1111,1.7718,-1.7718
-1.6364,1.1515,2.0088,-2.0088
-1.6364,1.1919,2.256,-2.256
-1.6364,1.2323,2.5106,-2.5106
-1.6364,1.2727,2.7702,-2.7702
-1.6364,1.3131,3.0332,-3.0332
-1.6364,1.3535,3.2981,-3.2981
-1.6364,1.3939,3.5637,-3.5637
-1.6364,1.4343,3.8289,-3.8289
-1.6364,1.4747,4.0927,-4.0927
-1.6364,1.5152,4.3542,-4.3542
-1.6364,1.5556,4.6126,-4.6126
-1.6364,1.596,4.8671,-4.8671
-1.6364,1.6364,5.1169,-5.1169
-1.6364,1.6768,5.3614,-5.3614
-1.6364,1.7172,5.5997,-5.5997
-1.6364,1.7576,5.8314,-5.8314
-1.6364,1.798,6.0557,-6.0557
-1.6364,1.8384,6.272,-6.272
-1.6364,1.8788,6.4798,-6.4798
-1.6364,1.9192,6.6785,-6.6785
-1.6364,1.9596,6.8676,-6.8676
-1.6364,2,7.0467,-7.0467
-1.596,-2,7.0906,-7.0906
-1.596,-1.9596,6.9108,-6.9108
-1.596,-1.9192,6.7209,-6.7209
-1.596,-1.8788,6.5212,-6.5212
-1.596,-1.8384,6.3124,-6.3124
-1.596,-1.798,6.095,-6.095
-1.596,-1.7576,5.8694,-5.8694
-1.596,-1.7172,5.6364,-5.6364
-1.596,-1.6768,5.3964,-5.3964
-1.596,-1.6364,5.1502,-5.1502
-1.596,-1.596,4.8984,-4.8984
-1.596,-1.5556,4.6416,-4.6416
-1.596,-1.5152,4.3806,-4.3806
-1.596,-1.4747,4.1161,-4.1161
-1.596,-1.4343,3.8489,-3.8489
-1.596,-1.3939,3.5797,-3.5797
-1.596,-1.3535,3.3095,-3.3095
-1.596,-1.3131,3.039,-3.039
-1.596,-1.2727,2.7694,-2.7694
-1.596,-1.2323,2.5017,-2.5017
-1.596,-1.1919,2.2373,-2.2373
-1.596,-1.1515,1.9778,-1.9778
-1.596,-1.1111,1.7254,-1.7254
-1.596,-1.0707,1.483,-1.483
-1.596,-1.0303,1.2552,-1.2552
-1.596,-0.9899,1.0493,-1.0493
-1.596,-0.94949,0.87762,-0.87762
-1.596,-0.90909,0.75885,-0.75885
-1.596,-0.86869,0.71395,-0.71395
-1.596,-0.82828,0.75005,-0.75005
-1.596,-0.78788,0.85103,-0.85103
-1.596,-0.74747,0.99189,-0.99189
-1.596,-0.70707,1.1531,-1.1531
-1.596,-0.66667,1.3228,-1.3228
-1.596,-0.62626,1.4939,-1.4939
-1.596,-0.58586,1.6621,-1.6621
-1.596,-0.54545,1.8247,-1.8247
-1.596,-0.50505,1.9799,-1.9799
-1.596,-0.46465,2.1264,-2.1264
-1.596,-0.42424,2.2631,-2.2631
-1.596,-0.38384,2.3893,-2.3893
-1.596,-0.34343,2.5044,-2.5044
-1.596,-0.30303,2.6078,-2.6078
-1.596,-0.26263,2.6991,-2.6991
-1.596,-0.22222,2.778,-2.778
-1.596,-0.18182,2.8442,-2.8442
-1.596,-0.14141,2.8974,-2.8974
-1.596,-0.10101,2.9374,-2.9374
-1.596,-0.060606,2.9642,-2.9642
-1.596,-0.020202,2.9776,-2.9776
-1.596,0.020202,2.9776,-2.9776
-1.596,0.060606,2.9642,-2.9642
-1.596,0.10101,2.9374,-2.9374
-1.596,0.14141,2.8974,-2.8974
-1.596,0.18182,2.8442,-2.8442
-1.596,0.22222,2.778,-2.778
-1.596,0.26263,2.6991,-2.6991
-1.596,0.30303,2.6078,-2.6078
-1.596,0.34343,2.5044,-2.5044
-1.596,0.38384,2.3893,-2.3893
-1.596,0.42424,2.2631,-2.2631
-1.596,0.46465,2.1264,-2.1264
-1.596,0.50505,1.9799,-1.9799
-1.596,0.54545,1.8247,-1.8247
-1.596,0.58586,1.6621,-1.6621
-1.596,0.62626,1.4939,-1.4939
-1.596,0.66667,1.3228,-1.3228
-1.596,0.70707,1.1531,-1.1531
-1.596,0.74747,0.99189,-0.99189
-1.596,0.78788,0.85103,-0.85103
-1.596,0.82828,0.75005,-0.75005
-1.596,0.86869,0.71395,-0.71395
-1.596,0.90909,0.75885,-0.75885
-1.596,0.94949,0.87762,-0.87762
-1.596,0.9899,1.0493,-1.0493
-1.596,1.0303,1.2552,-1.2552
-1.596,1.0707,1.483,-1.483
-1.596,1.1111,1.7254,-1.7254
-1.596,1.1515,1.9778,-1.9778
-1.596,1.1919,2.2373,-2.2373
-1.596,1.2323,2.5017,-2.5017
-1.596,1.2727,2.7694,-2.7694
-1.596,1.3131,3.039,-3.039
-1.596,1.3535,3.3095,-3.3095
-1.596,1.3939,3.5797,-3.5797
-1.596,1.4343,3.8489,-3.8489
-1.596,1.4747,4.1161,-4.1161
-1.596,1.5152,4.3806,-4.3806
-1.596,1.5556,4.6416,-4.6416
-1.596,1.596,4.8984,-4.8984
-1.596,1.6364,5.1502,-5.1502
-1.596,1.6768,5.3964,-5.3964
-1.596,1.7172,5.6364,-5.6364
-1.596,1.7576,5.8694,-5.8694
-1.596,1.798,6.095,-6.095
-1.596,1.8384,6.3124,-6.3124
-1.596,1.8788,6.5212,-6.5212
-1.596,1.9192,6.7209,-6.7209
-1.596,1.9596,6.9108,-6.9108
-1.596,2,7.0906,-7.0906
-1.5556,-2,7.122,-7.122
-1.5556,-1.9596,6.9417,-6.9417
-1.5556,-1.9192,6.7512,-6.7512
-1.5556,-1.8788,6.5509,-6.5509
-1.5556,-1.8384,6.3414,-6.3414
-1.5556,-1.798,6.1231,-6.1231
-1.5556,-1.7576,5.8966,-5.8966
-1.5556,-1.7172,5.6626,-5.6626
-1.5556,-1.6768,5.4215,-5.4215
-1.5556,-1.6364,5.174,-5.174
-1.5556,-1.596,4.9207,-4.9207
-1.5556,-1.5556,4.6623,-4.6623
-1.5556,-1.5152,4.3995,-4.3995
-1.5556,-1.4747,4.1329,-4.1329
-1.5556,-1.4343,3.8632,-3.8632
-1.5556,-1.3939,3.5912,-3.5912
-1.5556,-1.3535,3.3176,-3.3176
-1.5556,-1.3131,3.0432,-3.0432
-1.5556,-1.2727,2.7688,-2.7688
-1.5556,-1.2323,2.4954,-2.4954
-1.5556,-1.1919,2.2238,-2.2238
-1.5556,-1.1515,1.9553,-1.9553
-1.5556,-1.1111,1.6912,-1.6912
-1.5556,-1.0707,1.4334,-1.4334
-1.5556,-1.0303,1.1847,-1.1847
-1.5556,-0.9899,0.94974,-0.94974
-1.5556,-0.94949,0.73799,-0.73799
-1.5556,-0.90909,0.56945,-0.56945
-1.5556,-0.86869,0.48247,-0.48247
-1.5556,-0.82828,0.51082,-0.51082
-1.5556,-0.78788,0.63141,-0.63141
-1.5556,-0.74747,0.79694,-0.79694
-1.5556,-0.70707,0.97915,-0.97915
-1.5556,-0.66667,1.1651,-1.1651
-1.5556,-0.62626,1.3487,-1.3487
-1.5556,-0.58586,1.5265,-1.5265
-1.5556,-0.54545,1.6968,-1.6968
-1.5556,-0.50505,1.858,-1.858
-1.5556,-0.46465,2.0094,-2.0094
-1.5556,-0.42424,2.1501,-2.1501
-1.5556,-0.38384,2.2796,-2.2796
-1.5556,-0.34343,2.3974,-2.3974
-1.5556,-0.30303,2.503,-2.503
-1.5556,-0.26263,2.5961,-2.5961
-1.5556,-0.22222,2.6765,-2.6765
-1.5556,-0.18182,2.7438,-2.7438
-1.5556,-0.14141,2.7979,-2.7979
-1.5556,-0.10101,2.8387,-2.8387
-1.5556,-0.060606,2.8659,-2.8659
-1.5556,-0.020202,2.8795,-2.8795
-1.5556,0.020202,2.8795,-2.8795
-1.5556,0.060606,2.8659,-2.8659
-1.5556,0.10101,2.8387,-2.8387
-1.5556,0.14141,2.7979,-2.7979
-1.5556,0.18182,2.7438,-2.7438
-1.5556,0.22222,2.6765,-2.6765
-1.5556,0.26263,2.5961,-2.5961
-1.5556,0.30303,2.503,-2.503
-1.5556,0.34343,2.3974,-2.3974
-1.5556,0.38384,2.2796,-2.2796
-1.5556,0.42424,2.1501,-2.1501
-1.5556,0.46465,2.0094,-2.0094
-1.5556,0.50505,1.858,-1.858
-1.5556,0.54545,1.6968,-1.6968
-1.5556,0.58586,1.5265,-1.5265
-1.5556,0.62626,1.3487,-1.3487
-1.5556,0.66667,1.1651,-1.1651
-1.5556,0.70707,0.97915,-0.97915
-1.5556,0.74747,0.79694,-0.79694
-1.5556,0.78788,0.63141,-0.63141
-1.5556,0.82828,0.51082,-0.51082
-1.5556,0.86869,0.48247,-0.48247
-1.5556,0.90909,0.56945,-0.56945
-1.5556,0.94949,0.73799,-0.73799
-1.5556,0.9899,0.94974,-0.94974
-1.5556,1.0303,1.1847,-1.1847
-1.5556,1.0707,1.4334,-1.4334
-1.5556,1.1111,1.6912,-1.6912
-1.5556,1.1515,1.9553,-1.9553
-1.5556,1.1919,2.2238,-2.2238
-1.5556,1.2323,2.4954,-2.4954
-1.5556,1.2727,2.7688,-2.7688
-1.5556,1.3131,3.0432,-3.0432
-1.5556,1.3535,3.3176,-3.3176
-1.5556,1.3939,3.5912,-3.5912
-1.5556,1.4343,3.8632,-3.8632
-1.5556,1.4747,4.1329,-4.1329
-1.5556,1.5152,4.3995,-4.3995
-1.5556,1.5556,4.6623,-4.6623
-1.5556,1.596,4.9207,-4.9207
-1.5556,1.6364,5.174,-5.174
-1.5556,1.6768,5.4215,-5.4215
-1.5556,1.7172,5.6626,-5.6626
-1.5556,1.7576,5.8966,-5.8966
-1.5556,1.798,6.1231,-6.1231
-1.5556,1.8384,6.3414,-6.3414
-1.5556,1.8788,6.5509,-6.5509
-1.5556,1.9192,6.7512,-6.7512
-1.5556,1.9596,6.9417,-6.9417
-1.5556,2,7.122,-7.122
-1.5152,-2,7.1408,-7.1408
-1.5152,-1.9596,6.9602,-6.9602
-1.5152,-1.9192,6.7694,-6.7694
-1.5152,-1.8788,6.5687,-6.5687
-1.5152,-1.8384,6.3587,-6.3587
-1.5152,-1.798,6.14,-6.14
-1.5152,-1.7576,5.913,-5.913
-1.5152,-1.7172,5.6783,-5.6783
-1.5152,-1.6768,5.4365,-5.4365
-1.5152,-1.6364,5.1883,-5.1883
-1.5152,-1.596,4.9342,-4.9342
-1.5152,-1.5556,4.6748,-4.6748
-1.5152,-1.5152,4.4108,-4.4108
-1.5152,-1.4747,4.1429,-4.1429
-1.5152,-1.4343,3.8718,-3.8718
-1.5152,-1.3939,3.5981,-3.5981
-1.5152,-1.3535,3.3225,-3.3225
-1.5152,-1.3131,3.0457,-3.0457
-1.5152,-1.2727,2.7685,-2.7685
-1.5152,-1.2323,2.4915,-2.4915
-1.5152,-1.1919,2.2157,-2.2157
-1.5152,-1.1515,1.9416,-1.9416
-1.5152,-1.1111,1.6703,-1.6703
-1.5152,-1.0707,1.4027,-1.4027
-1.5152,-1.0303,1.1401,-1.1401
-1.5152,-0.9899,0.88438,-0.88438
-1.5152,-0.94949,0.63935,-0.63935
-1.5152,-0.90909,0.41565,-0.41565
-1.5152,-0.86869,0.25686,-0.25686
-1.5152,-0.82828,0.28156,-0.28156
-1.5152,-0.78788,0.45011,-0.45011
-1.5152,-0.74747,0.652,-0.652
-1.5152,-0.70707,0.85749,-0.85749
-1.5152,-0.66667,1.0588,-1.0588
-1.5152,-0.62626,1.2531,-1.2531
-1.5152,-0.58586,1.4388,-1.4388
-1.5152,-0.54545,1.6148,-1.6148
-1.5152,-0.50505,1.7806,-1.7806
-1.5152,-0.46465,1.9356,-1.9356
-1.5152,-0.42424,2.0791,-2.0791
-1.5152,-0.38384,2.2109,-2.2109
-1.5152,-0.34343,2.3306,-2.3306
-1.5152,-0.30303,2.4377,-2.4377
-1.5152,-0.26263,2.5321,-2.5321
-1.5152,-0.22222,2.6135,-2.6135
-1.5152,-0.18182,2.6816,-2.6816
-1.5152,-0.14141,2.7363,-2.7363
-1.5152,-0.10101,2.7775,-2.7775
-1.5152,-0.060606,2.805,-2.805
-1.5152,-0.020202,2.8187,-2.8187
-1.5152,0.020202,2.8187,-2.8187
-1.5152,0.060606,2.805,-2.805
-1.5152,0.10101,2.7775,-2.7775
-1.5152,0.14141,2.7363,-2.7363
-1.5152,0.18182,2.6816,-2.6816
-1.5152,0.22222,2.6135,-2.6135
-1.5152,0.26263,2.5321,-2.5321
-1.5152,0.30303,2.4377,-2.4377
-1.5152,0.34343,2.3306,-2.3306
-1.5152,0.38384,2.2109,-2.2109
-1.5152,0.42424,2.0791,-2.0791
-1.5152,0.46465,1.9356,-1.9356
-1.5152,0.50505,1.7806,-1.7806
-1.5152,0.54545,1.6148,-1.6148
-1.5152,0.58586,1.4388,-1.4388
-1.5152,0.62626,1.2531,-1.2531
-1.5152,0.66667,1.0588,-1.0588
-1.5152,0.70707,0.85749,-0.85749
-1.5152,0.74747,0.652,-0.652
-1.5152,0.78788,0.45011,-0.45011
-1.5152,0.82828,0.28156,-0.28156
-1.5152,0.86869,0.25686,-0.25686
-1.5152,0.90909,0.41565,-0.41565
-1.5152,0.94949,0.63935,-0.63935
-1.5152,0.9899,0.88438,-0.88438
-1.5152,1.0303,1.1401,-1.1401
-1.5152,1.0707,1.4027,-1.4027
-1.5152,1.1111,1.6703,-1.6703
-1.5152,1.1515,1.9416,-1.9416
-1.5152,1.1919,2.2157,-2.2157
-1.5152,1.2323,2.4915,-2.4915
-1.5152,1.2727,2.7685,-2.7685
-1.5152,1.3131,3.0457,-3.0457
-1.5152,1.3535,3.3225,-3.3225
-1.5152,1.3939,3.5981,-3.5981
-1.5152,1.4343,3.8718,-3.8718
-1.5152,1.4747,4.1429,-4.1429
-1.5152,1.5152,4.4108,-4.4108
-1.5152,1.5556,4.6748,-4.6748
-1.5152,1.596,4.9342,-4.9342
-1.5152,1.6364,5.1883,-5.1883
-1.5152,1.6768,5.4365,-5.4365
-1.5152,1.7172,5.6783,-5.6783
-1.5152,1.7576,5.913,-5.913
-1.5152,1.798,6.14,-6.14
-1.5152,1.8384,6.3587,-6.3587
-1.5152,1.8788,6.5687,-6.5687
-1.5152,1.9192,6.7694,-6.7694
-1.5152,1.9596,6.9602,-6.9602
-1.5152,2,7.1408,-7.1408
-1.4747,-2,7.1471,-7.1471
-1.4747,-1.9596,6.9664,-6.9664
-1.4747,-1.9192,6.7754,-6.7754
-1.4747,-1.8788,6.5746,-6.5746
-1.4747,-1.8384,6.3645,-6.3645
-1.4747,-1.798,6.1456,-6.1456
-1.4747,-1.7576,5.9184,-5.9184
-1.4747,-1.7172,5.6835,-5.6835
-1.4747,-1.6768,5.4415,-5.4415
-1.4747,-1.6364,5.193,-5.193
-1.4747,-1.596,4.9386,-4.9386
-1.4747,-1.5556,4.6789,-4.6789
-1.4747,-1.5152,4.4146,-4.4146
-1.4747,-1.4747,4.1463,-4.1463
-1.4747,-1.4343,3.8746,-3.8746
-1.4747,-1.3939,3.6003,-3.6003
-1.4747,-1.3535,3.3241,-3.3241
-1.4747,-1.3131,3.0465,-3.0465
-1.4747,-1.2727,2.7683,-2.7683
-1.4747,-1.2323,2.4903,-2.4903
-1.4747,-1.1919,2.2129,-2.2129
-1.4747,-1.1515,1.9371,-1.9371
-1.4747,-1.1111,1.6633,-1.6633
-1.4747,-1.0707,1.3924,-1.3924
-1.4747,-1.0303,1.1249,-1.1249
-1.4747,-0.9899,0.86157,-0.86157
-1.4747,-0.94949,0.60303,-0.60303
-1.4747,-0.90909,0.3499,-0.3499
-1.4747,-0.86869,0.10283,-0.10283
-1.4747,-0.82828,0.1376,-0.1376
-1.4747,-0.78788,0.37076,-0.37076
-1.4747,-0.74747,0.59611,-0.59611
-1.4747,-0.70707,0.81306,-0.81306
-1.4747,-0.66667,1.0211,-1.0211
-1.4747,-0.62626,1.2197,-1.2197
-1.4747,-0.58586,1.4084,-1.4084
-1.4747,-0.54545,1.5867,-1.5867
-1.4747,-0.50505,1.7542,-1.7542
-1.4747,-0.46465,1.9104,-1.9104
-1.4747,-0.42424,2.055,-2.055
-1.4747,-0.38384,2.1876,-2.1876
-1.4747,-0.34343,2.3079,-2.3079
-1.4747,-0.30303,2.4156,-2.4156
-1.4747,-0.26263,2.5105,-2.5105
-1.4747,-0.22222,2.5922,-2.5922
-1.4747,-0.18182,2.6606,-2.6606
-1.4747,-0.14141,2.7155,-2.7155
-1.4747,-0.10101,2.7569,-2.7569
-1.4747,-0.060606,2.7845,-2.7845
-1.4747,-0.020202,2.7983,-2.7983
-1.4747,0.020202,2.7983,-2.7983
-1.4747,0.060606,2.7845,-2.7845
-1.4747,0.10101,2.7569,-2.7569
-1.4747,0.14141,2.7155,-2.7155
-1.4747,0.18182,2.6606,-2.6606
-1.4747,0.22222,2.5922,-2.5922
-1.4747,0.26263,2.5105,-2.5105
-1.4747,0.30303,2.4156,-2.4156
-1.4747,0.34343,2.3079,-2.3079
-1.4747,0.38384,2.1876,-2.1876
-1.4747,0.42424,2.055,-2.055
-1.4747,0.46465,1.9104,-1.9104
-1.4747,0.50505,1.7542,-1.7542
-1.4747,0.54545,1.5867,-1.5867
-1.4747,0.58586,1.4084,-1.4084
-1.4747,0.62626,1.2197,-1.2197
-1.4747,0.66667,1.0211,-1.0211
-1.4747,0.70707,0.81306,-0.81306
-1.4747,0.74747,0.59611,-0.59611
-1.4747,0.78788,0.37076,-0.37076
-1.4747,0.82828,0.1376,-0.1376
-1.4747,0.86869,0.10283,-0.10283
-1.4747,0.90909,0.3499,-0.3499
-1.4747,0.94949,0.60303,-0.60303
-1.4747,0.9899,0.86157,-0.86157
-1.4747,1.0303,1.1249,-1.1249
-1.4747,1.0707,1.3924,-1.3924
-1.4747,1.1111,1.6633,-1.6633
-1.4747,1.1515,1.9371,-1.9371
-1.4747,1.1919,2.2129,-2.2129
-1.4747,1.2323,2.4903,-2.4903
-1.4747,1.2727,2.7683,-2.7683
-1.4747,1.3131,3.0465,-3.0465
-1.4747,1.3535,3.3241,-3.3241
-1.4747,1.3939,3.6003,-3.6003
-1.4747,1.4343,3.8746,-3.8746
-1.4747,1.4747,4.1463,-4.1463
-1.4747,1.5152,4.4146,-4.4146
-1.4747,1.5556,4.6789,-4.6789
-1.4747,1.596,4.9386,-4.9386
-1.4747,1.6364,5.193,-5.193
-1.4747,1.6768,5.4415,-5.4415
-1.4747,1.7172,5.6835,-5.6835
-1.4747,1.7576,5.9184,-5.9184
-1.4747,1.798,6.1456,-6.1456
-1.4747,1.8384,6.3645,-6.3645
-1.4747,1.8788,6.5746,-6.5746
-1.4747,1.9192,6.7754,-6.7754
-1.4747,1.9596,6.9664,-6.9664
-1.4747,2,7.1471,-7.1471
-1.4343,-2,7.1407,-7.1407
-1.4343,-1.9596,6.9601,-6.9601
-1.4343,-1.9192,6.7692,-6.7692
-1.4343,-1.8788,6.5686,-6.5686
-1.4343,-1.8384,6.3586,-6.3586
-1.4343,-1.798,6.1399,-6.1399
-1.4343,-1.7576,5.9129,-5.9129
-1.4343,-1.7172,5.6782,-5.6782
-1.4343,-1.6768,5.4364,-5.4364
-1.4343,-1.6364,5.1882,-5.1882
-1.4343,-1.596,4.9341,-4.9341
-1.4343,-1.5556,4.6747,-4.6747
-1.4343,-1.5152,4.4108,-4.4108
-1.4343,-1.4747,4.1429,-4.1429
-1.4343,-1.4343,3.8717,-3.8717
-1.4343,-1.3939,3.598,-3.598
-1.4343,-1.3535,3.3224,-3.3224
-1.4343,-1.3131,3.0457,-3.0457
-1.4343,-1.2727,2.7685,-2.7685
-1.4343,-1.2323,2.4916,-2.4916
-1.4343,-1.1919,2.2157,-2.2157
-1.4343,-1.1515,1.9417,-1.9417
-1.4343,-1.1111,1.6704,-1.6704
-1.4343,-1.0707,1.4029,-1.4029
-1.4343,-1.0303,1.1404,-1.1404
-1.4343,-0.9899,0.88478,-0.88478
-1.4343,-0.94949,0.63998,-0.63998
-1.4343,-0.90909,0.41672,-0.41672
-1.4343,-0.86869,0.25878,-0.25878
-1.4343,-0.82828,0.28347,-0.28347
-1.4343,-0.78788,0.4514,-0.4514
-1.4343,-0.74747,0.65295,-0.65295
-1.4343,-0.70707,0.85826,-0.85826
-1.4343,-0.66667,1.0595,-1.0595
-1.4343,-0.62626,1.2537,-1.2537
-1.4343,-0.58586,1.4393,-1.4393
-1.4343,-0.54545,1.6153,-1.6153
-1.4343,-0.50505,1.7811,-1.7811
-1.4343,-0.46465,1.936,-1.936
-1.4343,-0.42424,2.0796,-2.0796
-1.4343,-0.38384,2.2113,-2.2113
-1.4343,-0.34343,2.331,-2.331
-1.4343,-0.30303,2.4381,-2.4381
-1.4343,-0.26263,2.5325,-2.5325
-1.4343,-0.22222,2.6138,-2.6138
-1.4343,-0.18182,2.682,-2.682
-1.4343,-0.14141,2.7367,-2.7367
-1.4343,-0.10101,2.7778,-2.7778
-1.4343,-0.060606,2.8053,-2.8053
-1.4343,-0.020202,2.8191,-2.8191
-1.4343,0.020202,2.8191,-2.8191
-1.4343,0.060606,2.8053,-2.8053
-1.4343,0.10101,2.7778,-2.7778
-1.4343,0.14141,2.7367,-2.7367
-1.4343,0.18182,2.682,-2.682
-1.4343,0.22222,2.6138,-2.6138
-1.4343,0.26263,2.5325,-2.5325
-1.4343,0.30303,2.4381,-2.4381
-1.4343,0.34343,2.331,-2.331
-1.4343,0.38384,2.2113,-2.2113
-1.4343,0.42424,2.0796,-2.0796
-1.4343,0.46465,1.936,-1.936
-1.4343,0.50505,1.7811,-1.7811
-1.4343,0.54545,1.6153,-1.6153
-1.4343,0.58586,1.4393,-1.4393
-1.4343,0.62626,1.2537,-1.2537
-1.4343,0.66667,1.0595,-1.0595
-1.4343,0.70707,0.85826,-0.85826
-1.4343,0.74747,0.65295,-0.65295
-1.4343,0.78788,0.4514,-0.4514
-1.4343,0.82828,0.28347,-0.28347
-1.4343,0.86869,0.25878,-0.25878
-1.4343,0.90909,0.41672,-0.41672
-1.4343,0.94949,0.63998,-0.63998
-1.4343,0.9899,0.88478,-0.88478
-1.4343,1.0303,1.1404,-1.1404
-1.4343,1.0707,1.4029,-1.4029
-1.4343,1.1111,1.6704,-1.6704
-1.4343,1.1515,1.9417,-1.9417
-1.4343,1.1919,2.2157,-2.2157
-1.4343,1.2323,2.4916,-2.4916
-1.4343,1.2727,2.7685,-2.7685
-1.4343,1.3131,3.0457,-3.0457
-1.4343,1.3535,3.3224,-3.3224
-1.4343,1.3939,3.598,-3.598
-1.4343,1.4343,3.8717,-3.8717
-1.4343,1.4747,4.1429,-4.1429
-1.4343,1.5152,4.4108,-4.4108
-1.4343,1.5556,4.6747,-4.6747
-1.4343,1.596,4.9341,-4.9341
-1.4343,1.6364,5.1882,-5.1882
-1.4343,1.6768,5.4364,-5.4364
-1.4343,1.7172,5.6782,-5.6782
-1.4343,1.7576,5.9129,-5.9129
-1.4343,1.798,6.1399,-6.1399
-1.4343,1.8384,6.3586,-6.3586
-1.4343,1.8788,6.5686,-6.5686
-1.4343,1.9192,6.7692,-6.7692
-1.4343,1.9596,6.9601,-6.9601
-1.4343,2,7.1407,-7.1407
-1.3939,-2,7.1218,-7.1218
-1.3939,-1.9596,6.9415,-6.9415
-1.3939,-1.9192,6.751,-6.751
-1.3939,-1.8788,6.5507,-6.5507
-1.3939,-1.8384,6.3412,-6.3412
-1.3939,-1.798,6.1229,-6.1229
-1.3939,-1.7576,5.8964,-5.8964
-1.3939,-1.7172,5.6624,-5.6624
-1.3939,-1.6768,5.4213,-5.4213
-1.3939,-1.6364,5.1738,-5.1738
-1.3939,-1.596,4.9206,-4.9206
-1.3939,-1.5556,4.6622,-4.6622
-1.3939,-1.5152,4.3994,-4.3994
-1.3939,-1.4747,4.1328,-4.1328
-1.3939,-1.4343,3.8631,-3.8631
-1.3939,-1.3939,3.5911,-3.5911
-1.3939,-1.3535,3.3175,-3.3175
-1.3939,-1.3131,3.0432,-3.0432
-1.3939,-1.2727,2.7688,-2.7688
-1.3939,-1.2323,2.4954,-2.4954
-1.3939,-1.1919,2.2239,-2.2239
-1.3939,-1.1515,1.9555,-1.9555
-1.3939,-1.1111,1.6915,-1.6915
-1.3939,-1.0707,1.4338,-1.4338
-1.3939,-1.0303,1.1852,-1.1852
-1.3939,-0.9899,0.95048,-0.95048
-1.3939,-0.94949,0.73908,-0.73908
-1.3939,-0.90909,0.57102,-0.57102
-1.3939,-0.86869,0.4845,-0.4845
-1.3939,-0.82828,0.51292,-0.51292
-1.3939,-0.78788,0.63324,-0.63324
-1.3939,-0.74747,0.7985,-0.7985
-1.3939,-0.70707,0.98049,-0.98049
-1.3939,-0.66667,1.1663,-1.1663
-1.3939,-0.62626,1.3497,-1.3497
-1.3939,-0.58586,1.5275,-1.5275
-1.3939,-0.54545,1.6977,-1.6977
-1.3939,-0.50505,1.8589,-1.8589
-1.3939,-0.46465,2.0103,-2.0103
-1.3939,-0.42424,2.1509,-2.1509
-1.3939,-0.38384,2.2804,-2.2804
-1.3939,-0.34343,2.3981,-2.3981
-1.3939,-0.30303,2.5038,-2.5038
-1.3939,-0.26263,2.5969,-2.5969
-1.3939,-0.22222,2.6772,-2.6772
-1.3939,-0.18182,2.7446,-2.7446
-1.3939,-0.14141,2.7987,-2.7987
-1.3939,-0.10101,2.8394,-2.8394
-1.3939,-0.060606,2.8666,-2.8666
-1.3939,-0.020202,2.8802,-2.8802
-1.3939,0.020202,2.8802,-2.8802
-1.3939,0.060606,2.8666,-2.8666
-1.3939,0.10101,2.8394,-2.8394
-1.3939,0.14141,2.7987,-2.7987
-1.3939,0.18182,2.7446,-2.7446
-1.3939,0.22222,2.6772,-2.6772
-1.3939,0.26263,2.5969,-2.5969
-1.3939,0.30303,2.5038,-2.5038
-1.3939,0.34343,2.3981,-2.3981
-1.3939,0.38384,2.2804,-2.2804
-1.3939,0.42424,2.1509,-2.1509
-1.3939,0.46465,2.0103,-2.0103
-1.3939,0.50505,1.8589,-1.8589
-1.3939,0.54545,1.6977,-1.6977
-1.3939,0.58586,1.5275,-1.5275
-1.3939,0.62626,1.3497,-1.3497
-1.3939,0.66667,1.1663,-1.1663
-1.3939,0.70707,0.98049,-0.98049
-1.3939,0.74747,0.7985,-0.7985
-1.3939,0.78788,0.63324,-0.63324
-1.3939,0.82828,0.51292,-0.51292
-1.3939,0.86869,0.4845,-0.4845
-1.3939,0.90909,0.57102,-0.57102
-1.3939,0.94949,0.73908,-0.73908
-1.3939,0.9899,0.95048,-0.95048
-1.3939,1.0303,1.1852,-1.1852
-1.3939,1.0707,1.4338,-1.4338
-1.3939,1.1111,1.6915,-1.6915
-1.3939,1.1515,1.9555,-1.9555
-1.3939,1.1919,2.2239,-2.2239
-1.3939,1.2323,2.4954,-2.4954
-1.3939,1.2727,2.7688,-2.7688
-1.3939,1.3131,3.0432,-3.0432
-1.3939,1.3535,3.3175,-3.3175
-1.3939,1.3939,3.5911,-3.5911
-1.3939,1.4343,3.8631,-3.8631
-1.3939,1.4747,4.1328,-4.1328
-1.3939,1.5152,4.3994,-4.3994
-1.3939,1.5556,4.6622,-4.6622
-1.3939,1.596,4.9206,-4.9206
-1.3939,1.6364,5.1738,-5.1738
-1.3939,1.6768,5.4213,-5.4213
-1.3939,1.7172,5.6624,-5.6624
-1.3939,1.7576,5.8964,-5.8964
-1.3939,1.798,6.1229,-6.1229
-1.3939,1.8384,6.3412,-6.3412
-1.3939,1.8788,6.5507,-6.5507
-1.3939,1.9192,6.751,-6.751
-1.3939,1.9596,6.9415,-6.9415
-1.3939,2,7.1218,-7.1218
-1.3535,-2,7.0902,-7.0902
-1.3535,-1.9596,6.9105,-6.9105
-1.3535,-1.9192,6.7205,-6.7205
-1.3535,-1.8788,6.5209,-6.5209
-1.3535,-1.8384,6.3121,-6.3121
-1.3535,-1.798,6.0947,-6.0947
-1.3535,-1.7576,5.8691,-5.8691
-1.3535,-1.7172,5.6361,-5.6361
-1.3535,-1.6768,5.3962,-5.3962
-1.3535,-1.6364,5.1499,-5.1499
-1.3535,-1.596,4.8981,-4.8981
-1.3535,-1.5556,4.6414,-4.6414
-1.3535,-1.5152,4.3804,-4.3804
-1.3535,-1.4747,4.1159,-4.1159
-1.3535,-1.4343,3.8487,-3.8487
-1.3535,-1.3939,3.5796,-3.5796
-1.3535,-1.3535,3.3094,-3.3094
-1.3535,-1.3131,3.039,-3.039
-1.3535,-1.2727,2.7694,-2.7694
-1.3535,-1.2323,2.5018,-2.5018
-1.3535,-1.1919,2.2375,-2.2375
-1.3535,-1.1515,1.9781,-1.9781
-1.3535,-1.1111,1.7257,-1.7257
-1.3535,-1.0707,1.4835,-1.4835
-1.3535,-1.0303,1.2559,-1.2559
-1.3535,-0.9899,1.0503,-1.0503
-1.3535,-0.94949,0.87898,-0.87898
-1.3535,-0.90909,0.76061,-0.76061
-1.3535,-0.86869,0.716,-0.716
-1.3535,-0.82828,0.75218,-0.75218
-1.3535,-0.78788,0.85306,-0.85306
-1.3535,-0.74747,0.99375,-0.99375
-1.3535,-0.70707,1.1548,-1.1548
-1.3535,-0.66667,1.3244,-1.3244
-1.3535,-0.62626,1.4953,-1.4953
-1.3535,-0.58586,1.6634,-1.6634
-1.3535,-0.54545,1.826,-1.826
-1.3535,-0.50505,1.9811,-1.9811
-1.3535,-0.46465,2.1276,-2.1276
-1.3535,-0.42424,2.2643,-2.2643
-1.3535,-0.38384,2.3904,-2.3904
-1.3535,-0.34343,2.5055,-2.5055
-1.3535,-0.30303,2.6089,-2.6089
-1.3535,-0.26263,2.7002,-2.7002
-1.3535,-0.22222,2.7791,-2.7791
-1.3535,-0.18182,2.8452,-2.8452
-1.3535,-0.14141,2.8984,-2.8984
-1.3535,-0.10101,2.9385,-2.9385
-1.3535,-0.060606,2.9653,-2.9653
-1.3535,-0.020202,2.9787,-2.9787
-1.3535,0.020202,2.9787,-2.9787
-1.3535,0.060606,2.9653,-2.9653
-1.3535,0.10101,2.9385,-2.9385
-1.3535,0.14141,2.8984,-2.8984
-1.3535,0.18182,2.8452,-2.8452
-1.3535,0.22222,2.7791,-2.7791
-1.3535,0.26263,2.7002,-2.7002
-1.3535,0.30303,2.6089,-2.6089
-1.3535,0.34343,2.5055,-2.5055
-1.3535,0.38384,2.3904,-2.3904
-1.3535,0.42424,2.2643,-2.2643
-1.3535,0.46465,2.1276,-2.1276
-1.3535,0.50505,1.9811,-1.9811
-1.3535,0.54545,1.826,-1.826
-1.3535,0.58586,1.6634,-1.6634
-1.3535,0.62626,1.4953,-1.4953
-1.3535,0.66667,1.3244,-1.3244
-1.3535,0.70707,1.1548,-1.1548
-1.3535,0.74747,0.99375,-0.99375
-1.3535,0.78788,0.85306,-0.85306
-1.3535,0.82828,0.75218,-0.75218
-1.3535,0.86869,0.716,-0.716
-1.3535,0.90909,0.76061,-0.76061
-1.3535,0.94949,0.87898,-0.87898
-1.3535,0.9899,1.0503,-1.0503
-1.3535,1.0303,1.2559,-1.2559
-1.3535,1.0707,1.4835,-1.4835
-1.3535,1.1111,1.7257,-1.7257
-1.3535,1.1515,1.9781,-1.9781
-1.3535,1.1919,2.2375,-2.2375
-1.3535,1.2323,2.5018,-2.5018
-1.3535,1.2727,2.7694,-2.7694
-1.3535,1.3131,3.039,-3.039
-1.3535,1.3535,3.3094,-3.3094
-1.3535,1.3939,3.5796,-3.5796
-1.3535,1.4343,3.8487,-3.8487
-1.3535,1.4747,4.1159,-4.1159
-1.3535,1.5152,4.3804,-4.3804
-1.3535,1.5556,4.6414,-4.6414
-1.3535,1.596,4.8981,-4.8981
-1.3535,1.6364,5.1499,-5.1499
-1.3535,1.6768,5.3962,-5.3962
-1.3535,1.7172,5.6361,-5.6361
-1.3535,1.7576,5.8691,-5.8691
-1.3535,1.798,6.0947,-6.0947
-1.3535,1.8384,6.3121,-6.3121
-1.3535,1.8788,6.5209,-6.5209
-1.3535,1.9192,6.7205,-6.7205
-1.3535,1.9596,6.9105,-6.9105
-1.3535,2,7.0902,-7.0902
-1.3131,-2,7.0462,-7.0462
-1.3131,-1.9596,6.8672,-6.8672
-1.3131,-1.9192,6.6781,-6.6781
-1.3131,-1.8788,6.4794,-6.4794
-1.3131,-1.8384,6.2716,-6.2716
-1.3131,-1.798,6.0553,-6.0553
-1.3131,-1.7576,5.831,-5.831
-1.3131,-1.7172,5.5994,-5.5994
-1.3131,-1.6768,5.361,-5.361
-1.3131,-1.6364,5.1166,-5.1166
-1.3131,-1.596,4.8668,-4.8668
-1.3131,-1.5556,4.6123,-4.6123
-1.3131,-1.5152,4.354,-4.354
-1.3131,-1.4747,4.0925,-4.0925
-1.3131,-1.4343,3.8287,-3.8287
-1.3131,-1.3939,3.5636,-3.5636
-1.3131,-1.3535,3.298,-3.298
-1.3131,-1.3131,3.0332,-3.0332
-1.3131,-1.2727,2.7702,-2.7702
-1.3131,-1.2323,2.5107,-2.5107
-1.3131,-1.1919,2.2562,-2.2562
-1.3131,-1.1515,2.0091,-2.0091
-1.3131,-1.1111,1.7723,-1.7723
-1.3131,-1.0707,1.5499,-1.5499
-1.3131,-1.0303,1.3479,-1.3479
-1.3131,-0.9899,1.175,-1.175
-1.3131,-0.94949,1.0426,-1.0426
-1.3131,-0.90909,0.96393,-0.96393
-1.3131,-0.86869,0.94797,-0.94797
-1.3131,-0.82828,0.99306,-0.99306
-1.3131,-0.78788,1.087,-1.087
-1.3131,-0.74747,1.2139,-1.2139
-1.3131,-0.70707,1.3604,-1.3604
-1.3131,-0.66667,1.5168,-1.5168
-1.3131,-0.62626,1.6767,-1.6767
-1.3131,-0.58586,1.8356,-1.8356
-1.3131,-0.54545,1.9905,-1.9905
-1.3131,-0.50505,2.1393,-2.1393
-1.3131,-0.46465,2.2805,-2.2805
-1.3131,-0.42424,2.4128,-2.4128
-1.3131,-0.38384,2.5353,-2.5353
-1.3131,-0.34343,2.6473,-2.6473
-1.3131,-0.30303,2.7482,-2.7482
-1.3131,-0.26263,2.8374,-2.8374
-1.3131,-0.22222,2.9146,-2.9146
-1.3131,-0.18182,2.9794,-2.9794
-1.3131,-0.14141,3.0315,-3.0315
-1.3131,-0.10101,3.0708,-3.0708
-1.3131,-0.060606,3.0971,-3.0971
-1.3131,-0.020202,3.1102,-3.1102
-1.3131,0.020202,3.1102,-3.1102
-1.3131,0.060606,3.0971,-3.0971
-1.3131,0.10101,3.0708,-3.0708
-1.3131,0.14141,3.0315,-3.0315
-1.3131,0.18182,2.9794,-2.9794
-1.3131,0.22222,2.9146,-2.9146
-1.3131,0.26263,2.8374,-2.8374
-1.3131,0.30303,2.7482,-2.7482
-1.3131,0.34343,2.6473,-2.6473
-1.3131,0.38384,2.5353,-2.5353
-1.3131,0.42424,2.4128,-2.4128
-1.3131,0.46465,2.2805,-2.2805
-1.3131,0.50505,2.1393,-2.1393
-1.3131,0.54545,1.9905,-1.9905
-1.3131,0.58586,1.8356,-1.8356
-1.3131,0.62626,1.6767,-1.6767
-1.3131,0.66667,1.5168,-1.5168
-1.3131,0.70707,1.3604,-1.3604
-1.3131,0.74747,1.2139,-1.2139
-1.3131,0.78788,1.087,-1.087
-1.3131,0.82828,0.99306,-0.99306
-1.3131,0.86869,0.94797,-0.94797
-1.3131,0.90909,0.96393,-0.96393
-1.3131,0.94949,1.0426,-1.0426
-1.3131,0.9899,1.175,-1.175
-1.3131,1.0303,1.3479,-1.3479
-1.3131,1.0707,1.5499,-1.5499
-1.3131,1.1111,1.7723,-1.7723
-1.3131,1.1515,2.0091,-2.0091
-1.3131,1.1919,2.2562,-2.2562
-1.3131,1.2323,2.5107,-2.5107
-1.3131,1.2727,2.7702,-2.7702
-1.3131,1.3131,3.0332,-3.0332
-1.3131,1.3535,3.298,-3.298
-1.3131,1.3939,3.5636,-3.5636
-1.3131,1.4343,3.8287,-3.8287
-1.3131,1.4747,4.0925,-4.0925
-1.3131,1.5152,4.354,-4.354
-1.3131,1.5556,4.6123,-4.6123
-1.3131,1.596,4.8668,-4.8668
-1.3131,1.6364,5.1166,-5.1166
-1.3131,1.6768,5.361,-5.361
-1.3131,1.7172,5.5994,-5.5994
-1.3131,1.7576,5.831,-5.831
-1.3131,1.798,6.0553,-6.0553
-1.3131,1.8384,6.2716,-6.2716
-1.3131,1.8788,6.4794,-6.4794
-1.3131,1.9192,6.6781,-6.6781
-1.3131,1.9596,6.8672,-6.8672
-1.3131,2,7.0462,-7.0462
-1.2727,-2,6.9898,-6.9898
-1.2727,-1.9596,6.8117,-6.8117
-1.2727,-1.9192,6.6237,-6.6237
-1.2727,-1.8788,6.4261,-6.4261
-1.2727,-1.8384,6.2196,-6.2196
-1.2727,-1.798,6.0047,-6.0047
-1.2727,-1.7576,5.7821,-5.7821
-1.2727,-1.7172,5.5523,-5.5523
-1.2727,-1.6768,5.316,-5.316
-1.2727,-1.6364,5.0738,-5.0738
-1.2727,-1.596,4.8266,-4.8266
-1.2727,-1.5556,4.5751,-4.5751
-1.2727,-1.5152,4.3201,-4.3201
-1.2727,-1.4747,4.0624,-4.0624
-1.2727,-1.4343,3.8031,-3.8031
-1.2727,-1.3939,3.543,-3.543
-1.2727,-1.3535,3.2835,-3.2835
-1.2727,-1.3131,3.0258,-3.0258
-1.2727,-1.2727,2.7713,-2.7713
-1.2727,-1.2323,2.5219,-2.5219
-1.2727,-1.1919,2.2798,-2.2798
-1.2727,-1.1515,2.0478,-2.0478
-1.2727,-1.1111,1.8297,-1.8297
-1.2727,-1.0707,1.6305,-1.6305
-1.2727,-1.0303,1.4567,-1.4567
-1.2727,-0.9899,1.3167,-1.3167
-1.2727,-0.94949,1.2195,-1.2195
-1.2727,-0.90909,1.1728,-1.1728
-1.2727,-0.86869,1.1789,-1.1789
-1.2727,-0.82828,1.2334,-1.2334
-1.2727,-0.78788,1.3263,-1.3263
-1.2727,-0.74747,1.4464,-1.4464
-1.2727,-0.70707,1.5839,-1.5839
-1.2727,-0.66667,1.7311,-1.7311
-1.2727,-0.62626,1.8824,-1.8824
-1.2727,-0.58586,2.0336,-2.0336
-1.2727,-0.54545,2.182,-2.182
-1.2727,-0.50505,2.3251,-2.3251
-1.2727,-0.46465,2.4614,-2.4614
-1.2727,-0.42424,2.5896,-2.5896
-1.2727,-0.38384,2.7086,-2.7086
-1.2727,-0.34343,2.8176,-2.8176
-1.2727,-0.30303,2.9159,-2.9159
-1.2727,-0.26263,3.003,-3.003
-1.2727,-0.22222,3.0785,-3.0785
-1.2727,-0.18182,3.1419,-3.1419
-1.2727,-0.14141,3.1929,-3.1929
-1.2727,-0.10101,3.2314,-3.2314
-1.2727,-0.060606,3.2571,-3.2571
-1.2727,-0.020202,3.27,-3.27
-1.2727,0.020202,3.27,-3.27
-1.2727,0.060606,3.2571,-3.2571
-1.2727,0.10101,3.2314,-3.2314
-1.2727,0.14141,3.1929,-3.1929
-1.2727,0.18182,3.1419,-3.1419
-1.2727,0.22222,3.0785,-3.0785
-1.2727,0.26263,3.003,-3.003
-1.2727,0.30303,2.9159,-2.9159
-1.2727,0.34343,2.8176,-2.8176
-1.2727,0.38384,2.7086,-2.7086
-1.2727,0.42424,2.5896,-2.5896
-1.2727,0.46465,2.4614,-2.4614
-1.2727,0.50505,2.3251,-2.3251
-1.2727,0.54545,2.182,-2.182
-1.2727,0.58586,2.0336,-2.0336
-1.2727,0.62626,1.8824,-1.8824
-1.2727,0.66667,1.7311,-1.7311
-1.2727,0.70707,1.5839,-1.5839
-1.2727,0.74747,1.4464,-1.4464
-1.2727,0.78788,1.3263,-1.3263
-1.2727,0.82828,1.2334,-1.2334
-1.2727,0.86869,1.1789,-1.1789
-1.2727,0.90909,1.1728,-1.1728
-1.2727,0.94949,1.2195,-1.2195
-1.2727,0.9899,1.3167,-1.3167
-1.2727,1.0303,1.4567,-1.4567
-1.2727,1.0707,1.6305,-1.6305
-1.2727,1.1111,1.8297,-1.8297
-1.2727,1.1515,2.0478,-2.0478
-1.2727,1.1919,2.2798,-2.2798
-1.2727,1.2323,2.5219,-2.5219
-1.2727,1.2727,2.7713,-2.7713
-1.2727,1.3131,3.0258,-3.0258
-1.2727,1.3535,3.2835,-3.2835
-1.2727,1.3939,3.543,-3.543
-1.2727,1.4343,3.8031,-3.8031
-1.2727,1.4747,4.0624,-4.0624
-1.2727,1.5152,4.3201,-4.3201
-1.2727,1.5556,4.5751,-4.5751
-1.2727,1.596,4.8266,-4.8266
-1.2727,1.6364,5.0738,-5.0738
-1.2727,1.6768,5.316,-5.316
-1.2727,1.7172,5.5523,-5.5523
-1.2727,1.7576,5.7821,-5.7821
-1.2727,1.798,6.0047,-6.0047
-1.2727,1.8384,6.2196,-6.2196
-1.2727,1.8788,6.4261,-6.4261
-1.2727,1.9192,6.6237,-6.6237
-1.2727,1.9596,6.8117,-6.8117
-1.2727,2,6.9898,-6.9898
-1.2323,-2,6.9211,-6.9211
-1.2323,-1.9596,6.7442,-6.7442
-1.2323,-1.9192,6.5574,-6.5574
-1.2323,-1.8788,6.3612,-6.3612
-1.2323,-1.8384,6.1563,-6.1563
-1.2323,-1.798,5.9432,-5.9432
-1.2323,-1.7576,5.7225,-5.7225
-1.2323,-1.7172,5.4949,-5.4949
-1.2323,-1.6768,5.2611,-5.2611
-1.2323,-1.6364,5.0217,-5.0217
-1.2323,-1.596,4.7777,-4.7777
-1.2323,-1.5556,4.5297,-4.5297
-1.2323,-1.5152,4.2788,-4.2788
-1.2323,-1.4747,4.0258,-4.0258
-1.2323,-1.4343,3.7719,-3.7719
-1.2323,-1.3939,3.5181,-3.5181
-1.2323,-1.3535,3.2659,-3.2659
-1.2323,-1.3131,3.0168,-3.0168
-1.2323,-1.2727,2.7725,-2.7725
-1.2323,-1.2323,2.5353,-2.5353
-1.2323,-1.1919,2.3079,-2.3079
-1.2323,-1.1515,2.0936,-2.0936
-1.2323,-1.1111,1.8968,-1.8968
-1.2323,-1.0707,1.7228,-1.7228
-1.2323,-1.0303,1.578,-1.578
-1.2323,-0.9899,1.4696,-1.4696
-1.2323,-0.94949,1.4036,-1.4036
-1.2323,-0.90909,1.3834,-1.3834
-1.2323,-0.86869,1.4081,-1.4081
-1.2323,-0.82828,1.472,-1.472
-1.2323,-0.78788,1.5671,-1.5671
-1.2323,-0.74747,1.6848,-1.6848
-1.2323,-0.70707,1.8174,-1.8174
-1.2323,-0.66667,1.9587,-1.9587
-1.2323,-0.62626,2.104,-2.104
-1.2323,-0.58586,2.2496,-2.2496
-1.2323,-0.54545,2.3927,-2.3927
-1.2323,-0.50505,2.5312,-2.5312
-1.2323,-0.46465,2.6634,-2.6634
-1.2323,-0.42424,2.788,-2.788
-1.2323,-0.38384,2.9039,-2.9039
-1.2323,-0.34343,3.0102,-3.0102
-1.2323,-0.30303,3.1063,-3.1063
-1.2323,-0.26263,3.1915,-3.1915
-1.2323,-0.22222,3.2653,-3.2653
-1.2323,-0.18182,3.3274,-3.3274
-1.2323,-0.14141,3.3774,-3.3774
-1.2323,-0.10101,3.4152,-3.4152
-1.2323,-0.060606,3.4404,-3.4404
-1.2323,-0.020202,3.4531,-3.4531
-1.2323,0.020202,3.4531,-3.4531
-1.2323,0.060606,3.4404,-3.4404
-1.2323,0.10101,3.4152,-3.4152
-1.2323,0.14141,3.3774,-3.3774
-1.2323,0.18182,3.3274,-3.3274
-1.2323,0.22222,3.2653,-3.2653
-1.2323,0.26263,3.1915,-3.1915
-1.2323,0.30303,3.1063,-3.1063
-1.2323,0.34343,3.0102,-3.0102
-1.2323,0.38384,2.9039,-2.9039
-1.2323,0.42424,2.788,-2.788
-1.2323,0.46465,2.6634,-2.6634
-1.2323,0.50505,2.5312,-2.5312
-1.2323,0.54545,2.3927,-2.3927
-1.2323,0.58586,2.2496,-2.2496
-1.2323,0.62626,2.104,-2.104
-1.2323,0.66667,1.9587,-1.9587
-1.2323,0.70707,1.8174,-1.8174
-1.2323,0.74747,1.6848,-1.6848
-1.2323,0.78788,1.5671,-1.5671
-1.2323,0.82828,1.472,-1.472
-1.2323,0.86869,1.4081,-1.4081
-1.2323,0.90909,1.3834,-1.3834
-1.2323,0.94949,1.4036,-1.4036
-1.2323,0.9899,1.4696,-1.4696
-1.2323,1.0303,1.578,-1.578
-1.2323,1.0707,1.7228,-1.7228
-1.2323,1.1111,1.8968,-1.8968
-1.2323,1.1515,2.0936,-2.0936
-1.2323,1.1919,2.3079,-2.3079
-1.2323,1.2323,2.5353,-2.5353
-1.2323,1.2727,2.7725,-2.7725
-1.2323,1.3131,3.0168,-3.0168
-1.2323,1.3535,3.2659,-3.2659
-1.2323,1.3939,3.5181,-3.5181
-1.2323,1.4343,3.7719,-3.7719
-1.2323,1.4747,4.0258,-4.0258
-1.2323,1.5152,4.2788,-4.2788
-1.2323,1.5556,4.5297,-4.5297
-1.2323,1.596,4.7777,-4.7777
-1.2323,1.6364,5.0217,-5.0217
-1.2323,1.6768,5.2611,-5.2611
-1.2323,1.7172,5.4949,-5.4949
-1.2323,1.7576,5.7225,-5.7225
-1.2323,1.798,5.9432,-5.9432
-1.2323,1.8384,6.1563,-6.1563
-1.2323,1.8788,6.3612,-6.3612
-1.2323,1.9192,6.5574,-6.5574
-1.2323,1.9596,6.7442,-6.7442
-1.2323,2,6.9211,-6.9211
-1.1919,-2,6.8403,-6.8403
-1.1919,-1.9596,6.6647,-6.6647
-1.1919,-1.9192,6.4794,-6.4794
-1.1919,-1.8788,6.2849,-6.2849
-1.1919,-1.8384,6.0818,-6.0818
-1.1919,-1.798,5.8708,-5.8708
-1.1919,-1.7576,5.6524,-5.6524
-1.1919,-1.7172,5.4274,-5.4274
-1.1919,-1.6768,5.1964,-5.1964
-1.1919,-1.6364,4.9604,-4.9604
-1.1919,-1.596,4.7201,-4.7201
-1.1919,-1.5556,4.4764,-4.4764
-1.1919,-1.5152,4.2302,-4.2302
-1.1919,-1.4747,3.9828,-3.9828
-1.1919,-1.4343,3.7353,-3.7353
-1.1919,-1.3939,3.4889,-3.4889
-1.1919,-1.3535,3.2453,-3.2453
-1.1919,-1.3131,3.0063,-3.0063
-1.1919,-1.2727,2.774,-2.774
-1.1919,-1.2323,2.5509,-2.5509
-1.1919,-1.1919,2.3402,-2.3402
-1.1919,-1.1515,2.1457,-2.1457
-1.1919,-1.1111,1.9719,-1.9719
-1.1919,-1.0707,1.8243,-1.8243
-1.1919,-1.0303,1.7084,-1.7084
-1.1919,-0.9899,1.6296,-1.6296
-1.1919,-0.94949,1.5912,-1.5912
-1.1919,-0.90909,1.594,-1.594
-1.1919,-0.86869,1.6348,-1.6348
-1.1919,-0.82828,1.7083,-1.7083
-1.1919,-0.78788,1.8075,-1.8075
-1.1919,-0.74747,1.9254,-1.9254
-1.1919,-0.70707,2.056,-2.056
-1.1919,-0.66667,2.1941,-2.1941
-1.1919,-0.62626,2.3356,-2.3356
-1.1919,-0.58586,2.4774,-2.4774
-1.1919,-0.54545,2.6167,-2.6167
-1.1919,-0.50505,2.7517,-2.7517
-1.1919,-0.46465,2.8808,-2.8808
-1.1919,-0.42424,3.0025,-3.0025
-1.1919,-0.38384,3.1159,-3.1159
-1.1919,-0.34343,3.22,-3.22
-1.1919,-0.30303,3.3141,-3.3141
-1.1919,-0.26263,3.3976,-3.3976
-1.1919,-0.22222,3.4701,-3.4701
-1.1919,-0.18182,3.5311,-3.5311
-1.1919,-0.14141,3.5802,-3.5802
-1.1919,-0.10101,3.6173,-3.6173
-1.1919,-0.060606,3.6421,-3.6421
-1.1919,-0.020202,3.6546,-3.6546
-1.1919,0.020202,3.6546,-3.6546
-1.1919,0.060606,3.6421,-3.6421
-1.1919,0.10101,3.6173,-3.6173
-1.1919,0.14141,3.5802,-3.5802
-1.1919,0.18182,3.5311,-3.5311
-1.1919,0.22222,3.4701,-3.4701
-1.1919,0.26263,3.3976,-3.3976
-1.1919,0.30303,3.3141,-3.3141
-1.1919,0.34343,3.22,-3.22
-1.1919,0.38384,3.1159,-3.1159
-1.1919,0.42424,3.0025,-3.0025
-1.1919,0.46465,2.8808,-2.8808
-1.1919,0.50505,2.7517,-2.7517
-1.1919,0.54545,2.6167,-2.6167
-1.1919,0.58586,2.4774,-2.4774
-1.1919,0.62626,2.3356,-2.3356
-1.1919,0.66667,2.1941,-2.1941
-1.1919,0.70707,2.056,-2.056
-1.1919,0.74747,1.9254,-1.9254
-1.1919,0.78788,1.8075,-1.8075
-1.1919,0.82828,1.7083,-1.7083
-1.1919,0.86869,1.6348,-1.6348
-1.1919,0.90909,1.594,-1.594
-1.1919,0.94949,1.5912,-1.5912
-1.1919,0.9899,1.6296,-1.6296
-1.1919,1.0303,1.7084,-1.7084
-1.1919,1.0707,1.8243,-1.8243
-1.1919,1.1111,1.9719,-1.9719
-1.1919,1.1515,2.1457,-2.1457
-1.1919,1.1919,2.3402,-2.3402
-1.1919,1.2323,2.5509,-2.5509
-1.1919,1.2727,2.774,-2.774
-1.1919,1.3131,3.0063,-3.0063
-1.1919,1.3535,3.2453,-3.2453
-1.1919,1.3939,3.4889,-3.4889
-1.1919,1.4343,3.7353,-3.7353
-1.1919,1.4747,3.9828,-3.9828
-1.1919,1.5152,4.2302,-4.2302
-1.1919,1.5556,4.4764,-4.4764
-1.1919,1.596,4.7201,-4.7201
-1.1919,1.6364,4.9604,-4.9604
-1.1919,1.6768,5.1964,-5.1964
-1.1919,1.7172,5.4274,-5.4274
-1.1919,1.7576,5.6524,-5.6524
-1.1919,1.798,5.8708,-5.8708
-1.1919,1.8384,6.0818,-6.0818
-1.1919,1.8788,6.2849,-6.2849
-1.1919,1.9192,6.4794,-6.4794
-1.1919,1.9596,6.6647,-6.6647
-1.1919,2,6.8403,-6.8403
-1.1515,-2,6.7476,-6.7476
-1.1515,-1.9596,6.5734,-6.5734
-1.1515,-1.9192,6.3898,-6.3898
-1.1515,-1.8788,6.1972,-6.1972
-1.1515,-1.8384,5.9962,-5.9962
-1.1515,-1.798,5.7875,-5.7875
-1.1515,-1.7576,5.5718,-5.5718
-1.1515,-1.7172,5.3498,-5.3498
-1.1515,-1.6768,5.1222,-5.1222
-1.1515,-1.6364,4.8899,-4.8899
-1.1515,-1.596,4.6539,-4.6539
-1.1515,-1.5556,4.4151,-4.4151
-1.1515,-1.5152,4.1745,-4.1745
-1.1515,-1.4747,3.9335,-3.9335
-1.1515,-1.4343,3.6933,-3.6933
-1.1515,-1.3939,3.4555,-3.4555
-1.1515,-1.3535,3.2218,-3.2218
-1.1515,-1.3131,2.9944,-2.9944
-1.1515,-1.2727,2.7756,-2.7756
-1.1515,-1.2323,2.5684,-2.5684
-1.1515,-1.1919,2.3763,-2.3763
-1.1515,-1.1515,2.2032,-2.2032
-1.1515,-1.1111,2.0538,-2.0538
-1.1515,-1.0707,1.9329,-1.9329
-1.1515,-1.0303,1.8451,-1.8451
-1.1515,-0.9899,1.7938,-1.7938
-1.1515,-0.94949,1.7802,-1.7802
-1.1515,-0.90909,1.8031,-1.8031
-1.1515,-0.86869,1.8587,-1.8587
-1.1515,-0.82828,1.9417,-1.9417
-1.1515,-0.78788,2.0461,-2.0461
-1.1515,-0.74747,2.1661,-2.1661
-1.1515,-0.70707,2.2967,-2.2967
-1.1515,-0.66667,2.4335,-2.4335
-1.1515,-0.62626,2.5731,-2.5731
-1.1515,-0.58586,2.7125,-2.7125
-1.1515,-0.54545,2.8494,-2.8494
-1.1515,-0.50505,2.9821,-2.9821
-1.1515,-0.46465,3.1088,-3.1088
-1.1515,-0.42424,3.2284,-3.2284
-1.1515,-0.38384,3.3399,-3.3399
-1.1515,-0.34343,3.4423,-3.4423
-1.1515,-0.30303,3.5349,-3.5349
-1.1515,-0.26263,3.6172,-3.6172
-1.1515,-0.22222,3.6885,-3.6885
-1.1515,-0.18182,3.7486,-3.7486
-1.1515,-0.14141,3.797,-3.797
-1.1515,-0.10101,3.8336,-3.8336
-1.1515,-0.060606,3.858,-3.858
-1.1515,-0.020202,3.8703,-3.8703
-1.1515,0.020202,3.8703,-3.8703
-1.1515,0.060606,3.858,-3.858
-1.1515,0.10101,3.8336,-3.8336
-1.1515,0.14141,3.797,-3.797
-1.1515,0.18182,3.7486,-3.7486
-1.1515,0.22222,3.6885,-3.6885
-1.1515,0.26263,3.6172,-3.6172
-1.1515,0.30303,3.5349,-3.5349
-1.1515,0.34343,3.4423,-3.4423
-1.1515,0.38384,3.3399,-3.3399
-1.1515,0.42424,3.2284,-3.2284
-1.1515,0.46465,3.1088,-3.1088
-1.1515,0.50505,2.9821,-2.9821
-1.1515,0.54545,2.8494,-2.8494
-1.1515,0.58586,2.7125,-2.7125
-1.1515,0.62626,2.5731,-2.5731
-1.1515,0.66667,2.4335,-2.4335
-1.1515,0.70707,2.2967,-2.2967
-1.1515,0.74747,2.1661,-2.1661
-1.1515,0.78788,2.0461,-2.0461
-1.1515,0.82828,1.9417,-1.9417
-1.1515,0.86869,1.8587,-1.8587
-1.1515,0.90909,1.8031,-1.8031
-1.1515,0.94949,1.7802,-1.7802
-1.1515,0.9899,1.7938,-1.7938
-1.1515,1.0303,1.8451,-1.8451
-1.1515,1.0707,1.9329,-1.9329
-1.1515,1.1111,2.0538,-2.0538
-1.1515,1.1515,2.2032,-2.2032
-1.1515,1.1919,2.3763,-2.3763
-1.1515,1.2323,2.5684,-2.5684
-1.1515,1.2727,2.7756,-2.7756
-1.1515,1.3131,2.9944,-2.9944
-1.1515,1.3535,3.2218,-3.2218
-1.1515,1.3939,3.4555,-3.4555
-1.1515,1.4343,3.6933,-3.6933
-1.1515,1.4747,3.9335,-3.9335
-1.1515,1.5152,4.1745,-4.1745
-1.1515,1.5556,4.4151,-4.4151
-1.1515,1.596,4.6539,-4.6539
-1.1515,1.6364,4.8899,-4.8899
-1.1515,1.6768,5.1222,-5.1222
-1.1515,1.7172,5.3498,-5.3498
-1.1515,1.7576,5.5718,-5.5718
-1.1515,1.798,5.7875,-5.7875
-1.1515,1.8384,5.9962,-5.9962
-1.1515,1.8788,6.1972,-6.1972
-1.1515,1.9192,6.3898,-6.3898
-1.1515,1.9596,6.5734,-6.5734
-1.1515,2,6.7476,-6.7476
-1.1111,-2,6.643,-6.643
-1.1111,-1.9596,6.4706,-6.4706
-1.1111,-1.9192,6.2888,-6.2888
-1.1111,-1.8788,6.0983,-6.0983
-1.1111,-1.8384,5.8997,-5.8997
-1.1111,-1.798,5.6937,-5.6937
-1.1111,-1.7576,5.481,-5.481
-1.1111,-1.7172,5.2623,-5.2623
-1.1111,-1.6768,5.0385,-5.0385
-1.1111,-1.6364,4.8105,-4.8105
-1.1111,-1.596,4.5793,-4.5793
-1.1111,-1.5556,4.346,-4.346
-1.1111,-1.5152,4.1118,-4.1118
-1.1111,-1.4747,3.878,-3.878
-1.1111,-1.4343,3.6462,-3.6462
-1.1111,-1.3939,3.418,-3.418
-1.1111,-1.3535,3.1955,-3.1955
-1.1111,-1.3131,2.9811,-2.9811
-1.1111,-1.2727,2.7775,-2.7775
-1.1111,-1.2323,2.5878,-2.5878
-1.1111,-1.1919,2.4157,-2.4157
-1.1111,-1.1515,2.2654,-2.2654
-1.1111,-1.1111,2.1411,-2.1411
-1.1111,-1.0707,2.0468,-2.0468
-1.1111,-1.0303,1.9859,-1.9859
-1.1111,-0.9899,1.96,-1.96
-1.1111,-0.94949,1.9689,-1.9689
-1.1111,-0.90909,2.01,-2.01
-1.1111,-0.86869,2.0792,-2.0792
-1.1111,-0.82828,2.1716,-2.1716
-1.1111,-0.78788,2.282,-2.282
-1.1111,-0.74747,2.4053,-2.4053
-1.1111,-0.70707,2.5374,-2.5374
-1.1111,-0.66667,2.6744,-2.6744
-1.1111,-0.62626,2.8134,-2.8134
-1.1111,-0.58586,2.9517,-2.9517
-1.1111,-0.54545,3.0874,-3.0874
-1.1111,-0.50505,3.2185,-3.2185
-1.1111,-0.46465,3.3439,-3.3439
-1.1111,-0.42424,3.4621,-3.4621
-1.1111,-0.38384,3.5722,-3.5722
-1.1111,-0.34343,3.6734,-3.6734
-1.1111,-0.30303,3.765,-3.765
-1.1111,-0.26263,3.8463,-3.8463
-1.1111,-0.22222,3.9168,-3.9168
-1.1111,-0.18182,3.9762,-3.9762
-1.1111,-0.14141,4.0241,-4.0241
-1.1111,-0.10101,4.0602,-4.0602
-1.1111,-0.060606,4.0844,-4.0844
-1.1111,-0.020202,4.0965,-4.0965
-1.1111,0.020202,4.0965,-4.0965
-1.1111,0.060606,4.0844,-4.0844
-1.1111,0.10101,4.0602,-4.0602
-1.1111,0.14141,4.0241,-4.0241
-1.1111,0.18182,3.9762,-3.9762
-1.1111,0.22222,3.9168,-3.9168
-1.1111,0.26263,3.8463,-3.8463
-1.1111,0.30303,3.765,-3.765
-1.1111,0.34343,3.6734,-3.6734
-1.1111,0.38384,3.5722,-3.5722
-1.1111,0.42424,3.4621,-3.4621
-1.1111,0.46465,3.3439,-3.3439
-1.1111,0.50505,3.2185,-3.2185
-1.1111,0.54545,3.0874,-3.0874
-1.1111,0.58586,2.9517,-2.9517
-1.1111,0.62626,2.8134,-2.8134
-1.1111,0.66667,2.6744,-2.6744
-1.1111,0.70707,2.5374,-2.5374
-1.1111,0.74747,2.4053,-2.4053
-1.1111,0.78788,2.282,-2.282
-1.1111,0.82828,2.1716,-2.1716
-1.1111,0.86869,2.0792,-2.0792
-1.1111,0.90909,2.01,-2.01
-1.1111,0.94949,1.9689,-1.9689
-1.1111,0.9899,1.96,-1.96
-1.1111,1.0303,1.9859,-1.9859
-1.1111,1.0707,2.0468,-2.0468
-1.1111,1.1111,2.1411,-2.1411
-1.1111,1.1515,2.2654,-2.2654
-1.1111,1.1919,2.4157,-2.4157
-1.1111,1.2323,2.5878,-2.5878
-1.1111,1.2727,2.7775,-2.7775
-1.1111,1.3131,2.9811,-2.9811
-1.1111,1.3535,3.1955,-3.1955
-1.1111,1.3939,3.418,-3.418
-1.1111,1.4343,3.6462,-3.6462
-1.1111,1.4747,3.878,-3.878
-1.1111,1.5152,4.1118,-4.1118
-1.1111,1.5556,4.346,-4.346
-1.1111,1.596,4.5793,-4.5793
-1.1111,1.6364,4.8105,-4.8105
-1.1111,1.6768,5.0385,-5.0385
-1.1111,1.7172,5.2623,-5.2623
-1.1111,1.7576,5.481,-5.481
-1.1111,1.798,5.6937,-5.6937
-1.1111,1.8384,5.8997,-5.8997
-1.1111,1.8788,6.0983,-6.0983
-1.1111,1.9192,6.2888,-6.2888
-1.1111,1.9596,6.4706,-6.4706
-1.1111,2,6.643,-6.643
-1.0707,-2,6.527,-6.527
-1.0707,-1.9596,6.3564,-6.3564
-1.0707,-1.9192,6.1767,-6.1767
-1.0707,-1.8788,5.9885,-5.9885
-1.0707,-1.8384,5.7926,-5.7926
-1.0707,-1.798,5.5895,-5.5895
-1.0707,-1.7576,5.38,-5.38
-1.0707,-1.7172,5.1651,-5.1651
-1.0707,-1.6768,4.9455,-4.9455
-1.0707,-1.6364,4.7223,-4.7223
-1.0707,-1.596,4.4965,-4.4965
-1.0707,-1.5556,4.2693,-4.2693
-1.0707,-1.5152,4.0422,-4.0422
-1.0707,-1.4747,3.8165,-3.8165
-1.0707,-1.4343,3.594,-3.594
-1.0707,-1.3939,3.3766,-3.3766
-1.0707,-1.3535,3.1666,-3.1666
-1.0707,-1.3131,2.9666,-2.9666
-1.0707,-1.2727,2.7795,-2.7795
-1.0707,-1.2323,2.6087,-2.6087
-1.0707,-1.1919,2.4581,-2.4581
-1.0707,-1.1515,2.3314,-2.3314
-1.0707,-1.1111,2.2324,-2.2324
-1.0707,-1.0707,2.1643,-2.1643
-1.0707,-1.0303,2.129,-2.129
-1.0707,-0.9899,2.1268,-2.1268
-1.0707,-0.94949,2.1561,-2.1561
-1.0707,-0.90909,2.2139,-2.2139
-1.0707,-0.86869,2.296,-2.296
-1.0707,-0.82828,2.3977,-2.3977
-1.0707,-0.78788,2.5144,-2.5144
-1.0707,-0.74747,2.6419,-2.6419
-1.0707,-0.70707,2.7764,-2.7764
-1.0707,-0.66667,2.9148,-2.9148
-1.0707,-0.62626,3.0542,-3.0542
-1.0707,-0.58586,3.1925,-3.1925
-1.0707,-0.54545,3.3278,-3.3278
-1.0707,-0.50505,3.4584,-3.4584
-1.0707,-0.46465,3.5829,-3.5829
-1.0707,-0.42424,3.7004,-3.7004
-1.0707,-0.38384,3.8098,-3.8098
-1.0707,-0.34343,3.9102,-3.9102
-1.0707,-0.30303,4.0011,-4.0011
-1.0707,-0.26263,4.0818,-4.0818
-1.0707,-0.22222,4.1518,-4.1518
-1.0707,-0.18182,4.2107,-4.2107
-1.0707,-0.14141,4.2582,-4.2582
-1.0707,-0.10101,4.2941,-4.2941
-1.0707,-0.060606,4.3181,-4.3181
-1.0707,-0.020202,4.3301,-4.3301
-1.0707,0.020202,4.3301,-4.3301
-1.0707,0.060606,4.3181,-4.3181
-1.0707,0.10101,4.2941,-4.2941
-1.0707,0.14141,4.2582,-4.2582
-1.0707,0.18182,4.2107,-4.2107
-1.0707,0.22222,4.1518,-4.1518
-1.0707,0.26263,4.0818,-4.0818
-1.0707,0.30303,4.0011,-4.0011
-1.0707,0.34343,3.9102,-3.9102
-1.0707,0.38384,3.8098,-3.8098
-1.0707,0.42424,3.7004,-3.7004
-1.0707,0.46465,3.5829,-3.5829
-1.0707,0.50505,3.4584,-3.4584
-1.0707,0.54545,3.3278,-3.3278
-1.0707,0.58586,3.1925,-3.1925
-1.0707,0.62626,3.0542,-3.0542
-1.0707,0.66667,2.9148,-2.9148
-1.0707,0.70707,2.7764,-2.7764
-1.0707,0.74747,2.6419,-2.6419
-1.0707,0.78788,2.5144,-2.5144
-1.0707,0.82828,2.3977,-2.3977
-1.0707,0.86869,2.296,-2.296
-1.0707,0.90909,2.2139,-2.2139
-1.0707,0.94949,2.1561,-2.1561
-1.0707,0.9899,2.1268,-2.1268
-1.0707,1.0303,2.129,-2.129
-1.0707,1.0707,2.1643,-2.1643
-1.0707,1.1111,2.2324,-2.2324
-1.0707,1.1515,2.3314,-2.3314
-1.0707,1.1919,2.4581,-2.4581
-1.0707,1.2323,2.6087,-2.6087
-1.0707,1.2727,2.7795,-2.7795
-1.0707,1.3131,2.9666,-2.9666
-1.0707,1.3535,3.1666,-3.1666
-1.0707,1.3939,3.3766,-3.3766
-1.0707,1.4343,3.594,-3.594
-1.0707,1.4747,3.8165,-3.8165
-1.0707,1.5152,4.0422,-4.0422
-1.0707,1.5556,4.2693,-4.2693
-1.0707,1.596,4.4965,-4.4965
-1.0707,1.6364,4.7223,-4.7223
-1.0707,1.6768,4.9455,-4.9455
-1.0707,1.7172,5.1651,-5.1651
-1.0707,1.7576,5.38,-5.38
-1.0707,1.798,5.5895,-5.5895
-1.0707,1.8384,5.7926,-5.7926
-1.0707,1.8788,5.9885,-5.9885
-1.0707,1.9192,6.1767,-6.1767
-1.0707,1.9596,6.3564,-6.3564
-1.0707,2,6.527,-6.527
-1.0303,-2,6.3997,-6.3997
-1.0303,-1.9596,6.2311,-6.2311
-1.0303,-1.9192,6.0536,-6.0536
-1.0303,-1.8788,5.868,-5.868
-1.0303,-1.8384,5.6749,-5.6749
-1.0303,-1.798,5.475,-5.475
-1.0303,-1.7576,5.2692,-5.2692
-1.0303,-1.7172,5.0583,-5.0583
-1.0303,-1.6768,4.8433,-4.8433
-1.0303,-1.6364,4.6253,-4.6253
-1.0303,-1.596,4.4055,-4.4055
-1.0303,-1.5556,4.1852,-4.1852
-1.0303,-1.5152,3.9658,-3.9658
-1.0303,-1.4747,3.7491,-3.7491
-1.0303,-1.4343,3.5369,-3.5369
-1.0303,-1.3939,3.3314,-3.3314
-1.0303,-1.3535,3.1351,-3.1351
-1.0303,-1.3131,2.9508,-2.9508
-1.0303,-1.2727,2.7816,-2.7816
-1.0303,-1.2323,2.6311,-2.6311
-1.0303,-1.1919,2.5029,-2.5029
-1.0303,-1.1515,2.4004,-2.4004
-1.0303,-1.1111,2.3268,-2.3268
-1.0303,-1.0707,2.2841,-2.2841
-1.0303,-1.0303,2.2731,-2.2731
-1.0303,-0.9899,2.2929,-2.2929
-1.0303,-0.94949,2.3411,-2.3411
-1.0303,-0.90909,2.4143,-2.4143
-1.0303,-0.86869,2.5085,-2.5085
-1.0303,-0.82828,2.6194,-2.6194
-1.0303,-0.78788,2.7427,-2.7427
-1.0303,-0.74747,2.875,-2.875
-1.0303,-0.70707,3.0127,-3.0127
-1.0303,-0.66667,3.1532,-3.1532
-1.0303,-0.62626,3.294,-3.294
-1.0303,-0.58586,3.433,-3.433
-1.0303,-0.54545,3.5686,-3.5686
-1.0303,-0.50505,3.6992,-3.6992
-1.0303,-0.46465,3.8237,-3.8237
-1.0303,-0.42424,3.9409,-3.9409
-1.0303,-0.38384,4.05,-4.05
-1.0303,-0.34343,4.1501,-4.1501
-1.0303,-0.30303,4.2407,-4.2407
-1.0303,-0.26263,4.321,-4.321
-1.0303,-0.22222,4.3907,-4.3907
-1.0303,-0.18182,4.4494,-4.4494
-1.0303,-0.14141,4.4967,-4.4967
-1.0303,-0.10101,4.5324,-4.5324
-1.0303,-0.060606,4.5563,-4.5563
-1.0303,-0.020202,4.5683,-4.5683
-1.0303,0.020202,4.5683,-4.5683
-1.0303,0.060606,4.5563,-4.5563
-1.0303,0.10101,4.5324,-4.5324
-1.0303,0.14141,4.4967,-4.4967
-1.0303,0.18182,4.4494,-4.4494
-1.0303,0.22222,4.3907,-4.3907
-1.0303,0.26263,4.321,-4.321
-1.0303,0.30303,4.2407,-4.2407
-1.0303,0.34343,4.1501,-4.1501
-1.0303,0.38384,4.05,-4.05
-1.0303,0.42424,3.9409,-3.9409
-1.0303,0.46465,3.8237,-3.8237
-1.0303,0.50505,3.6992,-3.6992
-1.0303,0.54545,3.5686,-3.5686
-1.0303,0.58586,3.433,-3.433
-1.0303,0.62626,3.294,-3.294
-1.0303,0.66667,3.1532,-3.1532
-1.0303,0.70707,3.0127,-3.0127
-1.0303,0.74747,2.875,-2.875
-1.0303,0.78788,2.7427,-2.7427
-1.0303,0.82828,2.6194,-2.6194
-1.0303,0.86869,2.5085,-2.5085
-1.0303,0.90909,2.4143,-2.4143
-1.0303,0.94949,2.3411,-2.3411
-1.0303,0.9899,2.2929,-2.2929
-1.0303,1.0303,2.2731,-2.2731
-1.0303,1.0707,2.2841,-2.2841
-1.0303,1.1111,2.3268,-2.3268
-1.0303,1.1515,2.4004,-2.4004
-1.0303,1.1919,2.5029,-2.5029
-1.0303,1.2323,2.6311,-2.6311
-1.0303,1.2727,2.7816,-2.7816
-1.0303,1.3131,2.9508,-2.9508
-1.0303,1.3535,3.1351,-3.1351
-1.0303,1.3939,3.3314,-3.3314
-1.0303,1.4343,3.5369,-3.5369
-1.0303,1.4747,3.7491,-3.7491
-1.0303,1.5152,3.9658,-3.9658
-1.0303,1.5556,4.1852,-4.1852
-1.0303,1.596,4.4055,-4.4055
-1.0303,1.6364,4.6253,-4.6253
-1.0303,1.6768,4.8433,-4.8433
-1.0303,1.7172,5.0583,-5.0583
-1.0303,1.7576,5.2692,-5.2692
-1.0303,1.798,5.475,-5.475
-1.0303,1.8384,5.6749,-5.6749
-1.0303,1.8788,5.868,-5.868
-1.0303,1.9192,6.0536,-6.0536
-1.0303,1.9596,6.2311,-6.2311
-1.0303,2,6.3997,-6.3997
-0.9899,-2,6.2614,-6.2614
-0.9899,-1.9596,6.0949,-6.0949
-0.9899,-1.9192,5.9199,-5.9199
-0.9899,-1.8788,5.737,-5.737
-0.9899,-1.8384,5.5469,-5.5469
-0.9899,-1.798,5.3505,-5.3505
-0.9899,-1.7576,5.1486,-5.1486
-0.9899,-1.7172,4.9421,-4.9421
-0.9899,-1.6768,4.7322,-4.7322
-0.9899,-1.6364,4.5199,-4.5199
-0.9899,-1.596,4.3067,-4.3067
-0.9899,-1.5556,4.0938,-4.0938
-0.9899,-1.5152,3.883,-3.883
-0.9899,-1.4747,3.6761,-3.6761
-0.9899,-1.4343,3.4752,-3.4752
-0.9899,-1.3939,3.2827,-3.2827
-0.9899,-1.3535,3.1012,-3.1012
-0.9899,-1.3131,2.9339,-2.9339
-0.9899,-1.2727,2.7839,-2.7839
-0.9899,-1.2323,2.6547,-2.6547
-0.9899,-1.1919,2.5497,-2.5497
-0.9899,-1.1515,2.4718,-2.4718
-0.9899,-1.1111,2.4232,-2.4232
-0.9899,-1.0707,2.4051,-2.4051
-0.9899,-1.0303,2.417,-2.417
-0.9899,-0.9899,2.4572,-2.4572
-0.9899,-0.94949,2.523,-2.523
-0.9899,-0.90909,2.6107,-2.6107
-0.9899,-0.86869,2.7165,-2.7165
-0.9899,-0.82828,2.8362,-2.8362
-0.9899,-0.78788,2.9664,-2.9664
-0.9899,-0.74747,3.1038,-3.1038
-0.9899,-0.70707,3.2453,-3.2453
-0.9899,-0.66667,3.3885,-3.3885
-0.9899,-0.62626,3.5312,-3.5312
-0.9899,-0.58586,3.6716,-3.6716
-0.9899,-0.54545,3.8081,-3.8081
-0.9899,-0.50505,3.9394,-3.9394
-0.9899,-0.46465,4.0643,-4.0643
-0.9899,-0.42424,4.1817,-4.1817
-0.9899,-0.38384,4.2909,-4.2909
-0.9899,-0.34343,4.391,-4.391
-0.9899,-0.30303,4.4815,-4.4815
-0.9899,-0.26263,4.5618,-4.5618
-0.9899,-0.22222,4.6315,-4.6315
-0.9899,-0.18182,4.6901,-4.6901
-0.9899,-0.14141,4.7373,-4.7373
-0.9899,-0.10101,4.773,-4.773
-0.9899,-0.060606,4.7968,-4.7968
-0.9899,-0.020202,4.8088,-4.8088
-0.9899,0.020202,4.8088,-4.8088
-0.9899,0.060606,4.7968,-4.7968
-0.9899,0.10101,4.773,-4.773
-0.9899,0.14141,4.7373,-4.7373
-0.9899,0.18182,4.6901,-4.6901
-0.9899,0.22222,4.6315,-4.6315
-0.9899,0.26263,4.5618,-4.5618
-0.9899,0.30303,4.4815,-4.4815
-0.9899,0.34343,4.391,-4.391
-0.9899,0.38384,4.2909,-4.2909
-0.9899,0.42424,4.1817,-4.1817
-0.9899,0.46465,4.0643,-4.0643
-0.9899,0.50505,3.9394,-3.9394
-0.9899,0.54545,3.8081,-3.8081
-0.9899,0.58586,3.6716,-3.6716
-0.9899,0.62626,3.5312,-3.5312
-0.9899,0.66667,3.3885,-3.3885
-0.9899,0.70707,3.2453,-3.2453
-0.9899,0.74747,3.1038,-3.1038
-0.9899,0.78788,2.9664,-2.9664
-0.9899,0.82828,2.8362,-2.8362
-0.9899,0.86869,2.7165,-2.7165
-0.9899,0.90909,2.6107,-2.6107
-0.9899,0.94949,2.523,-2.523
-0.9899,0.9899,2.4572,-2.4572
-0.9899,1.0303,2.417,-2.417
-0.9899,1.0707,2.4051,-2.4051
-0.9899,1.1111,2.4232,-2.4232
-0.9899,1.1515,2.4718,-2.4718
-0.9899,1.1919,2.5497,-2.5497
-0.9899,1.2323,2.6547,-2.6547
-0.9899,1.2727,2.7839,-2.7839
-0.9899,1.3131,2.9339,-2.9339
-0.9899,1.3535,3.1012,-3.1012
-0.9899,1.3939,3.2827,-3.2827
-0.9899,1.4343,3.4752,-3.4752
-0.9899,1.4747,3.6761,-3.6761
-0.9899,1.5152,3.883,-3.883
-0.9899,1.5556,4.0938,-4.0938
-0.9899,1.596,4.3067,-4.3067
-0.9899,1.6364,4.5199,-4.5199
-0.9899,1.6768,4.7322,-4.7322
-0.9899,1.7172,4.9421,-4.9421
-0.9899,1.7576,5.1486,-5.1486
-0.9899,1.798,5.3505,-5.3505
-0.9899,1.8384,5.5469,-5.5469
-0.9899,1.8788,5.737,-5.737
-0.9899,1.9192,5.9199,-5.9199
-0.9899,1.9596,6.0949,-6.0949
-0.9899,2,6.2614,-6.2614
-0.94949,-2,6.1124,-6.1124
-0.94949,-1.9596,5.9482,-5.9482
-0.94949,-1.9192,5.7758,-5.7758
-0.94949,-1.8788,5.5958,-5.5958
-0.94949,-1.8384,5.409,-5.409
-0.94949,-1.798,5.2163,-5.2163
-0.94949,-1.7576,5.0185,-5.0185
-0.94949,-1.7172,4.8168,-4.8168
-0.94949,-1.6768,4.6123,-4.6123
-0.94949,-1.6364,4.4063,-4.4063
-0.94949,-1.596,4.2,-4.2
-0.94949,-1.5556,3.9953,-3.9953
-0.94949,-1.5152,3.7938,-3.7938
-0.94949,-1.4747,3.5976,-3.5976
-0.94949,-1.4343,3.409,-3.409
-0.94949,-1.3939,3.2306,-3.2306
-0.94949,-1.3535,3.0652,-3.0652
-0.94949,-1.3131,2.916,-2.916
-0.94949,-1.2727,2.7863,-2.7863
-0.94949,-1.2323,2.6794,-2.6794
-0.94949,-1.1919,2.598,-2.598
-0.94949,-1.1515,2.5447,-2.5447
-0.94949,-1.1111,2.5207,-2.5207
-0.94949,-1.0707,2.5261,-2.5261
-0.94949,-1.0303,2.5597,-2.5597
-0.94949,-0.9899,2.6192,-2.6192
-0.94949,-0.94949,2.7013,-2.7013
-0.94949,-0.90909,2.8027,-2.8027
-0.94949,-0.86869,2.9194,-2.9194
-0.94949,-0.82828,3.0479,-3.0479
-0.94949,-0.78788,3.185,-3.185
-0.94949,-0.74747,3.3277,-3.3277
-0.94949,-0.70707,3.4733,-3.4733
-0.94949,-0.66667,3.6197,-3.6197
-0.94949,-0.62626,3.7648,-3.7648
-0.94949,-0.58586,3.9071,-3.9071
-0.94949,-0.54545,4.045,-4.045
-0.94949,-0.50505,4.1773,-4.1773
-0.94949,-0.46465,4.303,-4.303
-0.94949,-0.42424,4.421,-4.421
-0.94949,-0.38384,4.5306,-4.5306
-0.94949,-0.34343,4.6311,-4.6311
-0.94949,-0.30303,4.7218,-4.7218
-0.94949,-0.26263,4.8023,-4.8023
-0.94949,-0.22222,4.8721,-4.8721
-0.94949,-0.18182,4.9308,-4.9308
-0.94949,-0.14141,4.9781,-4.9781
-0.94949,-0.10101,5.0137,-5.0137
-0.94949,-0.060606,5.0376,-5.0376
-0.94949,-0.020202,5.0496,-5.0496
-0.94949,0.020202,5.0496,-5.0496
-0.94949,0.060606,5.0376,-5.0376
-0.94949,0.10101,5.0137,-5.0137
-0.94949,0.14141,4.9781,-4.9781
-0.94949,0.18182,4.9308,-4.9308
-0.94949,0.22222,4.8721,-4.8721
-0.94949,0.26263,4.8023,-4.8023
-0.94949,0.30303,4.7218,-4.7218
-0.94949,0.34343,4.6311,-4.6311
-0.94949,0.38384,4.5306,-4.5306
-0.94949,0.42424,4.421,-4.421
-0.94949,0.46465,4.303,-4.303
-0.94949,0.50505,4.1773,-4.1773
-0.94949,0.54545,4.045,-4.045
-0.94949,0.58586,3.9071,-3.9071
-0.94949,0.62626,3.7648,-3.7648
-0.94949,0.66667,3.6197,-3.6197
-0.94949,0.70707,3.4733,-3.4733
-0.94949,0.74747,3.3277,-3.3277
-0.94949,0.78788,3.185,-3.185
-0.94949,0.82828,3.0479,-3.0479
-0.94949,0.86869,2.9194,-2.9194
-0.94949,0.90909,2.8027,-2.8027
-0.94949,0.94949,2.7013,-2.7013
-0.94949,0.9899,2.6192,-2.6192
-0.94949,1.0303,2.5597,-2.5597
-0.94949,1.0707,2.5261,-2.5261
-0.94949,1.1111,2.5207,-2.5207
-0.94949,1.1515,2.5447,-2.5447
-0.94949,1.1919,2.598,-2.598
-0.94949,1.2323,2.6794,-2.6794
-0.94949,1.2727,2.7863,-2.7863
-0.94949,1.3131,2.916,-2.916
-0.94949,1.3535,3.0652,-3.0652
-0.94949,1.3939,3.2306,-3.2306
-0.94949,1.4343,3.409,-3.409
-0.94949,1.4747,3.5976,-3.5976
-0.94949,1.5152,3.7938,-3.7938
-0.94949,1.5556,3.9953,-3.9953
-0.94949,1.596,4.2,-4.2
-0.94949,1.6364,4.4063,-4.4063
-0.94949,1.6768,4.6123,-4.6123
-0.94949,1.7172,4.8168,-4.8168
-0.94949,1.7576,5.0185,-5.0185
-0.94949,1.798,5.2163,-5.2163
-0.94949,1.8384,5.409,-5.409
-0.94949,1.8788,5.5958,-5.5958
-0.94949,1.9192,5.7758,-5.7758
-0.94949,1.9596,5.9482,-5.9482
-0.94949,2,6.1124,-6.1124
-0.90909,-2,5.9531,-5.9531
-0.90909,-1.9596,5.7913,-5.7913
-0.90909,-1.9192,5.6216,-5.6216
-0.90909,-1.8788,5.4446,-5.4446
-0.90909,-1.8384,5.2613,-5.2613
-0.90909,-1.798,5.0725,-5.0725
-0.90909,-1.7576,4.8792,-4.8792
-0.90909,-1.7172,4.6826,-4.6826
-0.90909,-1.6768,4.4839,-4.4839
-0.90909,-1.6364,4.2845,-4.2845
-0.90909,-1.596,4.0859,-4.0859
-0.90909,-1.5556,3.8899,-3.8899
-0.90909,-1.5152,3.6985,-3.6985
-0.90909,-1.4747,3.5139,-3.5139
-0.90909,-1.4343,3.3386,-3.3386
-0.90909,-1.3939,3.1753,-3.1753
-0.90909,-1.3535,3.0272,-3.0272
-0.90909,-1.3131,2.8973,-2.8973
-0.90909,-1.2727,2.7888,-2.7888
-0.90909,-1.2323,2.7048,-2.7048
-0.90909,-1.1919,2.6475,-2.6475
-0.90909,-1.1515,2.6186,-2.6186
-0.90909,-1.1111,2.6185,-2.6185
-0.90909,-1.0707,2.6464,-2.6464
-0.90909,-1.0303,2.7005,-2.7005
-0.90909,-0.9899,2.7779,-2.7779
-0.90909,-0.94949,2.8755,-2.8755
-0.90909,-0.90909,2.9897,-2.9897
-0.90909,-0.86869,3.1169,-3.1169
-0.90909,-0.82828,3.254,-3.254
-0.90909,-0.78788,3.398,-3.398
-0.90909,-0.74747,3.5461,-3.5461
-0.90909,-0.70707,3.6961,-3.6961
-0.90909,-0.66667,3.846,-3.846
-0.90909,-0.62626,3.9939,-3.9939
-0.90909,-0.58586,4.1383,-4.1383
-0.90909,-0.54545,4.278,-4.278
-0.90909,-0.50505,4.4118,-4.4118
-0.90909,-0.46465,4.5385,-4.5385
-0.90909,-0.42424,4.6575,-4.6575
-0.90909,-0.38384,4.7678,-4.7678
-0.90909,-0.34343,4.8688,-4.8688
-0.90909,-0.30303,4.96,-4.96
-0.90909,-0.26263,5.0408,-5.0408
-0.90909,-0.22222,5.1109,-5.1109
-0.90909,-0.18182,5.1698,-5.1698
-0.90909,-0.14141,5.2172,-5.2172
-0.90909,-0.10101,5.253,-5.253
-0.90909,-0.060606,5.277,-5.277
-0.90909,-0.020202,5.289,-5.289
-0.90909,0.020202,5.289,-5.289
-0.90909,0.060606,5.277,-5.277
-0.90909,0.10101,5.253,-5.253
-0.90909,0.14141,5.2172,-5.2172
-0.90909,0.18182,5.1698,-5.1698
-0.90909,0.22222,5.1109,-5.1109
-0.90909,0.26263,5.0408,-5.0408
-0.90909,0.30303,4.96,-4.96
-0.90909,0.34343,4.8688,-4.8688
-0.90909,0.38384,4.7678,-4.7678
-0.90909,0.42424,4.6575,-4.6575
-0.90909,0.46465,4.5385,-4.5385
-0.90909,0.50505,4.4118,-4.4118
-0.90909,0.54545,4.278,-4.278
-0.90909,0.58586,4.1383,-4.1383
-0.90909,0.62626,3.9939,-3.9939
-0.90909,0.66667,3.846,-3.846
-0.90909,0.70707,3.6961,-3.6961
-0.90909,0.74747,3.5461,-3.5461
-0.90909,0.78788,3.398,-3.398
-0.90909,0.82828,3.254,-3.254
-0.90909,0.86869,3.1169,-3.1169
-0.90909,0.90909,2.9897,-2.9897
-0.90909,0.94949,2.8755,-2.8755
-0.90909,0.9899,2.7779,-2.7779
-0.90909,1.0303,2.7005,-2.7005
-0.90909,1.0707,2.6464,-2.6464
-0.90909,1.1111,2.6185,-2.6185
-0.90909,1.1515,2.6186,-2.6186
-0.90909,1.1919,2.6475,-2.6475
-0.90909,1.2323,2.7048,-2.7048
-0.90909,1.2727,2.7888,-2.7888
-0.90909,1.3131,2.8973,-2.8973
-0.90909,1.3535,3.0272,-3.0272
-0.90909,1.3939,3.1753,-3.1753
-0.90909,1.4343,3.3386,-3.3386
-0.90909,1.4747,3.5139,-3.5139
-0.90909,1.5152,3.6985,-3.6985
-0.90909,1.5556,3.8899,-3.8899
-0.90909,1.596,4.0859,-4.0859
-0.90909,1.6364,4.2845,-4.2845
-0.90909,1.6768,4.4839,-4.4839
-0.90909,1.7172,4.6826,-4.6826
-0.90909,1.7576,4.8792,-4.8792
-0.90909,1.798,5.0725,-5.0725
-0.90909,1.8384,5.2613,-5.2613
-0.90909,1.8788,5.4446,-5.4446
-0.90909,1.9192,5.6216,-5.6216
-0.90909,1.9596,5.7913,-5.7913
-0.90909,2,5.9531,-5.9531
-0.86869,-2,5.7839,-5.7839
-0.86869,-1.9596,5.6245,-5.6245
-0.86869,-1.9192,5.4576,-5.4576
-0.86869,-1.8788,5.2838,-5.2838
-0.86869,-1.8384,5.1041,-5.1041
-0.86869,-1.798,4.9195,-4.9195
-0.86869,-1.7576,4.731,-4.731
-0.86869,-1.7172,4.5398,-4.5398
-0.86869,-1.6768,4.3473,-4.3473
-0.86869,-1.6364,4.1549,-4.1549
-0.86869,-1.596,3.9645,-3.9645
-0.86869,-1.5556,3.778,-3.778
-0.86869,-1.5152,3.5974,-3.5974
-0.86869,-1.4747,3.4253,-3.4253
-0.86869,-1.4343,3.2642,-3.2642
-0.86869,-1.3939,3.1172,-3.1172
-0.86869,-1.3535,2.9874,-2.9874
-0.86869,-1.3131,2.8778,-2.8778
-0.86869,-1.2727,2.7914,-2.7914
-0.86869,-1.2323,2.7308,-2.7308
-0.86869,-1.1919,2.6977,-2.6977
-0.86869,-1.1515,2.6929,-2.6929
-0.86869,-1.1111,2.7159,-2.7159
-0.86869,-1.0707,2.7653,-2.7653
-0.86869,-1.0303,2.8387,-2.8387
-0.86869,-0.9899,2.933,-2.933
-0.86869,-0.94949,3.0451,-3.0451
-0.86869,-0.90909,3.1714,-3.1714
-0.86869,-0.86869,3.3087,-3.3087
-0.86869,-0.82828,3.4541,-3.4541
-0.86869,-0.78788,3.6049,-3.6049
-0.86869,-0.74747,3.7586,-3.7586
-0.86869,-0.70707,3.9131,-3.9131
-0.86869,-0.66667,4.0666,-4.0666
-0.86869,-0.62626,4.2176,-4.2176
-0.86869,-0.58586,4.3645,-4.3645
-0.86869,-0.54545,4.5062,-4.5062
-0.86869,-0.50505,4.6416,-4.6416
-0.86869,-0.46465,4.7698,-4.7698
-0.86869,-0.42424,4.8898,-4.8898
-0.86869,-0.38384,5.0011,-5.0011
-0.86869,-0.34343,5.1029,-5.1029
-0.86869,-0.30303,5.1947,-5.1947
-0.86869,-0.26263,5.2761,-5.2761
-0.86869,-0.22222,5.3465,-5.3465
-0.86869,-0.18182,5.4057,-5.4057
-0.86869,-0.14141,5.4534,-5.4534
-0.86869,-0.10101,5.4894,-5.4894
-0.86869,-0.060606,5.5135,-5.5135
-0.86869,-0.020202,5.5255,-5.5255
-0.86869,0.020202,5.5255,-5.5255
-0.86869,0.060606,5.5135,-5.5135
-0.86869,0.10101,5.4894,-5.4894
-0.86869,0.14141,5.4534,-5.4534
-0.86869,0.18182,5.4057,-5.4057
-0.86869,0.22222,5.3465,-5.3465
-0.86869,0.26263,5.2761,-5.2761
-0.86869,0.30303,5.1947,-5.1947
-0.86869,0.34343,5.1029,-5.1029
-0.86869,0.38384,5.0011,-5.0011
-0.86869,0.42424,4.8898,-4.8898
-0.86869,0.46465,4.7698,-4.7698
-0.86869,0.50505,4.6416,-4.6416
-0.86869,0.54545,4.5062,-4.5062
-0.86869,0.58586,4.3645,-4.3645
-0.86869,0.62626,4.2176,-4.2176
-0.86869,0.66667,4.0666,-4.0666
-0.86869,0.70707,3.9131,-3.9131
-0.86869,0.74747,3.7586,-3.7586
-0.86869,0.78788,3.6049,-3.6049
-0.86869,0.82828,3.4541,-3.4541
-0.86869,0.86869,3.3087,-3.3087
-0.86869,0.90909,3.1714,-3.1714
-0.86869,0.94949,3.0451,-3.0451
-0.86869,0.9899,2.933,-2.933
-0.86869,1.0303,2.8387,-2.8387
-0.86869,1.0707,2.7653,-2.7653
-0.86869,1.1111,2.7159,-2.7159
-0.86869,1.1515,2.6929,-2.6929
-0.86869,1.1919,2.6977,-2.6977
-0.86869,1.2323,2.7308,-2.7308
-0.86869,1.2727,2.7914,-2.7914
-0.86869,1.3131,2.8778,-2.8778
-0.86869,1.3535,2.9874,-2.9874
-0.86869,1.3939,3.1172,-3.1172
-0.86869,1.4343,3.2642,-3.2642
-0.86869,1.4747,3.4253,-3.4253
-0.86869,1.5152,3.5974,-3.5974
-0.86869,1.5556,3.778,-3.778
-0.86869,1.596,3.9645,-3.9645
-0.86869,1.6364,4.1549,-4.1549
-0.86869,1.6768,4.3473,-4.3473
-0.86869,1.7172,4.5398,-4.5398
-0.86869,1.7576,4.731,-4.731
-0.86869,1.798,4.9195,-4.9195
-0.86869,1.8384,5.1041,-5.1041
-0.86869,1.8788,5.2838,-5.2838
-0.86869,1.9192,5.4576,-5.4576
-0.86869,1.9596,5.6245,-5.6245
-0.86869,2,5.7839,-5.7839
-0.82828,-2,5.6051,-5.6051
-0.82828,-1.9596,5.4483,-5.4483
-0.82828,-1.9192,5.2843,-5.2843
-0.82828,-1.8788,5.1138,-5.1138
-0.82828,-1.8384,4.9379,-4.9379
-0.82828,-1.798,4.7576,-4.7576
-0.82828,-1.7576,4.574,-4.574
-0.82828,-1.7172,4.3885,-4.3885
-0.82828,-1.6768,4.2025,-4.2025
-0.82828,-1.6364,4.0178,-4.0178
-0.82828,-1.596,3.8361,-3.8361
-0.82828,-1.5556,3.6597,-3.6597
-0.82828,-1.5152,3.4907,-3.4907
-0.82828,-1.4747,3.3319,-3.3319
-0.82828,-1.4343,3.1862,-3.1862
-0.82828,-1.3939,3.0565,-3.0565
-0.82828,-1.3535,2.946,-2.946
-0.82828,-1.3131,2.8576,-2.8576
-0.82828,-1.2727,2.7941,-2.7941
-0.82828,-1.2323,2.7573,-2.7573
-0.82828,-1.1919,2.7482,-2.7482
-0.82828,-1.1515,2.7669,-2.7669
-0.82828,-1.1111,2.8122,-2.8122
-0.82828,-1.0707,2.882,-2.882
-0.82828,-1.0303,2.9737,-2.9737
-0.82828,-0.9899,3.0839,-3.0839
-0.82828,-0.94949,3.2096,-3.2096
-0.82828,-0.90909,3.3474,-3.3474
-0.82828,-0.86869,3.4944,-3.4944
-0.82828,-0.82828,3.6479,-3.6479
-0.82828,-0.78788,3.8053,-3.8053
-0.82828,-0.74747,3.9645,-3.9645
-0.82828,-0.70707,4.1237,-4.1237
-0.82828,-0.66667,4.281,-4.281
-0.82828,-0.62626,4.4352,-4.4352
-0.82828,-0.58586,4.5848,-4.5848
-0.82828,-0.54545,4.7287,-4.7287
-0.82828,-0.50505,4.866,-4.866
-0.82828,-0.46465,4.9957,-4.9957
-0.82828,-0.42424,5.1171,-5.1171
-0.82828,-0.38384,5.2294,-5.2294
-0.82828,-0.34343,5.3322,-5.3322
-0.82828,-0.30303,5.4248,-5.4248
-0.82828,-0.26263,5.5067,-5.5067
-0.82828,-0.22222,5.5777,-5.5777
-0.82828,-0.18182,5.6373,-5.6373
-0.82828,-0.14141,5.6854,-5.6854
-0.82828,-0.10101,5.7216,-5.7216
-0.82828,-0.060606,5.7458,-5.7458
-0.82828,-0.020202,5.7579,-5.7579
-0.82828,0.020202,5.7579,-5.7579
-0.82828,0.060606,5.7458,-5.7458
-0.82828,0.10101,5.7216,-5.7216
-0.82828,0.14141,5.6854,-5.6854
-0.82828,0.18182,5.6373,-5.6373
-0.82828,0.22222,5.5777,-5.5777
-0.82828,0.26263,5.5067,-5.5067
-0.82828,0.30303,5.4248,-5.4248
-0.82828,0.34343,5.3322,-5.3322
-0.82828,0.38384,5.2294,-5.2294
-0.82828,0.42424,5.1171,-5.1171
-0.82828,0.46465,4.9957,-4.9957
-0.82828,0.50505,4.866,-4.866
-0.82828,0.54545,4.7287,-4.7287
-0.82828,0.58586,4.5848,-4.5848
-0.82828,0.62626,4.4352,-4.4352
-0.82828,0.66667,4.281,-4.281
-0.82828,0.70707,4.1237,-4.1237
-0.82828,0.74747,3.9645,-3.9645
-0.82828,0.78788,3.8053,-3.8053
-0.82828,0.82828,3.6479,-3.6479
-0.82828,0.86869,3.4944,-3.4944
-0.82828,0.90909,3.3474,-3.3474
-0.82828,0.94949,3.2096,-3.2096
-0.82828,0.9899,3.0839,-3.0839
-0.82828,1.0303,2.9737,-2.9737
-0.82828,1.0707,2.882,-2.882
-0.82828,1.1111,2.8122,-2.8122
-0.82828,1.1515,2.7669,-2.7669
-0.82828,1.1919,2.7482,-2.7482
-0.82828,1.2323,2.7573,-2.7573
-0.82828,1.2727,2.7941,-2.7941
-0.82828,1.3131,2.8576,-2.8576
-0.82828,1.3535,2.946,-2.946
-0.82828,1.3939,3.0565,-3.0565
-0.82828,1.4343,3.1862,-3.1862
-0.82828,1.4747,3.3319,-3.3319
-0.82828,1.5152,3.4907,-3.4907
-0.82828,1.5556,3.6597,-3.6597
-0.82828,1.596,3.8361,-3.8361
-0.82828,1.6364,4.0178,-4.0178
-0.82828,1.6768,4.2025,-4.2025
-0.82828,1.7172,4.3885,-4.3885
-0.82828,1.7576,4.574,-4.574
-0.82828,1.798,4.7576,-4.7576
-0.82828,1.8384,4.9379,-4.9379
-0.82828,1.8788,5.1138,-5.1138
-0.82828,1.9192,5.2843,-5.2843
-0.82828,1.9596,5.4483,-5.4483
-0.82828,2,5.6051,-5.6051
-0.78788,-2,5.4172,-5.4172
-0.78788,-1.9596,5.263,-5.263
-0.78788,-1.9192,5.1019,-5.1019
-0.78788,-1.8788,4.9349,-4.9349
-0.78788,-1.8384,4.7629,-4.7629
-0.78788,-1.798,4.587,-4.587
-0.78788,-1.7576,4.4086,-4.4086
-0.78788,-1.7172,4.2291,-4.2291
-0.78788,-1.6768,4.0501,-4.0501
-0.78788,-1.6364,3.8733,-3.8733
-0.78788,-1.596,3.701,-3.701
-0.78788,-1.5556,3.5353,-3.5353
-0.78788,-1.5152,3.3788,-3.3788
-0.78788,-1.4747,3.2343,-3.2343
-0.78788,-1.4343,3.1048,-3.1048
-0.78788,-1.3939,2.9935,-2.9935
-0.78788,-1.3535,2.9033,-2.9033
-0.78788,-1.3131,2.837,-2.837
-0.78788,-1.2727,2.7968,-2.7968
-0.78788,-1.2323,2.7839,-2.7839
-0.78788,-1.1919,2.7986,-2.7986
-0.78788,-1.1515,2.8402,-2.8402
-0.78788,-1.1111,2.9069,-2.9069
-0.78788,-1.0707,2.9961,-2.9961
-0.78788,-1.0303,3.1049,-3.1049
-0.78788,-0.9899,3.2302,-3.2302
-0.78788,-0.94949,3.3687,-3.3687
-0.78788,-0.90909,3.5174,-3.5174
-0.78788,-0.86869,3.6737,-3.6737
-0.78788,-0.82828,3.8349,-3.8349
-0.78788,-0.78788,3.9988,-3.9988
-0.78788,-0.74747,4.1636,-4.1636
-0.78788,-0.70707,4.3273,-4.3273
-0.78788,-0.66667,4.4886,-4.4886
-0.78788,-0.62626,4.646,-4.646
-0.78788,-0.58586,4.7984,-4.7984
-0.78788,-0.54545,4.9447,-4.9447
-0.78788,-0.50505,5.084,-5.084
-0.78788,-0.46465,5.2154,-5.2154
-0.78788,-0.42424,5.3383,-5.3383
-0.78788,-0.38384,5.4519,-5.4519
-0.78788,-0.34343,5.5556,-5.5556
-0.78788,-0.30303,5.6491,-5.6491
-0.78788,-0.26263,5.7318,-5.7318
-0.78788,-0.22222,5.8034,-5.8034
-0.78788,-0.18182,5.8635,-5.8635
-0.78788,-0.14141,5.9119,-5.9119
-0.78788,-0.10101,5.9484,-5.9484
-0.78788,-0.060606,5.9728,-5.9728
-0.78788,-0.020202,5.985,-5.985
-0.78788,0.020202,5.985,-5.985
-0.78788,0.060606,5.9728,-5.9728
-0.78788,0.10101,5.9484,-5.9484
-0.78788,0.14141,5.9119,-5.9119
-0.78788,0.18182,5.8635,-5.8635
-0.78788,0.22222,5.8034,-5.8034
-0.78788,0.26263,5.7318,-5.7318
-0.78788,0.30303,5.6491,-5.6491
-0.78788,0.34343,5.5556,-5.5556
-0.78788,0.38384,5.4519,-5.4519
-0.78788,0.42424,5.3383,-5.3383
-0.78788,0.46465,5.2154,-5.2154
-0.78788,0.50505,5.084,-5.084
-0.78788,0.54545,4.9447,-4.9447
-0.78788,0.58586,4.7984,-4.7984
-0.78788,0.62626,4.646,-4.646
-0.78788,0.66667,4.4886,-4.4886
-0.78788,0.70707,4.3273,-4.3273
-0.78788,0.74747,4.1636,-4.1636
-0.78788,0.78788,3.9988,-3.9988
-0.78788,0.82828,3.8349,-3.8349
-0.78788,0.86869,3.6737,-3.6737
-0.78788,0.90909,3.5174,-3.5174
-0.78788,0.94949,3.3687,-3.3687
-0.78788,0.9899,3.2302,-3.2302
-0.78788,1.0303,3.1049,-3.1049
-0.78788,1.0707,2.9961,-2.9961
-0.78788,1.1111,2.9069,-2.9069
-0.78788,1.1515,2.8402,-2.8402
-0.78788,1.1919,2.7986,-2.7986
-0.78788,1.2323,2.7839,-2.7839
-0.78788,1.2727,2.7968,-2.7968
-0.78788,1.3131,2.837,-2.837
-0.78788,1.3535,2.9033,-2.9033
-0.78788,1.3939,2.9935,-2.9935
-0.78788,1.4343,3.1048,-3.1048
-0.78788,1.4747,3.2343,-3.2343
-0.78788,1.5152,3.3788,-3.3788
-0.78788,1.5556,3.5353,-3.5353
-0.78788,1.596,3.701,-3.701
-0.78788,1.6364,3.8733,-3.8733
-0.78788,1.6768,4.0501,-4.0501
-0.78788,1.7172,4.2291,-4.2291
-0.78788,1.7576,4.4086,-4.4086
-0.78788,1.798,4.587,-4.587
-0.78788,1.8384,4.7629,-4.7629
-0.78788,1.8788,4.9349,-4.9349
-0.78788,1.9192,5.1019,-5.1019
-0.78788,1.9596,5.263,-5.263
-0.78788,2,5.4172,-5.4172
-0.74747,-2,5.2207,-5.2207
-0.74747,-1.9596,5.0691,-5.0691
-0.74747,-1.9192,4.911,-4.911
-0.74747,-1.8788,4.7474,-4.7474
-0.74747,-1.8384,4.5794,-4.5794
-0.74747,-1.798,4.4082,-4.4082
-0.74747,-1.7576,4.2352,-4.2352
-0.74747,-1.7172,4.0619,-4.0619
-0.74747,-1.6768,3.8901,-3.8901
-0.74747,-1.6364,3.7219,-3.7219
-0.74747,-1.596,3.5594,-3.5594
-0.74747,-1.5556,3.4051,-3.4051
-0.74747,-1.5152,3.2619,-3.2619
-0.74747,-1.4747,3.1326,-3.1326
-0.74747,-1.4343,3.0205,-3.0205
-0.74747,-1.3939,2.9285,-2.9285
-0.74747,-1.3535,2.8596,-2.8596
-0.74747,-1.3131,2.8161,-2.8161
-0.74747,-1.2727,2.7995,-2.7995
-0.74747,-1.2323,2.8105,-2.8105
-0.74747,-1.1919,2.8486,-2.8486
-0.74747,-1.1515,2.9123,-2.9123
-0.74747,-1.1111,2.9994,-2.9994
-0.74747,-1.0707,3.107,-3.107
-0.74747,-1.0303,3.232,-3.232
-0.74747,-0.9899,3.3714,-3.3714
-0.74747,-0.94949,3.522,-3.522
-0.74747,-0.90909,3.6811,-3.6811
-0.74747,-0.86869,3.8461,-3.8461
-0.74747,-0.82828,4.0148,-4.0148
-0.74747,-0.78788,4.1851,-4.1851
-0.74747,-0.74747,4.3552,-4.3552
-0.74747,-0.70707,4.5236,-4.5236
-0.74747,-0.66667,4.6888,-4.6888
-0.74747,-0.62626,4.8495,-4.8495
-0.74747,-0.58586,5.0048,-5.0048
-0.74747,-0.54545,5.1536,-5.1536
-0.74747,-0.50505,5.295,-5.295
-0.74747,-0.46465,5.4282,-5.4282
-0.74747,-0.42424,5.5526,-5.5526
-0.74747,-0.38384,5.6675,-5.6675
-0.74747,-0.34343,5.7724,-5.7724
-0.74747,-0.30303,5.8669,-5.8669
-0.74747,-0.26263,5.9504,-5.9504
-0.74747,-0.22222,6.0226,-6.0226
-0.74747,-0.18182,6.0833,-6.0833
-0.74747,-0.14141,6.1321,-6.1321
-0.74747,-0.10101,6.1689,-6.1689
-0.74747,-0.060606,6.1935,-6.1935
-0.74747,-0.020202,6.2058,-6.2058
-0.74747,0.020202,6.2058,-6.2058
-0.74747,0.060606,6.1935,-6.1935
-0.74747,0.10101,6.1689,-6.1689
-0.74747,0.14141,6.1321,-6.1321
-0.74747,0.18182,6.0833,-6.0833
-0.74747,0.22222,6.0226,-6.0226
-0.74747,0.26263,5.9504,-5.9504
-0.74747,0.30303,5.8669,-5.8669
-0.74747,0.34343,5.7724,-5.7724
-0.74747,0.38384,5.6675,-5.6675
-0.74747,0.42424,5.5526,-5.5526
-0.74747,0.46465,5.4282,-5.4282
-0.74747,0.50505,5.295,-5.295
-0.74747,0.54545,5.1536,-5.1536
-0.74747,0.58586,5.0048,-5.0048
-0.74747,0.62626,4.8495,-4.8495
-0.74747,0.66667,4.6888,-4.6888
-0.74747,0.70707,4.5236,-4.5236
-0.74747,0.74747,4.3552,-4.3552
-0.74747,0.78788,4.1851,-4.1851
-0.74747,0.82828,4.0148,-4.0148
-0.74747,0.86869,3.8461,-3.8461
-0.74747,0.90909,3.6811,-3.6811
-0.74747,0.94949,3.522,-3.522
-0.74747,0.9899,3.3714,-3.3714
-0.74747,1.0303,3.232,-3.232
-0.74747,1.0707,3.107,-3.107
-0.74747,1.1111,2.9994,-2.9994
-0.74747,1.1515,2.9123,-2.9123
-0.74747,1.1919,2.8486,-2.8486
-0.74747,1.2323,2.8105,-2.8105
-0.74747,1.2727,2.7995,-2.7995
-0.74747,1.3131,2.8161,-2.8161
-0.74747,1.3535,2.8596,-2.8596
-0.74747,1.3939,2.9285,-2.9285
-0.74747,1.4343,3.0205,-3.0205
-0.74747,1.4747,3.1326,-3.1326
-0.74747,1.5152,3.2619,-3.2619
-0.74747,1.5556,3.4051,-3.4051
-0.74747,1.596,3.5594,-3.5594
-0.74747,1.6364,3.7219,-3.7219
-0.74747,1.6768,3.8901,-3.8901
-0.74747,1.7172,4.0619,-4.0619
-0.74747,1.7576,4.2352,-4.2352
-0.74747,1.798,4.4082,-4.4082
-0.74747,1.8384,4.5794,-4.5794
-0.74747,1.8788,4.7474,-4.7474
-0.74747,1.9192,4.911,-4.911
-0.74747,1.9596,5.0691,-5.0691
-0.74747,2,5.2207,-5.2207
-0.70707,-2,5.0162,-5.0162
-0.70707,-1.9596,4.8672,-4.8672
-0.70707,-1.9192,4.7121,-4.7121
-0.70707,-1.8788,4.5519,-4.5519
-0.70707,-1.8384,4.388,-4.388
-0.70707,-1.798,4.2215,-4.2215
-0.70707,-1.7576,4.054,-4.054
-0.70707,-1.7172,3.8872,-3.8872
-0.70707,-1.6768,3.723,-3.723
-0.70707,-1.6364,3.5637,-3.5637
-0.70707,-1.596,3.4116,-3.4116
-0.70707,-1.5556,3.2695,-3.2695
-0.70707,-1.5152,3.1404,-3.1404
-0.70707,-1.4747,3.0273,-3.0273
-0.70707,-1.4343,2.9335,-2.9335
-0.70707,-1.3939,2.8619,-2.8619
-0.70707,-1.3535,2.8151,-2.8151
-0.70707,-1.3131,2.7949,-2.7949
-0.70707,-1.2727,2.8022,-2.8022
-0.70707,-1.2323,2.8369,-2.8369
-0.70707,-1.1919,2.8978,-2.8978
-0.70707,-1.1515,2.9828,-2.9828
-0.70707,-1.1111,3.0893,-3.0893
-0.70707,-1.0707,3.2142,-3.2142
-0.70707,-1.0303,3.3545,-3.3545
-0.70707,-0.9899,3.5071,-3.5071
-0.70707,-0.94949,3.6691,-3.6691
-0.70707,-0.90909,3.838,-3.838
-0.70707,-0.86869,4.0115,-4.0115
-0.70707,-0.82828,4.1873,-4.1873
-0.70707,-0.78788,4.3638,-4.3638
-0.70707,-0.74747,4.5391,-4.5391
-0.70707,-0.70707,4.712,-4.712
-0.70707,-0.66667,4.8811,-4.8811
-0.70707,-0.62626,5.0452,-5.0452
-0.70707,-0.58586,5.2034,-5.2034
-0.70707,-0.54545,5.3547,-5.3547
-0.70707,-0.50505,5.4982,-5.4982
-0.70707,-0.46465,5.6333,-5.6333
-0.70707,-0.42424,5.7593,-5.7593
-0.70707,-0.38384,5.8757,-5.8757
-0.70707,-0.34343,5.9818,-5.9818
-0.70707,-0.30303,6.0772,-6.0772
-0.70707,-0.26263,6.1616,-6.1616
-0.70707,-0.22222,6.2345,-6.2345
-0.70707,-0.18182,6.2957,-6.2957
-0.70707,-0.14141,6.345,-6.345
-0.70707,-0.10101,6.3821,-6.3821
-0.70707,-0.060606,6.407,-6.407
-0.70707,-0.020202,6.4194,-6.4194
-0.70707,0.020202,6.4194,-6.4194
-0.70707,0.060606,6.407,-6.407
-0.70707,0.10101,6.3821,-6.3821
-0.70707,0.14141,6.345,-6.345
-0.70707,0.18182,6.2957,-6.2957
-0.70707,0.22222,6.2345,-6.2345
-0.70707,0.26263,6.1616,-6.1616
-0.70707,0.30303,6.0772,-6.0772
-0.70707,0.34343,5.9818,-5.9818
-0.70707,0.38384,5.8757,-5.8757
-0.70707,0.42424,5.7593,-5.7593
-0.70707,0.46465,5.6333,-5.6333
-0.70707,0.50505,5.4982,-5.4982
-0.70707,0.54545,5.3547,-5.3547
-0.70707,0.58586,5.2034,-5.2034
-0.70707,0.62626,5.0452,-5.0452
-0.70707,0.66667,4.8811,-4.8811
-0.70707,0.70707,4.712,-4.712
-0.70707,0.74747,4.5391,-4.5391
-0.70707,0.78788,4.3638,-4.3638
-0.70707,0.82828,4.1873,-4.1873
-0.70707,0.86869,4.0115,-4.0115
-0.70707,0.90909,3.838,-3.838
-0.70707,0.94949,3.6691,-3.6691
-0.70707,0.9899,3.5071,-3.5071
-0.70707,1.0303,3.3545,-3.3545
-0.70707,1.0707,3.2142,-3.2142
-0.70707,1.1111,3.0893,-3.0893
-0.70707,1.1515,2.9828,-2.9828
-0.70707,1.1919,2.8978,-2.8978
-0.70707,1.2323,2.8369,-2.8369
-0.70707,1.2727,2.8022,-2.8022
-0.70707,1.3131,2.7949,-2.7949
-0.70707,1.3535,2.8151,-2.8151
-0.70707,1.3939,2.8619,-2.8619
-0.70707,1.4343,2.9335,-2.9335
-0.70707,1.4747,3.0273,-3.0273
-0.70707,1.5152,3.1404,-3.1404
-0.70707,1.5556,3.2695,-3.2695
-0.70707,1.596,3.4116,-3.4116
-0.70707,1.6364,3.5637,-3.5637
-0.70707,1.6768,3.723,-3.723
-0.70707,1.7172,3.8872,-3.8872
-0.70707,1.7576,4.054,-4.054
-0.70707,1.798,4.2215,-4.2215
-0.70707,1.8384,4.388,-4.388
-0.70707,1.8788,4.5519,-4.5519
-0.70707,1.9192,4.7121,-4.7121
-0.70707,1.9596,4.8672,-4.8672
-0.70707,2,5.0162,-5.0162
-0.66667,-2,4.8042,-4.8042
-0.66667,-1.9596,4.6576,-4.6576
-0.66667,-1.9192,4.5055,-4.5055
-0.66667,-1.8788,4.3488,-4.3488
-0.66667,-1.8384,4.1889,-4.1889
-0.66667,-1.798,4.0272,-4.0272
-0.66667,-1.7576,3.8653,-3.8653
-0.66667,-1.7172,3.7052,-3.7052
-0.66667,-1.6768,3.549,-3.549
-0.66667,-1.6364,3.399,-3.399
-0.66667,-1.596,3.258,-3.258
-0.66667,-1.5556,3.1288,-3.1288
-0.66667,-1.5152,3.0147,-3.0147
-0.66667,-1.4747,2.9189,-2.9189
-0.66667,-1.4343,2.8444,-2.8444
-0.66667,-1.3939,2.7941,-2.7941
-0.66667,-1.3535,2.7702,-2.7702
-0.66667,-1.3131,2.7737,-2.7737
-0.66667,-1.2727,2.8049,-2.8049
-0.66667,-1.2323,2.863,-2.863
-0.66667,-1.1919,2.9459,-2.9459
-0.66667,-1.1515,3.0513,-3.0513
-0.66667,-1.1111,3.1762,-3.1762
-0.66667,-1.0707,3.3175,-3.3175
-0.66667,-1.0303,3.4721,-3.4721
-0.66667,-0.9899,3.6371,-3.6371
-0.66667,-0.94949,3.8098,-3.8098
-0.66667,-0.90909,3.988,-3.988
-0.66667,-0.86869,4.1694,-4.1694
-0.66667,-0.82828,4.3521,-4.3521
-0.66667,-0.78788,4.5344,-4.5344
-0.66667,-0.74747,4.7149,-4.7149
-0.66667,-0.70707,4.8922,-4.8922
-0.66667,-0.66667,5.0651,-5.0651
-0.66667,-0.62626,5.2326,-5.2326
-0.66667,-0.58586,5.3936,-5.3936
-0.66667,-0.54545,5.5474,-5.5474
-0.66667,-0.50505,5.6931,-5.6931
-0.66667,-0.46465,5.8301,-5.8301
-0.66667,-0.42424,5.9578,-5.9578
-0.66667,-0.38384,6.0756,-6.0756
-0.66667,-0.34343,6.1829,-6.1829
-0.66667,-0.30303,6.2794,-6.2794
-0.66667,-0.26263,6.3646,-6.3646
-0.66667,-0.22222,6.4383,-6.4383
-0.66667,-0.18182,6.5002,-6.5002
-0.66667,-0.14141,6.5499,-6.5499
-0.66667,-0.10101,6.5874,-6.5874
-0.66667,-0.060606,6.6124,-6.6124
-0.66667,-0.020202,6.625,-6.625
-0.66667,0.020202,6.625,-6.625
-0.66667,0.060606,6.6124,-6.6124
-0.66667,0.10101,6.5874,-6.5874
-0.66667,0.14141,6.5499,-6.5499
-0.66667,0.18182,6.5002,-6.5002
-0.66667,0.22222,6.4383,-6.4383
-0.66667,0.26263,6.3646,-6.3646
-0.66667,0.30303,6.2794,-6.2794
-0.66667,0.34343,6.1829,-6.1829
-0.66667,0.38384,6.0756,-6.0756
-0.66667,0.42424,5.9578,-5.9578
-0.66667,0.46465,5.8301,-5.8301
-0.66667,0.50505,5.6931,-5.6931
-0.66667,0.54545,5.5474,-5.5474
-0.66667,0.58586,5.3936,-5.3936
-0.66667,0.62626,5.2326,-5.2326
-0.66667,0.66667,5.0651,-5.0651
-0.66667,0.70707,4.8922,-4.8922
-0.66667,0.74747,4.7149,-4.7149
-0.66667,0.78788,4.5344,-4.5344
-0.66667,0.82828,4.3521,-4.3521
-0.66667,0.86869,4.1694,-4.1694
-0.66667,0.90909,3.988,-3.988
-0.66667,0.94949,3.8098,-3.8098
-0.66667,0.9899,3.6371,-3.6371
-0.66667,1.0303,3.4721,-3.4721
-0.66667,1.0707,3.3175,-3.3175
-0.66667,1.1111,3.1762,-3.1762
-0.66667,1.1515,3.0513,-3.0513
-0.66667,1.1919,2.9459,-2.9459
-0.66667,1.2323,2.863,-2.863
-0.66667,1.2727,2.8049,-2.8049
-0.66667,1.3131,2.7737,-2.7737
-0.66667,1.3535,2.7702,-2.7702
-0.66667,1.3939,2.7941,-2.7941
-0.66667,1.4343,2.8444,-2.8444
-0.66667,1.4747,2.9189,-2.9189
-0.66667,1.5152,3.0147,-3.0147
-0.66667,1.5556,3.1288,-3.1288
-0.66667,1.596,3.258,-3.258
-0.66667,1.6364,3.399,-3.399
-0.66667,1.6768,3.549,-3.549
-0.66667,1.7172,3.7052,-3.7052
-0.66667,1.7576,3.8653,-3.8653
-0.66667,1.798,4.0272,-4.0272
-0.66667,1.8384,4.1889,-4.1889
-0.66667,1.8788,4.3488,-4.3488
-0.66667,1.9192,4.5055,-4.5055
-0.66667,1.9596,4.6576,-4.6576
-0.66667,2,4.8042,-4.8042
-0.62626,-2,4.5853,-4.5853
-0.62626,-1.9596,4.4412,-4.4412
-0.62626,-1.9192,4.2918,-4.2918
-0.62626,-1.8788,4.1385,-4.1385
-0.62626,-1.8384,3.9827,-3.9827
-0.62626,-1.798,3.8258,-3.8258
-0.62626,-1.7576,3.6697,-3.6697
-0.62626,-1.7172,3.5165,-3.5165
-0.62626,-1.6768,3.3685,-3.3685
-0.62626,-1.6364,3.2283,-3.2283
-0.62626,-1.596,3.0989,-3.0989
-0.62626,-1.5556,2.9835,-2.9835
-0.62626,-1.5152,2.8854,-2.8854
-0.62626,-1.4747,2.8077,-2.8077
-0.62626,-1.4343,2.7537,-2.7537
-0.62626,-1.3939,2.7256,-2.7256
-0.62626,-1.3535,2.7251,-2.7251
-0.62626,-1.3131,2.7526,-2.7526
-0.62626,-1.2727,2.8076,-2.8076
-0.62626,-1.2323,2.8884,-2.8884
-0.62626,-1.1919,2.9927,-2.9927
-0.62626,-1.1515,3.1175,-3.1175
-0.62626,-1.1111,3.2597,-3.2597
-0.62626,-1.0707,3.4163,-3.4163
-0.62626,-1.0303,3.5843,-3.5843
-0.62626,-0.9899,3.7609,-3.7609
-0.62626,-0.94949,3.9438,-3.9438
-0.62626,-0.90909,4.1307,-4.1307
-0.62626,-0.86869,4.3196,-4.3196
-0.62626,-0.82828,4.5088,-4.5088
-0.62626,-0.78788,4.6968,-4.6968
-0.62626,-0.74747,4.8822,-4.8822
-0.62626,-0.70707,5.0638,-5.0638
-0.62626,-0.66667,5.2404,-5.2404
-0.62626,-0.62626,5.4111,-5.4111
-0.62626,-0.58586,5.575,-5.575
-0.62626,-0.54545,5.7313,-5.7313
-0.62626,-0.50505,5.8792,-5.8792
-0.62626,-0.46465,6.0181,-6.0181
-0.62626,-0.42424,6.1474,-6.1474
-0.62626,-0.38384,6.2666,-6.2666
-0.62626,-0.34343,6.3752,-6.3752
-0.62626,-0.30303,6.4727,-6.4727
-0.62626,-0.26263,6.5589,-6.5589
-0.62626,-0.22222,6.6333,-6.6333
-0.62626,-0.18182,6.6958,-6.6958
-0.62626,-0.14141,6.746,-6.746
-0.62626,-0.10101,6.7838,-6.7838
-0.62626,-0.060606,6.8091,-6.8091
-0.62626,-0.020202,6.8218,-6.8218
-0.62626,0.020202,6.8218,-6.8218
-0.62626,0.060606,6.8091,-6.8091
-0.62626,0.10101,6.7838,-6.7838
-0.62626,0.14141,6.746,-6.746
-0.62626,0.18182,6.6958,-6.6958
-0.62626,0.22222,6.6333,-6.6333
-0.62626,0.26263,6.5589,-6.5589
-0.62626,0.30303,6.4727,-6.4727
-0.62626,0.34343,6.3752,-6.3752
-0.62626,0.38384,6.2666,-6.2666
-0.62626,0.42424,6.1474,-6.1474
-0.62626,0.46465,6.0181,-6.0181
-0.62626,0.50505,5.8792,-5.8792
-0.62626,0.54545,5.7313,-5.7313
-0.62626,0.58586,5.575,-5.575
-0.62626,0.62626,5.4111,-5.4111
-0.62626,0.66667,5.2404,-5.2404
-0.62626,0.70707,5.0638,-5.0638
-0.62626,0.74747,4.8822,-4.8822
-0.62626,0.78788,4.6968,-4.6968
-0.62626,0.82828,4.5088,-4.5088
-0.62626,0.86869,4.3196,-4.3196
-0.62626,0.90909,4.1307,-4.1307
-0.62626,0.94949,3.9438,-3.9438
-0.62626,0.9899,3.7609,-3.7609
-0.62626,1.0303,3.5843,-3.5843
-0.62626,1.0707,3.4163,-3.4163
-0.62626,1.1111,3.2597,-3.2597
-0.62626,1.1515,3.1175,-3.1175
-0.62626,1.1919,2.9927,-2.9927
-0.62626,1.2323,2.8884,-2.8884
-0.62626,1.2727,2.8076,-2.8076
-0.62626,1.3131,2.7526,-2.7526
-0.62626,1.3535,2.7251,-2.7251
-0.62626,1.3939,2.7256,-2.7256
-0.62626,1.4343,2.7537,-2.7537
-0.62626,1.4747,2.8077,-2.8077
-0.62626,1.5152,2.8854,-2.8854
-0.62626,1.5556,2.9835,-2.9835
-0.62626,1.596,3.0989,-3.0989
-0.62626,1.6364,3.2283,-3.2283
-0.62626,1.6768,3.3685,-3.3685
-0.62626,1.7172,3.5165,-3.5165
-0.62626,1.7576,3.6697,-3.6697
-0.62626,1.798,3.8258,-3.8258
-0.62626,1.8384,3.9827,-3.9827
-0.62626,1.8788,4.1385,-4.1385
-0.62626,1.9192,4.2918,-4.2918
-0.62626,1.9596,4.4412,-4.4412
-0.62626,2,4.5853,-4.5853
-0.58586,-2,4.3603,-4.3603
-0.58586,-1.9596,4.2184,-4.2184
-0.58586,-1.9192,4.0717,-4.0717
-0.58586,-1.8788,3.9217,-3.9217
-0.58586,-1.8384,3.7698,-3.7698
-0.58586,-1.798,3.6177,-3.6177
-0.58586,-1.7576,3.4674,-3.4674
-0.58586,-1.7172,3.3212,-3.3212
-0.58586,-1.6768,3.1817,-3.1817
-0.58586,-1.6364,3.0519,-3.0519
-0.58586,-1.596,2.9348,-2.9348
-0.58586,-1.5556,2.834,-2.834
-0.58586,-1.5152,2.7528,-2.7528
-0.58586,-1.4747,2.6944,-2.6944
-0.58586,-1.4343,2.6618,-2.6618
-0.58586,-1.3939,2.6567,-2.6567
-0.58586,-1.3535,2.6802,-2.6802
-0.58586,-1.3131,2.7318,-2.7318
-0.58586,-1.2727,2.8102,-2.8102
-0.58586,-1.2323,2.9131,-2.9131
-0.58586,-1.1919,3.0377,-3.0377
-0.58586,-1.1515,3.1809,-3.1809
-0.58586,-1.1111,3.3395,-3.3395
-0.58586,-1.0707,3.5104,-3.5104
-0.58586,-1.0303,3.6909,-3.6909
-0.58586,-0.9899,3.8784,-3.8784
-0.58586,-0.94949,4.0707,-4.0707
-0.58586,-0.90909,4.2658,-4.2658
-0.58586,-0.86869,4.4618,-4.4618
-0.58586,-0.82828,4.6572,-4.6572
-0.58586,-0.78788,4.8506,-4.8506
-0.58586,-0.74747,5.0407,-5.0407
-0.58586,-0.70707,5.2264,-5.2264
-0.58586,-0.66667,5.4066,-5.4066
-0.58586,-0.62626,5.5805,-5.5805
-0.58586,-0.58586,5.7471,-5.7471
-0.58586,-0.54545,5.9058,-5.9058
-0.58586,-0.50505,6.0559,-6.0559
-0.58586,-0.46465,6.1967,-6.1967
-0.58586,-0.42424,6.3276,-6.3276
-0.58586,-0.38384,6.4482,-6.4482
-0.58586,-0.34343,6.5581,-6.5581
-0.58586,-0.30303,6.6567,-6.6567
-0.58586,-0.26263,6.7438,-6.7438
-0.58586,-0.22222,6.8189,-6.8189
-0.58586,-0.18182,6.882,-6.882
-0.58586,-0.14141,6.9327,-6.9327
-0.58586,-0.10101,6.9709,-6.9709
-0.58586,-0.060606,6.9964,-6.9964
-0.58586,-0.020202,7.0092,-7.0092
-0.58586,0.020202,7.0092,-7.0092
-0.58586,0.060606,6.9964,-6.9964
-0.58586,0.10101,6.9709,-6.9709
-0.58586,0.14141,6.9327,-6.9327
-0.58586,0.18182,6.882,-6.882
-0.58586,0.22222,6.8189,-6.8189
-0.58586,0.26263,6.7438,-6.7438
-0.58586,0.30303,6.6567,-6.6567
-0.58586,0.34343,6.5581,-6.5581
-0.58586,0.38384,6.4482,-6.4482
-0.58586,0.42424,6.3276,-6.3276
-0.58586,0.46465,6.1967,-6.1967
-0.58586,0.50505,6.0559,-6.0559
-0.58586,0.54545,5.9058,-5.9058
-0.58586,0.58586,5.7471,-5.7471
-0.58586,0.62626,5.5805,-5.5805
-0.58586,0.66667,5.4066,-5.4066
-0.58586,0.70707,5.2264,-5.2264
-0.58586,0.74747,5.0407,-5.0407
-0.58586,0.78788,4.8506,-4.8506
-0.58586,0.82828,4.6572,-4.6572
-0.58586,0.86869,4.4618,-4.4618
-0.58586,0.90909,4.2658,-4.2658
-0.58586,0.94949,4.0707,-4.0707
-0.58586,0.9899,3.8784,-3.8784
-0.58586,1.0303,3.6909,-3.6909
-0.58586,1.0707,3.5104,-3.5104
-0.58586,1.1111,3.3395,-3.3395
-0.58586,1.1515,3.1809,-3.1809
-0.58586,1.1919,3.0377,-3.0377
-0.58586,1.2323,2.9131,-2.9131
-0.58586,1.2727,2.8102,-2.8102
-0.58586,1.3131,2.7318,-2.7318
-0.58586,1.3535,2.6802,-2.6802
-0.58586,1.3939,2.6567,-2.6567
-0.58586,1.4343,2.6618,-2.6618
-0.58586,1.4747,2.6944,-2.6944
-0.58586,1.5152,2.7528,-2.7528
-0.58586,1.5556,2.834,-2.834
-0.58586,1.596,2.9348,-2.9348
-0.58586,1.6364,3.0519,-3.0519
-0.58586,1.6768,3.1817,-3.1817
-0.58586,1.7172,3.3212,-3.3212
-0.58586,1.7576,3.4674,-3.4674
-0.58586,1.798,3.6177,-3.6177
-0.58586,1.8384,3.7698,-3.7698
-0.58586,1.8788,3.9217,-3.9217
-0.58586,1.9192,4.0717,-4.0717
-0.58586,1.9596,4.2184,-4.2184
-0.58586,2,4.3603,-4.3603
-0.54545,-2,4.1299,-4.1299
-0.54545,-1.9596,3.99,-3.99
-0.54545,-1.9192,3.8459,-3.8459
-0.54545,-1.8788,3.6989,-3.6989
-0.54545,-1.8384,3.5507,-3.5507
-0.54545,-1.798,3.4033,-3.4033
-0.54545,-1.7576,3.2588,-3.2588
-0.54545,-1.7172,3.1198,-3.1198
-0.54545,-1.6768,2.9892,-2.9892
-0.54545,-1.6364,2.8701,-2.8701
-0.54545,-1.596,2.7661,-2.7661
-0.54545,-1.5556,2.6807,-2.6807
-0.54545,-1.5152,2.6175,-2.6175
-0.54545,-1.4747,2.5796,-2.5796
-0.54545,-1.4343,2.5694,-2.5694
-0.54545,-1.3939,2.5881,-2.5881
-0.54545,-1.3535,2.6358,-2.6358
-0.54545,-1.3131,2.7114,-2.7114
-0.54545,-1.2727,2.8127,-2.8127
-0.54545,-1.2323,2.937,-2.937
-0.54545,-1.1919,3.0809,-3.0809
-0.54545,-1.1515,3.2414,-3.2414
-0.54545,-1.1111,3.4152,-3.4152
-0.54545,-1.0707,3.5995,-3.5995
-0.54545,-1.0303,3.7916,-3.7916
-0.54545,-0.9899,3.9893,-3.9893
-0.54545,-0.94949,4.1904,-4.1904
-0.54545,-0.90909,4.3931,-4.3931
-0.54545,-0.86869,4.5958,-4.5958
-0.54545,-0.82828,4.797,-4.797
-0.54545,-0.78788,4.9955,-4.9955
-0.54545,-0.74747,5.19,-5.19
-0.54545,-0.70707,5.3796,-5.3796
-0.54545,-0.66667,5.5633,-5.5633
-0.54545,-0.62626,5.7402,-5.7402
-0.54545,-0.58586,5.9095,-5.9095
-0.54545,-0.54545,6.0706,-6.0706
-0.54545,-0.50505,6.2227,-6.2227
-0.54545,-0.46465,6.3654,-6.3654
-0.54545,-0.42424,6.4979,-6.4979
-0.54545,-0.38384,6.6199,-6.6199
-0.54545,-0.34343,6.731,-6.731
-0.54545,-0.30303,6.8307,-6.8307
-0.54545,-0.26263,6.9186,-6.9186
-0.54545,-0.22222,6.9946,-6.9946
-0.54545,-0.18182,7.0582,-7.0582
-0.54545,-0.14141,7.1094,-7.1094
-0.54545,-0.10101,7.148,-7.148
-0.54545,-0.060606,7.1737,-7.1737
-0.54545,-0.020202,7.1866,-7.1866
-0.54545,0.020202,7.1866,-7.1866
-0.54545,0.060606,7.1737,-7.1737
-0.54545,0.10101,7.148,-7.148
-0.54545,0.14141,7.1094,-7.1094
-0.54545,0.18182,7.0582,-7.0582
-0.54545,0.22222,6.9946,-6.9946
-0.54545,0.26263,6.9186,-6.9186
-0.54545,0.30303,6.8307,-6.8307
-0.54545,0.34343,6.731,-6.731
-0.54545,0.38384,6.6199,-6.6199
-0.54545,0.42424,6.4979,-6.4979
-0.54545,0.46465,6.3654,-6.3654
-0.54545,0.50505,6.2227,-6.2227
-0.54545,0.54545,6.0706,-6.0706
-0.54545,0.58586,5.9095,-5.9095
-0.54545,0.62626,5.7402,-5.7402
-0.54545,0.66667,5.5633,-5.5633
-0.54545,0.70707,5.3796,-5.3796
-0.54545,0.74747,5.19,-5.19
-0.54545,0.78788,4.9955,-4.9955
-0.54545,0.82828,4.797,-4.797
-0.54545,0.86869,4.5958,-4.5958
-0.54545,0.90909,4.3931,-4.3931
-0.54545,0.94949,4.1904,-4.1904
-0.54545,0.9899,3.9893,-3.9893
-0.54545,1.0303,3.7916,-3.7916
-0.54545,1.0707,3.5995,-3.5995
-0.54545,1.1111,3.4152,-3.4152
-0.54545,1.1515,3.2414,-3.2414
-0.54545,1.1919,3.0809,-3.0809
-0.54545,1.2323,2.937,-2.937
-0.54545,1.2727,2.8127,-2.8127
-0.54545,1.3131,2.7114,-2.7114
-0.54545,1.3535,2.6358,-2.6358
-0.54545,1.3939,2.5881,-2.5881
-0.54545,1.4343,2.5694,-2.5694
-0.54545,1.4747,2.5796,-2.5796
-0.54545,1.5152,2.6175,-2.6175
-0.54545,1.5556,2.6807,-2.6807
-0.54545,1.596,2.7661,-2.7661
-0.54545,1.6364,2.8701,-2.8701
-0.54545,1.6768,2.9892,-2.9892
-0.54545,1.7172,3.1198,-3.1198
-0.54545,1.7576,3.2588,-3.2588
-0.54545,1.798,3.4033,-3.4033
-0.54545,1.8384,3.5507,-3.5507
-0.54545,1.8788,3.6989,-3.6989
-0.54545,1.9192,3.8459,-3.8459
-0.54545,1.9596,3.99,-3.99
-0.54545,2,4.1299,-4.1299
-0.50505,-2,3.8952,-3.8952
-0.50505,-1.9596,3.7569,-3.7569
-0.50505,-1.9192,3.6149,-3.6149
-0.50505,-1.8788,3.4707,-3.4707
-0.50505,-1.8384,3.3261,-3.3261
-0.50505,-1.798,3.1831,-3.1831
-0.50505,-1.7576,3.0444,-3.0444
-0.50505,-1.7172,2.9126,-2.9126
-0.50505,-1.6768,2.7911,-2.7911
-0.50505,-1.6364,2.6833,-2.6833
-0.50505,-1.596,2.5931,-2.5931
-0.50505,-1.5556,2.5242,-2.5242
-0.50505,-1.5152,2.4802,-2.4802
-0.50505,-1.4747,2.4639,-2.4639
-0.50505,-1.4343,2.4771,-2.4771
-0.50505,-1.3939,2.5202,-2.5202
-0.50505,-1.3535,2.5924,-2.5924
-0.50505,-1.3131,2.6916,-2.6916
-0.50505,-1.2727,2.8152,-2.8152
-0.50505,-1.2323,2.9597,-2.9597
-0.50505,-1.1919,3.1219,-3.1219
-0.50505,-1.1515,3.2985,-3.2985
-0.50505,-1.1111,3.4866,-3.4866
-0.50505,-1.0707,3.6832,-3.6832
-0.50505,-1.0303,3.8862,-3.8862
-0.50505,-0.9899,4.0932,-4.0932
-0.50505,-0.94949,4.3025,-4.3025
-0.50505,-0.90909,4.5123,-4.5123
-0.50505,-0.86869,4.7213,-4.7213
-0.50505,-0.82828,4.9279,-4.9279
-0.50505,-0.78788,5.1312,-5.1312
-0.50505,-0.74747,5.33,-5.33
-0.50505,-0.70707,5.5233,-5.5233
-0.50505,-0.66667,5.7102,-5.7102
-0.50505,-0.62626,5.89,-5.89
-0.50505,-0.58586,6.0619,-6.0619
-0.50505,-0.54545,6.2252,-6.2252
-0.50505,-0.50505,6.3794,-6.3794
-0.50505,-0.46465,6.5238,-6.5238
-0.50505,-0.42424,6.6579,-6.6579
-0.50505,-0.38384,6.7813,-6.7813
-0.50505,-0.34343,6.8935,-6.8935
-0.50505,-0.30303,6.9942,-6.9942
-0.50505,-0.26263,7.083,-7.083
-0.50505,-0.22222,7.1597,-7.1597
-0.50505,-0.18182,7.2239,-7.2239
-0.50505,-0.14141,7.2756,-7.2756
-0.50505,-0.10101,7.3145,-7.3145
-0.50505,-0.060606,7.3405,-7.3405
-0.50505,-0.020202,7.3535,-7.3535
-0.50505,0.020202,7.3535,-7.3535
-0.50505,0.060606,7.3405,-7.3405
-0.50505,0.10101,7.3145,-7.3145
-0.50505,0.14141,7.2756,-7.2756
-0.50505,0.18182,7.2239,-7.2239
-0.50505,0.22222,7.1597,-7.1597
-0.50505,0.26263,7.083,-7.083
-0.50505,0.30303,6.9942,-6.9942
-0.50505,0.34343,6.8935,-6.8935
-0.50505,0.38384,6.7813,-6.7813
-0.50505,0.42424,6.6579,-6.6579
-0.50505,0.46465,6.5238,-6.5238
-0.50505,0.50505,6.3794,-6.3794
-0.50505,0.54545,6.2252,-6.2252
-0.50505,0.58586,6.0619,-6.0619
-0.50505,0.62626,5.89,-5.89
-0.50505,0.66667,5.7102,-5.7102
-0.50505,0.70707,5.5233,-5.5233
-0.50505,0.74747,5.33,-5.33
-0.50505,0.78788,5.1312,-5.1312
-0.50505,0.82828,4.9279,-4.9279
-0.50505,0.86869,4.7213,-4.7213
-0.50505,0.90909,4.5123,-4.5123
-0.50505,0.94949,4.3025,-4.3025
-0.50505,0.9899,4.0932,-4.0932
-0.50505,1.0303,3.8862,-3.8862
-0.50505,1.0707,3.6832,-3.6832
-0.50505,1.1111,3.4866,-3.4866
-0.50505,1.1515,3.2985,-3.2985
-0.50505,1.1919,3.1219,-3.1219
-0.50505,1.2323,2.9597,-2.9597
-0.50505,1.2727,2.8152,-2.8152
-0.50505,1.3131,2.6916,-2.6916
-0.50505,1.3535,2.5924,-2.5924
-0.50505,1.3939,2.5202,-2.5202
-0.50505,1.4343,2.4771,-2.4771
-0.50505,1.4747,2.4639,-2.4639
-0.50505,1.5152,2.4802,-2.4802
-0.50505,1.5556,2.5242,-2.5242
-0.50505,1.596,2.5931,-2.5931
-0.50505,1.6364,2.6833,-2.6833
-0.50505,1.6768,2.7911,-2.7911
-0.50505,1.7172,2.9126,-2.9126
-0.50505,1.7576,3.0444,-3.0444
-0.50505,1.798,3.1831,-3.1831
-0.50505,1.8384,3.3261,-3.3261
-0.50505,1.8788,3.4707,-3.4707
-0.50505,1.9192,3.6149,-3.6149
-0.50505,1.9596,3.7569,-3.7569
-0.50505,2,3.8952,-3.8952
-0.46465,-2,3.657,-3.657
-0.46465,-1.9596,3.5201,-3.5201
-0.46465,-1.9192,3.3798,-3.3798
-0.46465,-1.8788,3.2379,-3.2379
-0.46465,-1.8384,3.0964,-3.0964
-0.46465,-1.798,2.9577,-2.9577
-0.46465,-1.7576,2.8246,-2.8246
-0.46465,-1.7172,2.7001,-2.7001
-0.46465,-1.6768,2.5879,-2.5879
-0.46465,-1.6364,2.492,-2.492
-0.46465,-1.596,2.4165,-2.4165
-0.46465,-1.5556,2.3652,-2.3652
-0.46465,-1.5152,2.3417,-2.3417
-0.46465,-1.4747,2.3482,-2.3482
-0.46465,-1.4343,2.3857,-2.3857
-0.46465,-1.3939,2.4536,-2.4536
-0.46465,-1.3535,2.5502,-2.5502
-0.46465,-1.3131,2.6726,-2.6726
-0.46465,-1.2727,2.8175,-2.8175
-0.46465,-1.2323,2.9813,-2.9813
-0.46465,-1.1919,3.1606,-3.1606
-0.46465,-1.1515,3.3522,-3.3522
-0.46465,-1.1111,3.5534,-3.5534
-0.46465,-1.0707,3.7615,-3.7615
-0.46465,-1.0303,3.9743,-3.9743
-0.46465,-0.9899,4.19,-4.19
-0.46465,-0.94949,4.4069,-4.4069
-0.46465,-0.90909,4.6233,-4.6233
-0.46465,-0.86869,4.838,-4.838
-0.46465,-0.82828,5.0497,-5.0497
-0.46465,-0.78788,5.2575,-5.2575
-0.46465,-0.74747,5.4602,-5.4602
-0.46465,-0.70707,5.6569,-5.6569
-0.46465,-0.66667,5.847,-5.847
-0.46465,-0.62626,6.0295,-6.0295
-0.46465,-0.58586,6.2038,-6.2038
-0.46465,-0.54545,6.3693,-6.3693
-0.46465,-0.50505,6.5254,-6.5254
-0.46465,-0.46465,6.6714,-6.6714
-0.46465,-0.42424,6.807,-6.807
-0.46465,-0.38384,6.9317,-6.9317
-0.46465,-0.34343,7.0451,-7.0451
-0.46465,-0.30303,7.1468,-7.1468
-0.46465,-0.26263,7.2364,-7.2364
-0.46465,-0.22222,7.3138,-7.3138
-0.46465,-0.18182,7.3787,-7.3787
-0.46465,-0.14141,7.4308,-7.4308
-0.46465,-0.10101,7.47,-7.47
-0.46465,-0.060606,7.4962,-7.4962
-0.46465,-0.020202,7.5093,-7.5093
-0.46465,0.020202,7.5093,-7.5093
-0.46465,0.060606,7.4962,-7.4962
-0.46465,0.10101,7.47,-7.47
-0.46465,0.14141,7.4308,-7.4308
-0.46465,0.18182,7.3787,-7.3787
-0.46465,0.22222,7.3138,-7.3138
-0.46465,0.26263,7.2364,-7.2364
-0.46465,0.30303,7.1468,-7.1468
-0.46465,0.34343,7.0451,-7.0451
-0.46465,0.38384,6.9317,-6.9317
-0.46465,0.42424,6.807,-6.807
-0.46465,0.46465,6.6714,-6.6714
-0.46465,0.50505,6.5254,-6.5254
-0.46465,0.54545,6.3693,-6.3693
-0.46465,0.58586,6.2038,-6.2038
-0.46465,0.62626,6.0295,-6.0295
-0.46465,0.66667,5.847,-5.847
-0.46465,0.70707,5.6569,-5.6569
-0.46465,0.74747,5.4602,-5.4602
-0.46465,0.78788,5.2575,-5.2575
-0.46465,0.82828,5.0497,-5.0497
-0.46465,0.86869,4.838,-4.838
-0.46465,0.90909,4.6233,-4.6233
-0.46465,0.94949,4.4069,-4.4069
-0.46465,0.9899,4.19,-4.19
-0.46465,1.0303,3.9743,-3.9743
-0.46465,1.0707,3.7615,-3.7615
-0.46465,1.1111,3.5534,-3.5534
-0.46465,1.1515,3.3522,-3.3522
-0.46465,1.1919,3.1606,-3.1606
-0.46465,1.2323,2.9813,-2.9813
-0.46465,1.2727,2.8175,-2.8175
-0.46465,1.3131,2.6726,-2.6726
-0.46465,1.3535,2.5502,-2.5502
-0.46465,1.3939,2.4536,-2.4536
-0.46465,1.4343,2.3857,-2.3857
-0.46465,1.4747,2.3482,-2.3482
-0.46465,1.5152,2.3417,-2.3417
-0.46465,1.5556,2.3652,-2.3652
-0.46465,1.596,2.4165,-2.4165
-0.46465,1.6364,2.492,-2.492
-0.46465,1.6768,2.5879,-2.5879
-0.46465,1.7172,2.7001,-2.7001
-0.46465,1.7576,2.8246,-2.8246
-0.46465,1.798,2.9577,-2.9577
-0.46465,1.8384,3.0964,-3.0964
-0.46465,1.8788,3.2379,-3.2379
-0.46465,1.9192,3.3798,-3.3798
-0.46465,1.9596,3.5201,-3.5201
-0.46465,2,3.657,-3.657
-0.42424,-2,3.4168,-3.4168
-0.42424,-1.9596,3.2805,-3.2805
-0.42424,-1.9192,3.1415,-3.1415
-0.42424,-1.8788,3.0014,-3.0014
-0.42424,-1.8384,2.8626,-2.8626
-0.42424,-1.798,2.7277,-2.7277
-0.42424,-1.7576,2.5998,-2.5998
-0.42424,-1.7172,2.4826,-2.4826
-0.42424,-1.6768,2.3801,-2.3801
-0.42424,-1.6364,2.2967,-2.2967
-0.42424,-1.596,2.2368,-2.2368
-0.42424,-1.5556,2.2045,-2.2045
-0.42424,-1.5152,2.2028,-2.2028
-0.42424,-1.4747,2.2333,-2.2333
-0.42424,-1.4343,2.2959,-2.2959
-0.42424,-1.3939,2.389,-2.389
-0.42424,-1.3535,2.5097,-2.5097
-0.42424,-1.3131,2.6545,-2.6545
-0.42424,-1.2727,2.8197,-2.8197
-0.42424,-1.2323,3.0015,-3.0015
-0.42424,-1.1919,3.1967,-3.1967
-0.42424,-1.1515,3.4022,-3.4022
-0.42424,-1.1111,3.6153,-3.6153
-0.42424,-1.0707,3.8339,-3.8339
-0.42424,-1.0303,4.0559,-4.0559
-0.42424,-0.9899,4.2795,-4.2795
-0.42424,-0.94949,4.5033,-4.5033
-0.42424,-0.90909,4.7257,-4.7257
-0.42424,-0.86869,4.9458,-4.9458
-0.42424,-0.82828,5.1622,-5.1622
-0.42424,-0.78788,5.3741,-5.3741
-0.42424,-0.74747,5.5804,-5.5804
-0.42424,-0.70707,5.7805,-5.7805
-0.42424,-0.66667,5.9734,-5.9734
-0.42424,-0.62626,6.1585,-6.1585
-0.42424,-0.58586,6.3351,-6.3351
-0.42424,-0.54545,6.5026,-6.5026
-0.42424,-0.50505,6.6604,-6.6604
-0.42424,-0.46465,6.8081,-6.8081
-0.42424,-0.42424,6.9451,-6.9451
-0.42424,-0.38384,7.071,-7.071
-0.42424,-0.34343,7.1854,-7.1854
-0.42424,-0.30303,7.288,-7.288
-0.42424,-0.26263,7.3785,-7.3785
-0.42424,-0.22222,7.4565,-7.4565
-0.42424,-0.18182,7.5219,-7.5219
-0.42424,-0.14141,7.5745,-7.5745
-0.42424,-0.10101,7.614,-7.614
-0.42424,-0.060606,7.6405,-7.6405
-0.42424,-0.020202,7.6537,-7.6537
-0.42424,0.020202,7.6537,-7.6537
-0.42424,0.060606,7.6405,-7.6405
-0.42424,0.10101,7.614,-7.614
-0.42424,0.14141,7.5745,-7.5745
-0.42424,0.18182,7.5219,-7.5219
-0.42424,0.22222,7.4565,-7.4565
-0.42424,0.26263,7.3785,-7.3785
-0.42424,0.30303,7.288,-7.288
-0.42424,0.34343,7.1854,-7.1854
-0.42424,0.38384,7.071,-7.071
-0.42424,0.42424,6.9451,-6.9451
-0.42424,0.46465,6.8081,-6.8081
-0.42424,0.50505,6.6604,-6.6604
-0.42424,0.54545,6.5026,-6.5026
-0.42424,0.58586,6.3351,-6.3351
-0.42424,0.62626,6.1585,-6.1585
-0.42424,0.66667,5.9734,-5.9734
-0.42424,0.70707,5.7805,-5.7805
-0.42424,0.74747,5.5804,-5.5804
-0.42424,0.78788,5.3741,-5.3741
-0.42424,0.82828,5.1622,-5.1622
-0.42424,0.86869,4.9458,-4.9458
-0.42424,0.90909,4.7257,-4.7257
-0.42424,0.94949,4.5033,-4.5033
-0.42424,0.9899,4.2795,-4.2795
-0.42424,1.0303,4.0559,-4.0559
-0.42424,1.0707,3.8339,-3.8339
-0.42424,1.1111,3.6153,-3.6153
-0.42424,1.1515,3.4022,-3.4022
-0.42424,1.1919,3.1967,-3.1967
-0.42424,1.2323,3.0015,-3.0015
-0.42424,1.2727,2.8197,-2.8197
-0.42424,1.3131,2.6545,-2.6545
-0.42424,1.3535,2.5097,-2.5097
-0.42424,1.3939,2.389,-2.389
-0.42424,1.4343,2.2959,-2.2959
-0.42424,1.4747,2.2333,-2.2333
-0.42424,1.5152,2.2028,-2.2028
-0.42424,1.5556,2.2045,-2.2045
-0.42424,1.596,2.2368,-2.2368
-0.42424,1.6364,2.2967,-2.2967
-0.42424,1.6768,2.3801,-2.3801
-0.42424,1.7172,2.4826,-2.4826
-0.42424,1.7576,2.5998,-2.5998
-0.42424,1.798,2.7277,-2.7277
-0.42424,1.8384,2.8626,-2.8626
-0.42424,1.8788,3.0014,-3.0014
-0.42424,1.9192,3.1415,-3.1415
-0.42424,1.9596,3.2805,-3.2805
-0.42424,2,3.4168,-3.4168
-0.38384,-2,3.1759,-3.1759
-0.38384,-1.9596,3.0397,-3.0397
-0.38384,-1.9192,2.9011,-2.9011
-0.38384,-1.8788,2.7622,-2.7622
-0.38384,-1.8384,2.6253,-2.6253
-0.38384,-1.798,2.4936,-2.4936
-0.38384,-1.7576,2.3706,-2.3706
-0.38384,-1.7172,2.2605,-2.2605
-0.38384,-1.6768,2.1679,-2.1679
-0.38384,-1.6364,2.0977,-2.0977
-0.38384,-1.596,2.0548,-2.0548
-0.38384,-1.5556,2.0429,-2.0429
-0.38384,-1.5152,2.0646,-2.0646
-0.38384,-1.4747,2.1203,-2.1203
-0.38384,-1.4343,2.2088,-2.2088
-0.38384,-1.3939,2.327,-2.327
-0.38384,-1.3535,2.4713,-2.4713
-0.38384,-1.3131,2.6375,-2.6375
-0.38384,-1.2727,2.8217,-2.8217
-0.38384,-1.2323,3.0203,-3.0203
-0.38384,-1.1919,3.2301,-3.2301
-0.38384,-1.1515,3.4482,-3.4482
-0.38384,-1.1111,3.6723,-3.6723
-0.38384,-1.0707,3.9004,-3.9004
-0.38384,-1.0303,4.1306,-4.1306
-0.38384,-0.9899,4.3615,-4.3615
-0.38384,-0.94949,4.5915,-4.5915
-0.38384,-0.90909,4.8195,-4.8195
-0.38384,-0.86869,5.0444,-5.0444
-0.38384,-0.82828,5.2651,-5.2651
-0.38384,-0.78788,5.4808,-5.4808
-0.38384,-0.74747,5.6905,-5.6905
-0.38384,-0.70707,5.8935,-5.8935
-0.38384,-0.66667,6.0891,-6.0891
-0.38384,-0.62626,6.2765,-6.2765
-0.38384,-0.58586,6.4553,-6.4553
-0.38384,-0.54545,6.6246,-6.6246
-0.38384,-0.50505,6.7841,-6.7841
-0.38384,-0.46465,6.9333,-6.9333
-0.38384,-0.42424,7.0716,-7.0716
-0.38384,-0.38384,7.1987,-7.1987
-0.38384,-0.34343,7.3141,-7.3141
-0.38384,-0.30303,7.4176,-7.4176
-0.38384,-0.26263,7.5088,-7.5088
-0.38384,-0.22222,7.5875,-7.5875
-0.38384,-0.18182,7.6534,-7.6534
-0.38384,-0.14141,7.7063,-7.7063
-0.38384,-0.10101,7.7462,-7.7462
-0.38384,-0.060606,7.7728,-7.7728
-0.38384,-0.020202,7.7861,-7.7861
-0.38384,0.020202,7.7861,-7.7861
-0.38384,0.060606,7.7728,-7.7728
-0.38384,0.10101,7.7462,-7.7462
-0.38384,0.14141,7.7063,-7.7063
-0.38384,0.18182,7.6534,-7.6534
-0.38384,0.22222,7.5875,-7.5875
-0.38384,0.26263,7.5088,-7.5088
-0.38384,0.30303,7.4176,-7.4176
-0.38384,0.34343,7.3141,-7.3141
-0.38384,0.38384,7.1987,-7.1987
-0.38384,0.42424,7.0716,-7.0716
-0.38384,0.46465,6.9333,-6.9333
-0.38384,0.50505,6.7841,-6.7841
-0.38384,0.54545,6.6246,-6.6246
-0.38384,0.58586,6.4553,-6.4553
-0.38384,0.62626,6.2765,-6.2765
-0.38384,0.66667,6.0891,-6.0891
-0.38384,0.70707,5.8935,-5.8935
-0.38384,0.74747,5.6905,-5.6905
-0.38384,0.78788,5.4808,-5.4808
-0.38384,0.82828,5.2651,-5.2651
-0.38384,0.86869,5.0444,-5.0444
-0.38384,0.90909,4.8195,-4.8195
-0.38384,0.94949,4.5915,-4.5915
-0.38384,0.9899,4.3615,-4.3615
-0.38384,1.0303,4.1306,-4.1306
-0.38384,1.0707,3.9004,-3.9004
-0.38384,1.1111,3.6723,-3.6723
-0.38384,1.1515,3.4482,-3.4482
-0.38384,1.1919,3.2301,-3.2301
-0.38384,1.2323,3.0203,-3.0203
-0.38384,1.2727,2.8217,-2.8217
-0.38384,1.3131,2.6375,-2.6375
-0.38384,1.3535,2.4713,-2.4713
-0.38384,1.3939,2.327,-2.327
-0.38384,1.4343,2.2088,-2.2088
-0.38384,1.4747,2.1203,-2.1203
-0.38384,1.5152,2.0646,-2.0646
-0.38384,1.5556,2.0429,-2.0429
-0.38384,1.596,2.0548,-2.0548
-0.38384,1.6364,2.0977,-2.0977
-0.38384,1.6768,2.1679,-2.1679
-0.38384,1.7172,2.2605,-2.2605
-0.38384,1.7576,2.3706,-2.3706
-0.38384,1.798,2.4936,-2.4936
-0.38384,1.8384,2.6253,-2.6253
-0.38384,1.8788,2.7622,-2.7622
-0.38384,1.9192,2.9011,-2.9011
-0.38384,1.9596,3.0397,-3.0397
-0.38384,2,3.1759,-3.1759
-0.34343,-2,2.9362,-2.9362
-0.34343,-1.9596,2.7993,-2.7993
-0.34343,-1.9192,2.6603,-2.6603
-0.34343,-1.8788,2.5214,-2.5214
-0.34343,-1.8384,2.3856,-2.3856
-0.34343,-1.798,2.2563,-2.2563
-0.34343,-1.7576,2.1375,-2.1375
-0.34343,-1.7172,2.0342,-2.0342
-0.34343,-1.6768,1.9518,-1.9518
-0.34343,-1.6364,1.8958,-1.8958
-0.34343,-1.596,1.8712,-1.8712
-0.34343,-1.5556,1.8816,-1.8816
-0.34343,-1.5152,1.9283,-1.9283
-0.34343,-1.4747,2.0105,-2.0105
-0.34343,-1.4343,2.1252,-2.1252
-0.34343,-1.3939,2.2683,-2.2683
-0.34343,-1.3535,2.4353,-2.4353
-0.34343,-1.3131,2.6217,-2.6217
-0.34343,-1.2727,2.8236,-2.8236
-0.34343,-1.2323,3.0376,-3.0376
-0.34343,-1.1919,3.2605,-3.2605
-0.34343,-1.1515,3.4901,-3.4901
-0.34343,-1.1111,3.7241,-3.7241
-0.34343,-1.0707,3.9607,-3.9607
-0.34343,-1.0303,4.1984,-4.1984
-0.34343,-0.9899,4.4357,-4.4357
-0.34343,-0.94949,4.6714,-4.6714
-0.34343,-0.90909,4.9044,-4.9044
-0.34343,-0.86869,5.1337,-5.1337
-0.34343,-0.82828,5.3583,-5.3583
-0.34343,-0.78788,5.5774,-5.5774
-0.34343,-0.74747,5.7902,-5.7902
-0.34343,-0.70707,5.9959,-5.9959
-0.34343,-0.66667,6.1939,-6.1939
-0.34343,-0.62626,6.3835,-6.3835
-0.34343,-0.58586,6.5642,-6.5642
-0.34343,-0.54545,6.7353,-6.7353
-0.34343,-0.50505,6.8963,-6.8963
-0.34343,-0.46465,7.0468,-7.0468
-0.34343,-0.42424,7.1863,-7.1863
-0.34343,-0.38384,7.3145,-7.3145
-0.34343,-0.34343,7.4308,-7.4308
-0.34343,-0.30303,7.5351,-7.5351
-0.34343,-0.26263,7.627,-7.627
-0.34343,-0.22222,7.7063,-7.7063
-0.34343,-0.18182,7.7727,-7.7727
-0.34343,-0.14141,7.826,-7.826
-0.34343,-0.10101,7.8661,-7.8661
-0.34343,-0.060606,7.8929,-7.8929
-0.34343,-0.020202,7.9064,-7.9064
-0.34343,0.020202,7.9064,-7.9064
-0.34343,0.060606,7.8929,-7.8929
-0.34343,0.10101,7.8661,-7.8661
-0.34343,0.14141,7.826,-7.826
-0.34343,0.18182,7.7727,-7.7727
-0.34343,0.22222,7.7063,-7.7063
-0.34343,0.26263,7.627,-7.627
-0.34343,0.30303,7.5351,-7.5351
-0.34343,0.34343,7.4308,-7.4308
-0.34343,0.38384,7.3145,-7.3145
-0.34343,0.42424,7.1863,-7.1863
-0.34343,0.46465,7.0468,-7.0468
-0.34343,0.50505,6.8963,-6.8963
-0.34343,0.54545,6.7353,-6.7353
-0.34343,0.58586,6.5642,-6.5642
-0.34343,0.62626,6.3835,-6.3835
-0.34343,0.66667,6.1939,-6.1939
-0.34343,0.70707,5.9959,-5.9959
-0.34343,0.74747,5.7902,-5.7902
-0.34343,0.78788,5.5774,-5.5774
-0.34343,0.82828,5.3583,-5.3583
-0.34343,0.86869,5.1337,-5.1337
-0.34343,0.90909,4.9044,-4.9044
-0.34343,0.94949,4.6714,-4.6714
-0.34343,0.9899,4.4357,-4.4357
-0.34343,1.0303,4.1984,-4.1984
-0.34343,1.0707,3.9607,-3.9607
-0.34343,1.1111,3.7241,-3.7241
-0.34343,1.1515,3.4901,-3.4901
-0.34343,1.1919,3.2605,-3.2605
-0.34343,1.2323,3.0376,-3.0376
-0.34343,1.2727,2.8236,-2.8236
-0.34343,1.3131,2.6217,-2.6217
-0.34343,1.3535,2.4353,-2.4353
-0.34343,1.3939,2.2683,-2.2683
-0.34343,1.4343,2.1252,-2.1252
-0.34343,1.4747,2.0105,-2.0105
-0.34343,1.5152,1.9283,-1.9283
-0.34343,1.5556,1.8816,-1.8816
-0.34343,1.596,1.8712,-1.8712
-0.34343,1.6364,1.8958,-1.8958
-0.34343,1.6768,1.9518,-1.9518
-0.34343,1.7172,2.0342,-2.0342
-0.34343,1.7576,2.1375,-2.1375
-0.34343,1.798,2.2563,-2.2563
-0.34343,1.8384,2.3856,-2.3856
-0.34343,1.8788,2.5214,-2.5214
-0.34343,1.9192,2.6603,-2.6603
-0.34343,1.9596,2.7993,-2.7993
-0.34343,2,2.9362,-2.9362
-0.30303,-2,2.7001,-2.7001
-0.30303,-1.9596,2.5614,-2.5614
-0.30303,-1.9192,2.4208,-2.4208
-0.30303,-1.8788,2.2808,-2.2808
-0.30303,-1.8384,2.1448,-2.1448
-0.30303,-1.798,2.0166,-2.0166
-0.30303,-1.7576,1.9012,-1.9012
-0.30303,-1.7172,1.8043,-1.8043
-0.30303,-1.6768,1.7323,-1.7323
-0.30303,-1.6364,1.6916,-1.6916
-0.30303,-1.596,1.6872,-1.6872
-0.30303,-1.5556,1.722,-1.722
-0.30303,-1.5152,1.7956,-1.7956
-0.30303,-1.4747,1.9053,-1.9053
-0.30303,-1.4343,2.0463,-2.0463
-0.30303,-1.3939,2.2137,-2.2137
-0.30303,-1.3535,2.4021,-2.4021
-0.30303,-1.3131,2.6073,-2.6073
-0.30303,-1.2727,2.8253,-2.8253
-0.30303,-1.2323,3.0531,-3.0531
-0.30303,-1.1919,3.288,-3.288
-0.30303,-1.1515,3.5277,-3.5277
-0.30303,-1.1111,3.7705,-3.7705
-0.30303,-1.0707,4.0148,-4.0148
-0.30303,-1.0303,4.259,-4.259
-0.30303,-0.9899,4.5021,-4.5021
-0.30303,-0.94949,4.7429,-4.7429
-0.30303,-0.90909,4.9803,-4.9803
-0.30303,-0.86869,5.2135,-5.2135
-0.30303,-0.82828,5.4416,-5.4416
-0.30303,-0.78788,5.6637,-5.6637
-0.30303,-0.74747,5.8793,-5.8793
-0.30303,-0.70707,6.0874,-6.0874
-0.30303,-0.66667,6.2876,-6.2876
-0.30303,-0.62626,6.4792,-6.4792
-0.30303,-0.58586,6.6616,-6.6616
-0.30303,-0.54545,6.8342,-6.8342
-0.30303,-0.50505,6.9967,-6.9967
-0.30303,-0.46465,7.1484,-7.1484
-0.30303,-0.42424,7.289,-7.289
-0.30303,-0.38384,7.4181,-7.4181
-0.30303,-0.34343,7.5353,-7.5353
-0.30303,-0.30303,7.6403,-7.6403
-0.30303,-0.26263,7.7329,-7.7329
-0.30303,-0.22222,7.8126,-7.8126
-0.30303,-0.18182,7.8795,-7.8795
-0.30303,-0.14141,7.9331,-7.9331
-0.30303,-0.10101,7.9735,-7.9735
-0.30303,-0.060606,8.0005,-8.0005
-0.30303,-0.020202,8.014,-8.014
-0.30303,0.020202,8.014,-8.014
-0.30303,0.060606,8.0005,-8.0005
-0.30303,0.10101,7.9735,-7.9735
-0.30303,0.14141,7.9331,-7.9331
-0.30303,0.18182,7.8795,-7.8795
-0.30303,0.22222,7.8126,-7.8126
-0.30303,0.26263,7.7329,-7.7329
-0.30303,0.30303,7.6403,-7.6403
-0.30303,0.34343,7.5353,-7.5353
-0.30303,0.38384,7.4181,-7.4181
-0.30303,0.42424,7.289,-7.289
-0.30303,0.46465,7.1484,-7.1484
-0.30303,0.50505,6.9967,-6.9967
-0.30303,0.54545,6.8342,-6.8342
-0.30303,0.58586,6.6616,-6.6616
-0.30303,0.62626,6.4792,-6.4792
-0.30303,0.66667,6.2876,-6.2876
-0.30303,0.70707,6.0874,-6.0874
-0.30303,0.74747,5.8793,-5.8793
-0.30303,0.78788,5.6637,-5.6637
-0.30303,0.82828,5.4416,-5.4416
-0.30303,0.86869,5.2135,-5.2135
-0.30303,0.90909,4.9803,-4.9803
-0.30303,0.94949,4.7429,-4.7429
-0.30303,0.9899,4.5021,-4.5021
-0.30303,1.0303,4.259,-4.259
-0.30303,1.0707,4.0148,-4.0148
-0.30303,1.1111,3.7705,-3.7705
-0.30303,1.1515,3.5277,-3.5277
-0.30303,1.1919,3.288,-3.288
-0.30303,1.2323,3.0531,-3.0531
-0.30303,1.2727,2.8253,-2.8253
-0.30303,1.3131,2.6073,-2.6073
-0.30303,1.3535,2.4021,-2.4021
-0.30303,1.3939,2.2137,-2.2137
-0.30303,1.4343,2.0463,-2.0463
-0.30303,1.4747,1.9053,-1.9053
-0.30303,1.5152,1.7956,-1.7956
-0.30303,1.5556,1.722,-1.722
-0.30303,1.596,1.6872,-1.6872
-0.30303,1.6364,1.6916,-1.6916
-0.30303,1.6768,1.7323,-1.7323
-0.30303,1.7172,1.8043,-1.8043
-0.30303,1.7576,1.9012,-1.9012
-0.30303,1.798,2.0166,-2.0166
-0.30303,1.8384,2.1448,-2.1448
-0.30303,1.8788,2.2808,-2.2808
-0.30303,1.9192,2.4208,-2.4208
-0.30303,1.9596,2.5614,-2.5614
-0.30303,2,2.7001,-2.7001
-0.26263,-2,2.4706,-2.4706
-0.26263,-1.9596,2.3288,-2.3288
-0.26263,-1.9192,2.1851,-2.1851
-0.26263,-1.8788,2.0425,-2.0425
-0.26263,-1.8384,1.9045,-1.9045
-0.26263,-1.798,1.7758,-1.7758
-0.26263,-1.7576,1.6623,-1.6623
-0.26263,-1.7172,1.5711,-1.5711
-0.26263,-1.6768,1.5099,-1.5099
-0.26263,-1.6364,1.486,-1.486
-0.26263,-1.596,1.5043,-1.5043
-0.26263,-1.5556,1.5659,-1.5659
-0.26263,-1.5152,1.6683,-1.6683
-0.26263,-1.4747,1.8062,-1.8062
-0.26263,-1.4343,1.9734,-1.9734
-0.26263,-1.3939,2.1637,-2.1637
-0.26263,-1.3535,2.3722,-2.3722
-0.26263,-1.3131,2.5944,-2.5944
-0.26263,-1.2727,2.8269,-2.8269
-0.26263,-1.2323,3.0669,-3.0669
-0.26263,-1.1919,3.3123,-3.3123
-0.26263,-1.1515,3.561,-3.561
-0.26263,-1.1111,3.8115,-3.8115
-0.26263,-1.0707,4.0623,-4.0623
-0.26263,-1.0303,4.3124,-4.3124
-0.26263,-0.9899,4.5605,-4.5605
-0.26263,-0.94949,4.8057,-4.8057
-0.26263,-0.90909,5.047,-5.047
-0.26263,-0.86869,5.2836,-5.2836
-0.26263,-0.82828,5.5148,-5.5148
-0.26263,-0.78788,5.7396,-5.7396
-0.26263,-0.74747,5.9576,-5.9576
-0.26263,-0.70707,6.1679,-6.1679
-0.26263,-0.66667,6.37,-6.37
-0.26263,-0.62626,6.5633,-6.5633
-0.26263,-0.58586,6.7473,-6.7473
-0.26263,-0.54545,6.9213,-6.9213
-0.26263,-0.50505,7.085,-7.085
-0.26263,-0.46465,7.2378,-7.2378
-0.26263,-0.42424,7.3794,-7.3794
-0.26263,-0.38384,7.5093,-7.5093
-0.26263,-0.34343,7.6273,-7.6273
-0.26263,-0.30303,7.733,-7.733
-0.26263,-0.26263,7.826,-7.826
-0.26263,-0.22222,7.9063,-7.9063
-0.26263,-0.18182,7.9735,-7.9735
-0.26263,-0.14141,8.0275,-8.0275
-0.26263,-0.10101,8.0681,-8.0681
-0.26263,-0.060606,8.0952,-8.0952
-0.26263,-0.020202,8.1088,-8.1088
-0.26263,0.020202,8.1088,-8.1088
-0.26263,0.060606,8.0952,-8.0952
-0.26263,0.10101,8.0681,-8.0681
-0.26263,0.14141,8.0275,-8.0275
-0.26263,0.18182,7.9735,-7.9735
-0.26263,0.22222,7.9063,-7.9063
-0.26263,0.26263,7.826,-7.826
-0.26263,0.30303,7.733,-7.733
-0.26263,0.34343,7.6273,-7.6273
-0.26263,0.38384,7.5093,-7.5093
-0.26263,0.42424,7.3794,-7.3794
-0.26263,0.46465,7.2378,-7.2378
-0.26263,0.50505,7.085,-7.085
-0.26263,0.54545,6.9213,-6.9213
-0.26263,0.58586,6.7473,-6.7473
-0.26263,0.62626,6.5633,-6.5633
-0.26263,0.66667,6.37,-6.37
-0.26263,0.70707,6.1679,-6.1679
-0.26263,0.74747,5.9576,-5.9576
-0.26263,0.78788,5.7396,-5.7396
-0.26263,0.82828,5.5148,-5.5148
-0.26263,0.86869,5.2836,-5.2836
-0.26263,0.90909,5.047,-5.047
-0.26263,0.94949,4.8057,-4.8057
-0.26263,0.9899,4.5605,-4.5605
-0.26263,1.0303,4.3124,-4.3124
-0.26263,1.0707,4.0623,-4.0623
-0.26263,1.1111,3.8115,-3.8115
-0.26263,1.1515,3.561,-3.561
-0.26263,1.1919,3.3123,-3.3123
-0.26263,1.2323,3.0669,-3.0669
-0.26263,1.2727,2.8269,-2.8269
-0.26263,1.3131,2.5944,-2.5944
-0.26263,1.3535,2.3722,-2.3722
-0.26263,1.3939,2.1637,-2.1637
-0.26263,1.4343,1.9734,-1.9734
-0.26263,1.4747,1.8062,-1.8062
-0.26263,1.5152,1.6683,-1.6683
-0.26263,1.5556,1.5659,-1.5659
-0.26263,1.596,1.5043,-1.5043
-0.26263,1.6364,1.486,-1.486
-0.26263,1.6768,1.5099,-1.5099
-0.26263,1.7172,1.5711,-1.5711
-0.26263,1.7576,1.6623,-1.6623
-0.26263,1.798,1.7758,-1.7758
-0.26263,1.8384,1.9045,-1.9045
-0.26263,1.8788,2.0425,-2.0425
-0.26263,1.9192,2.1851,-2.1851
-0.26263,1.9596,2.3288,-2.3288
-0.26263,2,2.4706,-2.4706
-0.22222,-2,2.2516,-2.2516
-0.22222,-1.9596,2.1053,-2.1053
-0.22222,-1.9192,1.9568,-1.9568
-0.22222,-1.8788,1.8094,-1.8094
-0.22222,-1.8384,1.667,-1.667
-0.22222,-1.798,1.5354,-1.5354
-0.22222,-1.7576,1.4217,-1.4217
-0.22222,-1.7172,1.335,-1.335
-0.22222,-1.6768,1.2851,-1.2851
-0.22222,-1.6364,1.2802,-1.2802
-0.22222,-1.596,1.3245,-1.3245
-0.22222,-1.5556,1.4161,-1.4161
-0.22222,-1.5152,1.549,-1.549
-0.22222,-1.4747,1.7153,-1.7153
-0.22222,-1.4343,1.9075,-1.9075
-0.22222,-1.3939,2.1193,-2.1193
-0.22222,-1.3535,2.3457,-2.3457
-0.22222,-1.3131,2.583,-2.583
-0.22222,-1.2727,2.8282,-2.8282
-0.22222,-1.2323,3.0789,-3.0789
-0.22222,-1.1919,3.3333,-3.3333
-0.22222,-1.1515,3.5897,-3.5897
-0.22222,-1.1111,3.8468,-3.8468
-0.22222,-1.0707,4.1033,-4.1033
-0.22222,-1.0303,4.3583,-4.3583
-0.22222,-0.9899,4.6108,-4.6108
-0.22222,-0.94949,4.8597,-4.8597
-0.22222,-0.90909,5.1044,-5.1044
-0.22222,-0.86869,5.344,-5.344
-0.22222,-0.82828,5.5778,-5.5778
-0.22222,-0.78788,5.805,-5.805
-0.22222,-0.74747,6.025,-6.025
-0.22222,-0.70707,6.2372,-6.2372
-0.22222,-0.66667,6.441,-6.441
-0.22222,-0.62626,6.6358,-6.6358
-0.22222,-0.58586,6.821,-6.821
-0.22222,-0.54545,6.9963,-6.9963
-0.22222,-0.50505,7.161,-7.161
-0.22222,-0.46465,7.3148,-7.3148
-0.22222,-0.42424,7.4572,-7.4572
-0.22222,-0.38384,7.5879,-7.5879
-0.22222,-0.34343,7.7065,-7.7065
-0.22222,-0.30303,7.8128,-7.8128
-0.22222,-0.26263,7.9063,-7.9063
-0.22222,-0.22222,7.987,-7.987
-0.22222,-0.18182,8.0545,-8.0545
-0.22222,-0.14141,8.1088,-8.1088
-0.22222,-0.10101,8.1496,-8.1496
-0.22222,-0.060606,8.1768,-8.1768
-0.22222,-0.020202,8.1905,-8.1905
-0.22222,0.020202,8.1905,-8.1905
-0.22222,0.060606,8.1768,-8.1768
-0.22222,0.10101,8.1496,-8.1496
-0.22222,0.14141,8.1088,-8.1088
-0.22222,0.18182,8.0545,-8.0545
-0.22222,0.22222,7.987,-7.987
-0.22222,0.26263,7.9063,-7.9063
-0.22222,0.30303,7.8128,-7.8128
-0.22222,0.34343,7.7065,-7.7065
-0.22222,0.38384,7.5879,-7.5879
-0.22222,0.42424,7.4572,-7.4572
-0.22222,0.46465,7.3148,-7.3148
-0.22222,0.50505,7.161,-7.161
-0.22222,0.54545,6.9963,-6.9963
-0.22222,0.58586,6.821,-6.821
-0.22222,0.62626,6.6358,-6.6358
-0.22222,0.66667,6.441,-6.441
-0.22222,0.70707,6.2372,-6.2372
-0.22222,0.74747,6.025,-6.025
-0.22222,0.78788,5.805,-5.805
-0.22222,0.82828,5.5778,-5.5778
-0.22222,0.86869,5.344,-5.344
-0.22222,0.90909,5.1044,-5.1044
-0.22222,0.94949,4.8597,-4.8597
-0.22222,0.9899,4.6108,-4.6108
-0.22222,1.0303,4.3583,-4.3583
-0.22222,1.0707,4.1033,-4.1033
-0.22222,1.1111,3.8468,-3.8468
-0.22222,1.1515,3.5897,-3.5897
-0.22222,1.1919,3.3333,-3.3333
-0.22222,1.2323,3.0789,-3.0789
-0.22222,1.2727,2.8282,-2.8282
-0.22222,1.3131,2.583,-2.583
-0.22222,1.3535,2.3457,-2.3457
-0.22222,1.3939,2.1193,-2.1193
-0.22222,1.4343,1.9075,-1.9075
-0.22222,1.4747,1.7153,-1.7153
-0.22222,1.5152,1.549,-1.549
-0.22222,1.5556,1.4161,-1.4161
-0.22222,1.596,1.3245,-1.3245
-0.22222,1.6364,1.2802,-1.2802
-0.22222,1.6768,1.2851,-1.2851
-0.22222,1.7172,1.335,-1.335
-0.22222,1.7576,1.4217,-1.4217
-0.22222,1.798,1.5354,-1.5354
-0.22222,1.8384,1.667,-1.667
-0.22222,1.8788,1.8094,-1.8094
-0.22222,1.9192,1.9568,-1.9568
-0.22222,1.9596,2.1053,-2.1053
-0.22222,2,2.2516,-2.2516
-0.18182,-2,2.0485,-2.0485
-0.18182,-1.9596,1.896,-1.896
-0.18182,-1.9192,1.7407,-1.7407
-0.18182,-1.8788,1.5859,-1.5859
-0.18182,-1.8384,1.4362,-1.4362
-0.18182,-1.798,1.2981,-1.2981
-0.18182,-1.7576,1.1809,-1.1809
-0.18182,-1.7172,1.0967,-1.0967
-0.18182,-1.6768,1.0586,-1.0586
-0.18182,-1.6364,1.0761,-1.0761
-0.18182,-1.596,1.1508,-1.1508
-0.18182,-1.5556,1.2758,-1.2758
-0.18182,-1.5152,1.4404,-1.4404
-0.18182,-1.4747,1.6345,-1.6345
-0.18182,-1.4343,1.85,-1.85
-0.18182,-1.3939,2.081,-2.081
-0.18182,-1.3535,2.3232,-2.3232
-0.18182,-1.3131,2.5734,-2.5734
-0.18182,-1.2727,2.8293,-2.8293
-0.18182,-1.2323,3.089,-3.089
-0.18182,-1.1919,3.3509,-3.3509
-0.18182,-1.1515,3.6138,-3.6138
-0.18182,-1.1111,3.8764,-3.8764
-0.18182,-1.0707,4.1377,-4.1377
-0.18182,-1.0303,4.3968,-4.3968
-0.18182,-0.9899,4.6528,-4.6528
-0.18182,-0.94949,4.905,-4.905
-0.18182,-0.90909,5.1524,-5.1524
-0.18182,-0.86869,5.3945,-5.3945
-0.18182,-0.82828,5.6304,-5.6304
-0.18182,-0.78788,5.8596,-5.8596
-0.18182,-0.74747,6.0814,-6.0814
-0.18182,-0.70707,6.2952,-6.2952
-0.18182,-0.66667,6.5003,-6.5003
-0.18182,-0.62626,6.6964,-6.6964
-0.18182,-0.58586,6.8828,-6.8828
-0.18182,-0.54545,7.059,-7.059
-0.18182,-0.50505,7.2246,-7.2246
-0.18182,-0.46465,7.3792,-7.3792
-0.18182,-0.42424,7.5223,-7.5223
-0.18182,-0.38384,7.6537,-7.6537
-0.18182,-0.34343,7.7728,-7.7728
-0.18182,-0.30303,7.8796,-7.8796
-0.18182,-0.26263,7.9735,-7.9735
-0.18182,-0.22222,8.0545,-8.0545
-0.18182,-0.18182,8.1224,-8.1224
-0.18182,-0.14141,8.1768,-8.1768
-0.18182,-0.10101,8.2178,-8.2178
-0.18182,-0.060606,8.2452,-8.2452
-0.18182,-0.020202,8.2589,-8.2589
-0.18182,0.020202,8.2589,-8.2589
-0.18182,0.060606,8.2452,-8.2452
-0.18182,0.10101,8.2178,-8.2178
-0.18182,0.14141,8.1768,-8.1768
-0.18182,0.18182,8.1224,-8.1224
-0.18182,0.22222,8.0545,-8.0545
-0.18182,0.26263,7.9735,-7.9735
-0.18182,0.30303,7.8796,-7.8796
-0.18182,0.34343,7.7728,-7.7728
-0.18182,0.38384,7.6537,-7.6537
-0.18182,0.42424,7.5223,-7.5223
-0.18182,0.46465,7.3792,-7.3792
-0.18182,0.50505,7.2246,-7.2246
-0.18182,0.54545,7.059,-7.059
-0.18182,0.58586,6.8828,-6.8828
-0.18182,0.62626,6.6964,-6.6964
-0.18182,0.66667,6.5003,-6.5003
-0.18182,0.70707,6.2952,-6.2952
-0.18182,0.74747,6.0814,-6.0814
-0.18182,0.78788,5.8596,-5.8596
-0.18182,0.82828,5.6304,-5.6304
-0.18182,0.86869,5.3945,-5.3945
-0.18182,0.90909,5.1524,-5.1524
-0.18182,0.94949,4.905,-4.905
-0.18182,0.9899,4.6528,-4.6528
-0.18182,1.0303,4.3968,-4.3968
-0.18182,1.0707,4.1377,-4.1377
-0.18182,1.1111,3.8764,-3.8764
-0.18182,1.1515,3.6138,-3.6138
-0.18182,1.1919,3.3509,-3.3509
-0.18182,1.2323,3.089,-3.089
-0.18182,1.2727,2.8293,-2.8293
-0.18182,1.3131,2.5734,-2.5734
-0.18182,1.3535,2.3232,-2.3232
-0.18182,1.3939,2.081,-2.081
-0.18182,1.4343,1.85,-1.85
-0.18182,1.4747,1.6345,-1.6345
-0.18182,1.5152,1.4404,-1.4404
-0.18182,1.5556,1.2758,-1.2758
-0.18182,1.596,1.1508,-1.1508
-0.18182,1.6364,1.0761,-1.0761
-0.18182,1.6768,1.0586,-1.0586
-0.18182,1.7172,1.0967,-1.0967
-0.18182,1.7576,1.1809,-1.1809
-0.18182,1.798,1.2981,-1.2981
-0.18182,1.8384,1.4362,-1.4362
-0.18182,1.8788,1.5859,-1.5859
-0.18182,1.9192,1.7407,-1.7407
-0.18182,1.9596,1.896,-1.896
-0.18182,2,2.0485,-2.0485
-0.14141,-2,1.868,-1.868
-0.14141,-1.9596,1.708,-1.708
-0.14141,-1.9192,1.544,-1.544
-0.14141,-1.8788,1.3789,-1.3789
-0.14141,-1.8384,1.2178,-1.2178
-0.14141,-1.798,1.0682,-1.0682
-0.14141,-1.7576,0.94212,-0.94212
-0.14141,-1.7172,0.85673,-0.85673
-0.14141,-1.6768,0.83133,-0.83133
-0.14141,-1.6364,0.87691,-0.87691
-0.14141,-1.596,0.98825,-0.98825
-0.14141,-1.5556,1.1498,-1.1498
-0.14141,-1.5152,1.3462,-1.3462
-0.14141,-1.4747,1.5661,-1.5661
-0.14141,-1.4343,1.8022,-1.8022
-0.14141,-1.3939,2.0495,-2.0495
-0.14141,-1.3535,2.3048,-2.3048
-0.14141,-1.3131,2.5656,-2.5656
-0.14141,-1.2727,2.8302,-2.8302
-0.14141,-1.2323,3.0972,-3.0972
-0.14141,-1.1919,3.3651,-3.3651
-0.14141,-1.1515,3.6331,-3.6331
-0.14141,-1.1111,3.9001,-3.9001
-0.14141,-1.0707,4.1652,-4.1652
-0.14141,-1.0303,4.4277,-4.4277
-0.14141,-0.9899,4.6866,-4.6866
-0.14141,-0.94949,4.9412,-4.9412
-0.14141,-0.90909,5.1909,-5.1909
-0.14141,-0.86869,5.435,-5.435
-0.14141,-0.82828,5.6727,-5.6727
-0.14141,-0.78788,5.9034,-5.9034
-0.14141,-0.74747,6.1266,-6.1266
-0.14141,-0.70707,6.3416,-6.3416
-0.14141,-0.66667,6.5479,-6.5479
-0.14141,-0.62626,6.745,-6.745
-0.14141,-0.58586,6.9323,-6.9323
-0.14141,-0.54545,7.1093,-7.1093
-0.14141,-0.50505,7.2757,-7.2757
-0.14141,-0.46465,7.4309,-7.4309
-0.14141,-0.42424,7.5746,-7.5746
-0.14141,-0.38384,7.7065,-7.7065
-0.14141,-0.34343,7.8261,-7.8261
-0.14141,-0.30303,7.9332,-7.9332
-0.14141,-0.26263,8.0275,-8.0275
-0.14141,-0.22222,8.1088,-8.1088
-0.14141,-0.18182,8.1768,-8.1768
-0.14141,-0.14141,8.2315,-8.2315
-0.14141,-0.10101,8.2726,-8.2726
-0.14141,-0.060606,8.3001,-8.3001
-0.14141,-0.020202,8.3138,-8.3138
-0.14141,0.020202,8.3138,-8.3138
-0.14141,0.060606,8.3001,-8.3001
-0.14141,0.10101,8.2726,-8.2726
-0.14141,0.14141,8.2315,-8.2315
-0.14141,0.18182,8.1768,-8.1768
-0.14141,0.22222,8.1088,-8.1088
-0.14141,0.26263,8.0275,-8.0275
-0.14141,0.30303,7.9332,-7.9332
-0.14141,0.34343,7.8261,-7.8261
-0.14141,0.38384,7.7065,-7.7065
-0.14141,0.42424,7.5746,-7.5746
-0.14141,0.46465,7.4309,-7.4309
-0.14141,0.50505,7.2757,-7.2757
-0.14141,0.54545,7.1093,-7.1093
-0.14141,0.58586,6.9323,-6.9323
-0.14141,0.62626,6.745,-6.745
-0.14141,0.66667,6.5479,-6.5479
-0.14141,0.70707,6.3416,-6.3416
-0.14141,0.74747,6.1266,-6.1266
-0.14141,0.78788,5.9034,-5.9034
-0.14141,0.82828,5.6727,-5.6727
-0.14141,0.86869,5.435,-5.435
-0.14141,0.90909,5.1909,-5.1909
-0.14141,0.94949,4.9412,-4.9412
-0.14141,0.9899,4.6866,-4.6866
-0.14141,1.0303,4.4277,-4.4277
-0.14141,1.0707,4.1652,-4.1652
-0.14141,1.1111,3.9001,-3.9001
-0.14141,1.1515,3.6331,-3.6331
-0.14141,1.1919,3.3651,-3.3651
-0.14141,1.2323,3.0972,-3.0972
-0.14141,1.2727,2.8302,-2.8302
-0.14141,1.3131,2.5656,-2.5656
-0.14141,1.3535,2.3048,-2.3048
-0.14141,1.3939,2.0495,-2.0495
-0.14141,1.4343,1.8022,-1.8022
-0.14141,1.4747,1.5661,-1.5661
-0.14141,1.5152,1.3462,-1.3462
-0.14141,1.5556,1.1498,-1.1498
-0.14141,1.596,0.98825,-0.98825
-0.14141,1.6364,0.87691,-0.87691
-0.14141,1.6768,0.83133,-0.83133
-0.14141,1.7172,0.85673,-0.85673
-0.14141,1.7576,0.94212,-0.94212
-0.14141,1.798,1.0682,-1.0682
-0.14141,1.8384,1.2178,-1.2178
-0.14141,1.8788,1.3789,-1.3789
-0.14141,1.9192,1.544,-1.544
-0.14141,1.9596,1.708,-1.708
-0.14141,2,1.868,-1.868
-0.10101,-2,1.7189,-1.7189
-0.10101,-1.9596,1.5508,-1.5508
-0.10101,-1.9192,1.3765,-1.3765
-0.10101,-1.8788,1.1988,-1.1988
-0.10101,-1.8384,1.0221,-1.0221
-0.10101,-1.798,0.85416,-0.85416
-0.10101,-1.7576,0.70992,-0.70992
-0.10101,-1.7172,0.61585,-0.61585
-0.10101,-1.6768,0.60512,-0.60512
-0.10101,-1.6364,0.68892,-0.68892
-0.10101,-1.596,0.84473,-0.84473
-0.10101,-1.5556,1.0445,-1.0445
-0.10101,-1.5152,1.2703,-1.2703
-0.10101,-1.4747,1.5123,-1.5123
-0.10101,-1.4343,1.7651,-1.7651
-0.10101,-1.3939,2.0253,-2.0253
-0.10101,-1.3535,2.2907,-2.2907
-0.10101,-1.3131,2.5597,-2.5597
-0.10101,-1.2727,2.8309,-2.8309
-0.10101,-1.2323,3.1033,-3.1033
-0.10101,-1.1919,3.3759,-3.3759
-0.10101,-1.1515,3.6477,-3.6477
-0.10101,-1.1111,3.918,-3.918
-0.10101,-1.0707,4.186,-4.186
-0.10101,-1.0303,4.4509,-4.4509
-0.10101,-0.9899,4.7119,-4.7119
-0.10101,-0.94949,4.9685,-4.9685
-0.10101,-0.90909,5.2199,-5.2199
-0.10101,-0.86869,5.4654,-5.4654
-0.10101,-0.82828,5.7044,-5.7044
-0.10101,-0.78788,5.9364,-5.9364
-0.10101,-0.74747,6.1606,-6.1606
-0.10101,-0.70707,6.3766,-6.3766
-0.10101,-0.66667,6.5837,-6.5837
-0.10101,-0.62626,6.7816,-6.7816
-0.10101,-0.58586,6.9695,-6.9695
-0.10101,-0.54545,7.1472,-7.1472
-0.10101,-0.50505,7.3141,-7.3141
-0.10101,-0.46465,7.4698,-7.4698
-0.10101,-0.42424,7.614,-7.614
-0.10101,-0.38384,7.7462,-7.7462
-0.10101,-0.34343,7.8661,-7.8661
-0.10101,-0.30303,7.9735,-7.9735
-0.10101,-0.26263,8.0681,-8.0681
-0.10101,-0.22222,8.1496,-8.1496
-0.10101,-0.18182,8.2178,-8.2178
-0.10101,-0.14141,8.2726,-8.2726
-0.10101,-0.10101,8.3138,-8.3138
-0.10101,-0.060606,8.3413,-8.3413
-0.10101,-0.020202,8.3551,-8.3551
-0.10101,0.020202,8.3551,-8.3551
-0.10101,0.060606,8.3413,-8.3413
-0.10101,0.10101,8.3138,-8.3138
-0.10101,0.14141,8.2726,-8.2726
-0.10101,0.18182,8.2178,-8.2178
-0.10101,0.22222,8.1496,-8.1496
-0.10101,0.26263,8.0681,-8.0681
-0.10101,0.30303,7.9735,-7.9735
-0.10101,0.34343,7.8661,-7.8661
-0.10101,0.38384,7.7462,-7.7462
-0.10101,0.42424,7.614,-7.614
-0.10101,0.46465,7.4698,-7.4698
-0.10101,0.50505,7.3141,-7.3141
-0.10101,0.54545,7.1472,-7.1472
-0.10101,0.58586,6.9695,-6.9695
-0.10101,0.62626,6.7816,-6.7816
-0.10101,0.66667,6.5837,-6.5837
-0.10101,0.70707,6.3766,-6.3766
-0.10101,0.74747,6.1606,-6.1606
-0.10101,0.78788,5.9364,-5.9364
-0.10101,0.82828,5.7044,-5.7044
-0.10101,0.86869,5.4654,-5.4654
-0.10101,0.90909,5.2199,-5.2199
-0.10101,0.94949,4.9685,-4.9685
-0.10101,0.9899,4.7119,-4.7119
-0.10101,1.0303,4.4509,-4.4509
-0.10101,1.0707,4.186,-4.186
-0.10101,1.1111,3.918,-3.918
-0.10101,1.1515,3.6477,-3.6477
-0.10101,1.1919,3.3759,-3.3759
-0.10101,1.2323,3.1033,-3.1033
-0.10101,1.2727,2.8309,-2.8309
-0.10101,1.3131,2.5597,-2.5597
-0.10101,1.3535,2.2907,-2.2907
-0.10101,1.3939,2.0253,-2.0253
-0.10101,1.4343,1.7651,-1.7651
-0.10101,1.4747,1.5123,-1.5123
-0.10101,1.5152,1.2703,-1.2703
-0.10101,1.5556,1.0445,-1.0445
-0.10101,1.596,0.84473,-0.84473
-0.10101,1.6364,0.68892,-0.68892
-0.10101,1.6768,0.60512,-0.60512
-0.10101,1.7172,0.61585,-0.61585
-0.10101,1.7576,0.70992,-0.70992
-0.10101,1.798,0.85416,-0.85416
-0.10101,1.8384,1.0221,-1.0221
-0.10101,1.8788,1.1988,-1.1988
-0.10101,1.9192,1.3765,-1.3765
-0.10101,1.9596,1.5508,-1.5508
-0.10101,2,1.7189,-1.7189
-0.060606,-2,1.6112,-1.6112
-0.060606,-1.9596,1.4357,-1.4357
-0.060606,-1.9192,1.2517,-1.2517
-0.060606,-1.8788,1.061,-1.061
-0.060606,-1.8384,0.86631,-0.86631
-0.060606,-1.798,0.67344,-0.67344
-0.060606,-1.7576,0.49666,-0.49666
-0.060606,-1.7172,0.37594,-0.37594
-0.060606,-1.6768,0.38496,-0.38496
-0.060606,-1.6364,0.52644,-0.52644
-0.060606,-1.596,0.73287,-0.73287
-0.060606,-1.5556,0.96744,-0.96744
-0.060606,-1.5152,1.2167,-1.2167
-0.060606,-1.4747,1.4751,-1.4751
-0.060606,-1.4343,1.7398,-1.7398
-0.060606,-1.3939,2.009,-2.009
-0.060606,-1.3535,2.2813,-2.2813
-0.060606,-1.3131,2.5557,-2.5557
-0.060606,-1.2727,2.8314,-2.8314
-0.060606,-1.2323,3.1074,-3.1074
-0.060606,-1.1919,3.383,-3.383
-0.060606,-1.1515,3.6575,-3.6575
-0.060606,-1.1111,3.93,-3.93
-0.060606,-1.0707,4.1998,-4.1998
-0.060606,-1.0303,4.4664,-4.4664
-0.060606,-0.9899,4.7289,-4.7289
-0.060606,-0.94949,4.9867,-4.9867
-0.060606,-0.90909,5.2392,-5.2392
-0.060606,-0.86869,5.4857,-5.4857
-0.060606,-0.82828,5.7257,-5.7257
-0.060606,-0.78788,5.9584,-5.9584
-0.060606,-0.74747,6.1833,-6.1833
-0.060606,-0.70707,6.3999,-6.3999
-0.060606,-0.66667,6.6076,-6.6076
-0.060606,-0.62626,6.806,-6.806
-0.060606,-0.58586,6.9944,-6.9944
-0.060606,-0.54545,7.1725,-7.1725
-0.060606,-0.50505,7.3397,-7.3397
-0.060606,-0.46465,7.4958,-7.4958
-0.060606,-0.42424,7.6402,-7.6402
-0.060606,-0.38384,7.7727,-7.7727
-0.060606,-0.34343,7.8929,-7.8929
-0.060606,-0.30303,8.0005,-8.0005
-0.060606,-0.26263,8.0952,-8.0952
-0.060606,-0.22222,8.1768,-8.1768
-0.060606,-0.18182,8.2452,-8.2452
-0.060606,-0.14141,8.3001,-8.3001
-0.060606,-0.10101,8.3413,-8.3413
-0.060606,-0.060606,8.3689,-8.3689
-0.060606,-0.020202,8.3827,-8.3827
-0.060606,0.020202,8.3827,-8.3827
-0.060606,0.060606,8.3689,-8.3689
-0.060606,0.10101,8.3413,-8.3413
-0.060606,0.14141,8.3001,-8.3001
-0.060606,0.18182,8.2452,-8.2452
-0.060606,0.22222,8.1768,-8.1768
-0.060606,0.26263,8.0952,-8.0952
-0.060606,0.30303,8.0005,-8.0005
-0.060606,0.34343,7.8929,-7.8929
-0.060606,0.38384,7.7727,-7.7727
-0.060606,0.42424,7.6402,-7.6402
-0.060606,0.46465,7.4958,-7.4958
-0.060606,0.50505,7.3397,-7.3397
-0.060606,0.54545,7.1725,-7.1725
-0.060606,0.58586,6.9944,-6.9944
-0.060606,0.62626,6.806,-6.806
-0.060606,0.66667,6.6076,-6.6076
-0.060606,0.70707,6.3999,-6.3999
-0.060606,0.74747,6.1833,-6.1833
-0.060606,0.78788,5.9584,-5.9584
-0.060606,0.82828,5.7257,-5.7257
-0.060606,0.86869,5.4857,-5.4857
-0.060606,0.90909,5.2392,-5.2392
-0.060606,0.94949,4.9867,-4.9867
-0.060606,0.9899,4.7289,-4.7289
-0.060606,1.0303,4.4664,-4.4664
-0.060606,1.0707,4.1998,-4.1998
-0.060606,1.1111,3.93,-3.93
-0.060606,1.1515,3.6575,-3.6575
-0.060606,1.1919,3.383,-3.383
-0.060606,1.2323,3.1074,-3.1074
-0.060606,1.2727,2.8314,-2.8314
-0.060606,1.3131,2.5557,-2.5557
-0.060606,1.3535,2.2813,-2.2813
-0.060606,1.3939,2.009,-2.009
-0.060606,1.4343,1.7398,-1.7398
-0.060606,1.4747,1.4751,-1.4751
-0.060606,1.5152,1.2167,-1.2167
-0.060606,1.5556,0.96744,-0.96744
-0.060606,1.596,0.73287,-0.73287
-0.060606,1.6364,0.52644,-0.52644
-0.060606,1.6768,0.38496,-0.38496
-0.060606,1.7172,0.37594,-0.37594
-0.060606,1.7576,0.49666,-0.49666
-0.060606,1.798,0.67344,-0.67344
-0.060606,1.8384,0.86631,-0.86631
-0.060606,1.8788,1.061,-1.061
-0.060606,1.9192,1.2517,-1.2517
-0.060606,1.9596,1.4357,-1.4357
-0.060606,2,1.6112,-1.6112
-0.020202,-2,1.5543,-1.5543
-0.020202,-1.9596,1.3742,-1.3742
-0.020202,-1.9192,1.1841,-1.1841
-0.020202,-1.8788,0.98457,-0.98457
-0.020202,-1.8384,0.77646,-0.77646
-0.020202,-1.798,0.56122,-0.56122
-0.020202,-1.7576,0.34283,-0.34283
-0.020202,-1.7172,0.14806,-0.14806
-0.020202,-1.6768,0.19699,-0.19699
-0.020202,-1.6364,0.42195,-0.42195
-0.020202,-1.596,0.66972,-0.66972
-0.020202,-1.5556,0.92636,-0.92636
-0.020202,-1.5152,1.1889,-1.1889
-0.020202,-1.4747,1.4561,-1.4561
-0.020202,-1.4343,1.727,-1.727
-0.020202,-1.3939,2.0007,-2.0007
-0.020202,-1.3535,2.2765,-2.2765
-0.020202,-1.3131,2.5537,-2.5537
-0.020202,-1.2727,2.8316,-2.8316
-0.020202,-1.2323,3.1095,-3.1095
-0.020202,-1.1919,3.3866,-3.3866
-0.020202,-1.1515,3.6623,-3.6623
-0.020202,-1.1111,3.9359,-3.9359
-0.020202,-1.0707,4.2068,-4.2068
-0.020202,-1.0303,4.4741,-4.4741
-0.020202,-0.9899,4.7374,-4.7374
-0.020202,-0.94949,4.9958,-4.9958
-0.020202,-0.90909,5.2489,-5.2489
-0.020202,-0.86869,5.4959,-5.4959
-0.020202,-0.82828,5.7363,-5.7363
-0.020202,-0.78788,5.9694,-5.9694
-0.020202,-0.74747,6.1947,-6.1947
-0.020202,-0.70707,6.4116,-6.4116
-0.020202,-0.66667,6.6196,-6.6196
-0.020202,-0.62626,6.8182,-6.8182
-0.020202,-0.58586,7.0068,-7.0068
-0.020202,-0.54545,7.1851,-7.1851
-0.020202,-0.50505,7.3526,-7.3526
-0.020202,-0.46465,7.5088,-7.5088
-0.020202,-0.42424,7.6534,-7.6534
-0.020202,-0.38384,7.786,-7.786
-0.020202,-0.34343,7.9063,-7.9063
-0.020202,-0.30303,8.014,-8.014
-0.020202,-0.26263,8.1088,-8.1088
-0.020202,-0.22222,8.1905,-8.1905
-0.020202,-0.18182,8.2589,-8.2589
-0.020202,-0.14141,8.3138,-8.3138
-0.020202,-0.10101,8.3551,-8.3551
-0.020202,-0.060606,8.3827,-8.3827
-0.020202,-0.020202,8.3965,-8.3965
-0.020202,0.020202,8.3965,-8.3965
-0.020202,0.060606,8.3827,-8.3827
-0.020202,0.10101,8.3551,-8.3551
-0.020202,0.14141,8.3138,-8.3138
-0.020202,0.18182,8.2589,-8.2589
-0.020202,0.22222,8.1905,-8.1905
-0.020202,0.26263,8.1088,-8.1088
-0.020202,0.30303,8.014,-8.014
-0.020202,0.34343,7.9063,-7.9063
-0.020202,0.38384,7.786,-7.786
-0.020202,0.42424,7.6534,-7.6534
-0.020202,0.46465,7.5088,-7.5088
-0.020202,0.50505,7.3526,-7.3526
-0.020202,0.54545,7.1851,-7.1851
-0.020202,0.58586,7.0068,-7.0068
-0.020202,0.62626,6.8182,-6.8182
-0.020202,0.66667,6.6196,-6.6196
-0.020202,0.70707,6.4116,-6.4116
-0.020202,0.74747,6.1947,-6.1947
-0.020202,0.78788,5.9694,-5.9694
-0.020202,0.82828,5.7363,-5.7363
-0.020202,0.86869,5.4959,-5.4959
-0.020202,0.90909,5.2489,-5.2489
-0.020202,0.94949,4.9958,-4.9958
-0.020202,0.9899,4.7374,-4.7374
-0.020202,1.0303,4.4741,-4.4741
-0.020202,1.0707,4.2068,-4.2068
-0.020202,1.1111,3.9359,-3.9359
-0.020202,1.1515,3.6623,-3.6623
-0.020202,1.1919,3.3866,-3.3866
-0.020202,1.2323,3.1095,-3.1095
-0.020202,1.2727,2.8316,-2.8316
-0.020202,1.3131,2.5537,-2.5537
-0.020202,1.3535,2.2765,-2.2765
-0.020202,1.3939,2.0007,-2.0007
-0.020202,1.4343,1.727,-1.727
-0.020202,1.4747,1.4561,-1.4561
-0.020202,1.5152,1.1889,-1.1889
-0.020202,1.5556,0.92636,-0.92636
-0.020202,1.596,0.66972,-0.66972
-0.020202,1.6364,0.42195,-0.42195
-0.020202,1.6768,0.19699,-0.19699
-0.020202,1.7172,0.14806,-0.14806
-0.020202,1.7576,0.34283,-0.34283
-0.020202,1.798,0.56122,-0.56122
-0.020202,1.8384,0.77646,-0.77646
-0.020202,1.8788,0.98457,-0.98457
-0.020202,1.9192,1.1841,-1.1841
-0.020202,1.9596,1.3742,-1.3742
-0.020202,2,1.5543,-1.5543
0.020202,-2,1.5543,-1.5543
0.020202,-1.9596,1.3742,-1.3742
0.020202,-1.9192,1.1841,-1.1841
0.020202,-1.8788,0.98457,-0.98457
0.020202,-1.8384,0.77646,-0.77646
0.020202,-1.798,0.56122,-0.56122
0.020202,-1.7576,0.34283,-0.34283
0.020202,-1.7172,0.14806,-0.14806
0.020202,-1.6768,0.19699,-0.19699
0.020202,-1.6364,0.42195,-0.42195
0.020202,-1.596,0.66972,-0.66972
0.020202,-1.5556,0.92636,-0.92636
0.020202,-1.5152,1.1889,-1.1889
0.020202,-1.4747,1.4561,-1.4561
0.020202,-1.4343,1.727,-1.727
0.020202,-1.3939,2.0007,-2.0007
0.020202,-1.3535,2.2765,-2.2765
0.020202,-1.3131,2.5537,-2.5537
0.020202,-1.2727,2.8316,-2.8316
0.020202,-1.2323,3.1095,-3.1095
0.020202,-1.1919,3.3866,-3.3866
0.020202,-1.1515,3.6623,-3.6623
0.020202,-1.1111,3.9359,-3.9359
0.020202,-1.0707,4.2068,-4.2068
0.020202,-1.0303,4.4741,-4.4741
0.020202,-0.9899,4.7374,-4.7374
0.020202,-0.94949,4.9958,-4.9958
0.020202,-0.90909,5.2489,-5.2489
0.020202,-0.86869,5.4959,-5.4959
0.020202,-0.82828,5.7363,-5.7363
0.020202,-0.78788,5.9694,-5.9694
0.020202,-0.74747,6.1947,-6.1947
0.020202,-0.70707,6.4116,-6.4116
0.020202,-0.66667,6.6196,-6.6196
0.020202,-0.62626,6.8182,-6.8182
0.020202,-0.58586,7.0068,-7.0068
0.020202,-0.54545,7.1851,-7.1851
0.020202,-0.50505,7.3526,-7.3526
0.020202,-0.46465,7.5088,-7.5088
0.020202,-0.42424,7.6534,-7.6534
0.020202,-0.38384,7.786,-7.786
0.020202,-0.34343,7.9063,-7.9063
0.020202,-0.30303,8.014,-8.014
0.020202,-0.26263,8.1088,-8.1088
0.020202,-0.22222,8.1905,-8.1905
0.020202,-0.18182,8.2589,-8.2589
0.020202,-0.14141,8.3138,-8.3138
0.020202,-0.10101,8.3551,-8.3551
0.020202,-0.060606,8.3827,-8.3827
0.020202,-0.020202,8.3965,-8.3965
0.020202,0.020202,8.3965,-8.3965
0.020202,0.060606,8.3827,-8.3827
0.020202,0.10101,8.3551,-8.3551
0.020202,0.14141,8.3138,-8.3138
0.020202,0.18182,8.2589,-8.2589
0.020202,0.22222,8.1905,-8.1905
0.020202,0.26263,8.1088,-8.1088
0.020202,0.30303,8.014,-8.014
0.020202,0.34343,7.9063,-7.9063
0.020202,0.38384,7.786,-7.786
0.020202,0.42424,7.6534,-7.6534
0.020202,0.46465,7.5088,-7.5088
0.020202,0.50505,7.3526,-7.3526
0.020202,0.54545,7.1851,-7.1851
0.020202,0.58586,7.0068,-7.0068
0.020202,0.62626,6.8182,-6.8182
0.020202,0.66667,6.6196,-6.6196
0.020202,0.70707,6.4116,-6.4116
0.020202,0.74747,6.1947,-6.1947
0.020202,0.78788,5.9694,-5.9694
0.020202,0.82828,5.7363,-5.7363
0.020202,0.86869,5.4959,-5.4959
0.020202,0.90909,5.2489,-5.2489
0.020202,0.94949,4.9958,-4.9958
0.020202,0.9899,4.7374,-4.7374
0.020202,1.0303,4.4741,-4.4741
0.020202,1.0707,4.2068,-4.2068
0.020202,1.1111,3.9359,-3.9359
0.020202,1.1515,3.6623,-3.6623
0.020202,1.1919,3.3866,-3.3866
0.020202,1.2323,3.1095,-3.1095
0.020202,1.2727,2.8316,-2.8316
0.020202,1.3131,2.5537,-2.5537
0.020202,1.3535,2.2765,-2.2765
0.020202,1.3939,2.0007,-2.0007
0.020202,1.4343,1.727,-1.727
0.020202,1.4747,1.4561,-1.4561
0.020202,1.5152,1.1889,-1.1889
0.020202,1.5556,0.92636,-0.92636
0.020202,1.596,0.66972,-0.66972
0.020202,1.6364,0.42195,-0.42195
0.020202,1.6768,0.19699,-0.19699
0.020202,1.7172,0.14806,-0.14806
0.020202,1.7576,0.34283,-0.34283
0.020202,1.798,0.56122,-0.56122
0.020202,1.8384,0.77646,-0.77646
0.020202,1.8788,0.98457,-0.98457
0.020202,1.9192,1.1841,-1.1841
0.020202,1.9596,1.3742,-1.3742
0.020202,2,1.5543,-1.5543
0.060606,-2,1.6112,-1.6112
0.060606,-1.9596,1.4357,-1.4357
0.060606,-1.9192,1.2517,-1.2517
0.060606,-1.8788,1.061,-1.061
0.060606,-1.8384,0.86631,-0.86631
0.060606,-1.798,0.67344,-0.67344
0.060606,-1.7576,0.49666,-0.49666
0.060606,-1.7172,0.37594,-0.37594
0.060606,-1.6768,0.38496,-0.38496
0.060606,-1.6364,0.52644,-0.52644
0.060606,-1.596,0.73287,-0.73287
0.060606,-1.5556,0.96744,-0.96744
0.060606,-1.5152,1.2167,-1.2167
0.060606,-1.4747,1.4751,-1.4751
0.060606,-1.4343,1.7398,-1.7398
0.060606,-1.3939,2.009,-2.009
0.060606,-1.3535,2.2813,-2.2813
0.060606,-1.3131,2.5557,-2.5557
0.060606,-1.2727,2.8314,-2.8314
0.060606,-1.2323,3.1074,-3.1074
0.060606,-1.1919,3.383,-3.383
0.060606,-1.1515,3.6575,-3.6575
0.060606,-1.1111,3.93,-3.93
0.060606,-1.0707,4.1998,-4.1998
0.060606,-1.0303,4.4664,-4.4664
0.060606,-0.9899,4.7289,-4.7289
0.060606,-0.94949,4.9867,-4.9867
0.060606,-0.90909,5.2392,-5.2392
0.060606,-0.86869,5.4857,-5.4857
0.060606,-0.82828,5.7257,-5.7257
0.060606,-0.78788,5.9584,-5.9584
0.060606,-0.74747,6.1833,-6.1833
0.060606,-0.70707,6.3999,-6.3999
0.060606,-0.66667,6.6076,-6.6076
0.060606,-0.62626,6.806,-6.806
0.060606,-0.58586,6.9944,-6.9944
0.060606,-0.54545,7.1725,-7.1725
0.060606,-0.50505,7.3397,-7.3397
0.060606,-0.46465,7.4958,-7.4958
0.060606,-0.42424,7.6402,-7.6402
0.060606,-0.38384,7.7727,-7.7727
0.060606,-0.34343,7.8929,-7.8929
0.060606,-0.30303,8.0005,-8.0005
0.060606,-0.26263,8.0952,-8.0952
0.060606,-0.22222,8.1768,-8.1768
0.060606,-0.18182,8.2452,-8.2452
0.060606,-0.14141,8.3001,-8.3001
0.060606,-0.10101,8.3413,-8.3413
0.060606,-0.060606,8.3689,-8.3689
0.060606,-0.020202,8.3827,-8.3827
0.060606,0.020202,8.3827,-8.3827
0.060606,0.060606,8.3689,-8.3689
0.060606,0.10101,8.3413,-8.3413
0.060606,0.14141,8.3001,-8.3001
0.060606,0.18182,8.2452,-8.2452
0.060606,0.22222,8.1768,-8.1768
0.060606,0.26263,8.0952,-8.0952
0.060606,0.30303,8.0005,-8.0005
0.060606,0.34343,7.8929,-7.8929
0.060606,0.38384,7.7727,-7.7727
0.060606,0.42424,7.6402,-7.6402
0.060606,0.46465,7.4958,-7.4958
0.060606,0.50505,7.3397,-7.3397
0.060606,0.54545,7.1725,-7.1725
0.060606,0.58586,6.9944,-6.9944
0.060606,0.62626,6.806,-6.806
0.060606,0.66667,6.6076,-6.6076
0.060606,0.70707,6.3999,-6.3999
0.060606,0.74747,6.1833,-6.1833
0.060606,0.78788,5.9584,-5.9584
0.060606,0.82828,5.7257,-5.7257
0.060606,0.86869,5.4857,-5.4857
0.060606,0.90909,5.2392,-5.2392
0.060606,0.94949,4.9867,-4.9867
0.060606,0.9899,4.7289,-4.7289
0.060606,1.0303,4.4664,-4.4664
0.060606,1.0707,4.1998,-4.1998
0.060606,1.1111,3.93,-3.93
0.060606,1.1515,3.6575,-3.6575
0.060606,1.1919,3.383,-3.383
0.060606,1.2323,3.1074,-3.1074
0.060606,1.2727,2.8314,-2.8314
0.060606,1.3131,2.5557,-2.5557
0.060606,1.3535,2.2813,-2.2813
0.060606,1.3939,2.009,-2.009
0.060606,1.4343,1.7398,-1.7398
0.060606,1.4747,1.4751,-1.4751
0.060606,1.5152,1.2167,-1.2167
0.060606,1.5556,0.96744,-0.96744
0.060606,1.596,0.73287,-0.73287
0.060606,1.6364,0.52644,-0.52644
0.060606,1.6768,0.38496,-0.38496
0.060606,1.7172,0.37594,-0.37594
0.060606,1.7576,0.49666,-0.49666
0.060606,1.798,0.67344,-0.67344
0.060606,1.8384,0.86631,-0.86631
0.060606,1.8788,1.061,-1.061
0.060606,1.9192,1.2517,-1.2517
0.060606,1.9596,1.4357,-1.4357
0.060606,2,1.6112,-1.6112
0.10101,-2,1.7189,-1.7189
0.10101,-1.9596,1.5508,-1.5508
0.10101,-1.9192,1.3765,-1.3765
0.10101,-1.8788,1.1988,-1.1988
0.10101,-1.8384,1.0221,-1.0221
0.10101,-1.798,0.85416,-0.85416
0.10101,-1.7576,0.70992,-0.70992
0.10101,-1.7172,0.61585,-0.61585
0.10101,-1.6768,0.60512,-0.60512
0.10101,-1.6364,0.68892,-0.68892
0.10101,-1.596,0.84473,-0.84473
0.10101,-1.5556,1.0445,-1.0445
0.10101,-1.5152,1.2703,-1.2703
0.10101,-1.4747,1.5123,-1.5123
0.10101,-1.4343,1.7651,-1.7651
0.10101,-1.3939,2.0253,-2.0253
0.10101,-1.3535,2.2907,-2.2907
0.10101,-1.3131,2.5597,-2.5597
0.10101,-1.2727,2.8309,-2.8309
0.10101,-1.2323,3.1033,-3.1033
0.10101,-1.1919,3.3759,-3.3759
0.10101,-1.1515,3.6477,-3.6477
0.10101,-1.1111,3.918,-3.918
0.10101,-1.0707,4.186,-4.186
0.10101,-1.0303,4.4509,-4.4509
0.10101,-0.9899,4.7119,-4.7119
0.10101,-0.94949,4.9685,-4.9685
0.10101,-0.90909,5.2199,-5.2199
0.10101,-0.86869,5.4654,-5.4654
0.10101,-0.82828,5.7044,-5.7044
0.10101,-0.78788,5.9364,-5.9364
0.10101,-0.74747,6.1606,-6.1606
0.10101,-0.70707,6.3766,-6.3766
0.10101,-0.66667,6.5837,-6.5837
0.10101,-0.62626,6.7816,-6.7816
0.10101,-0.58586,6.9695,-6.9695
0.10101,-0.54545,7.1472,-7.1472
0.10101,-0.50505,7.3141,-7.3141
0.10101,-0.46465,7.4698,-7.4698
0.10101,-0.42424,7.614,-7.614
0.10101,-0.38384,7.7462,-7.7462
0.10101,-0.34343,7.8661,-7.8661
0.10101,-0.30303,7.9735,-7.9735
0.10101,-0.26263,8.0681,-8.0681
0.10101,-0.22222,8.1496,-8.1496
0.10101,-0.18182,8.2178,-8.2178
0.10101,-0.14141,8.2726,-8.2726
0.10101,-0.10101,8.3138,-8.3138
0.10101,-0.060606,8.3413,-8.3413
0.10101,-0.020202,8.3551,-8.3551
0.10101,0.020202,8.3551,-8.3551
0.10101,0.060606,8.3413,-8.3413
0.10101,0.10101,8.3138,-8.3138
0.10101,0.14141,8.2726,-8.2726
0.10101,0.18182,8.2178,-8.2178
0.10101,0.22222,8.1496,-8.1496
0.10101,0.26263,8.0681,-8.0681
0.10101,0.30303,7.9735,-7.9735
0.10101,0.34343,7.8661,-7.8661
0.10101,0.38384,7.7462,-7.7462
0.10101,0.42424,7.614,-7.614
0.10101,0.46465,7.4698,-7.4698
0.10101,0.50505,7.3141,-7.3141
0.10101,0.54545,7.1472,-7.1472
0.10101,0.58586,6.9695,-6.9695
0.10101,0.62626,6.7816,-6.7816
0.10101,0.66667,6.5837,-6.5837
0.10101,0.70707,6.3766,-6.3766
0.10101,0.74747,6.1606,-6.1606
0.10101,0.78788,5.9364,-5.9364
0.10101,0.82828,5.7044,-5.7044
0.10101,0.86869,5.4654,-5.4654
0.10101,0.90909,5.2199,-5.2199
0.10101,0.94949,4.9685,-4.9685
0.10101,0.9899,4.7119,-4.7119
0.10101,1.0303,4.4509,-4.4509
0.10101,1.0707,4.186,-4.186
0.10101,1.1111,3.918,-3.918
0.10101,1.1515,3.6477,-3.6477
0.10101,1.1919,3.3759,-3.3759
0.10101,1.2323,3.1033,-3.1033
0.10101,1.2727,2.8309,-2.8309
0.10101,1.3131,2.5597,-2.5597
0.10101,1.3535,2.2907,-2.2907
0.10101,1.3939,2.0253,-2.0253
0.10101,1.4343,1.7651,-1.7651
0.10101,1.4747,1.5123,-1.5123
0.10101,1.5152,1.2703,-1.2703
0.10101,1.5556,1.0445,-1.0445
0.10101,1.596,0.84473,-0.84473
0.10101,1.6364,0.68892,-0.68892
0.10101,1.6768,0.60512,-0.60512
0.10101,1.7172,0.61585,-0.61585
0.10101,1.7576,0.70992,-0.70992
0.10101,1.798,0.85416,-0.85416
0.10101,1.8384,1.0221,-1.0221
0.10101,1.8788,1.1988,-1.1988
0.10101,1.9192,1.3765,-1.3765
0.10101,1.9596,1.5508,-1.5508
0.10101,2,1.7189,-1.7189
0.14141,-2,1.868,-1.868
0.14141,-1.9596,1.708,-1.708
0.14141,-1.9192,1.544,-1.544
0.14141,-1.8788,1.3789,-1.3789
0.14141,-1.8384,1.2178,-1.2178
0.14141,-1.798,1.0682,-1.0682
0.14141,-1.7576,0.94212,-0.94212
0.14141,-1.7172,0.85673,-0.85673
0.14141,-1.6768,0.83133,-0.83133
0.14141,-1.6364,0.87691,-0.87691
0.14141,-1.596,0.98825,-0.98825
0.14141,-1.5556,1.1498,-1.1498
0.14141,-1.5152,1.3462,-1.3462
0.14141,-1.4747,1.5661,-1.5661
0.14141,-1.4343,1.8022,-1.8022
0.14141,-1.3939,2.0495,-2.0495
0.14141,-1.3535,2.3048,-2.3048
0.14141,-1.3131,2.5656,-2.5656
0.14141,-1.2727,2.8302,-2.8302
0.14141,-1.2323,3.0972,-3.0972
0.14141,-1.1919,3.3651,-3.3651
0.14141,-1.1515,3.6331,-3.6331
0.14141,-1.1111,3.9001,-3.9001
0.14141,-1.0707,4.1652,-4.1652
0.14141,-1.0303,4.4277,-4.4277
0.14141,-0.9899,4.6866,-4.6866
0.14141,-0.94949,4.9412,-4.9412
0.14141,-0.90909,5.1909,-5.1909
0.14141,-0.86869,5.435,-5.435
0.14141,-0.82828,5.6727,-5.6727
0.14141,-0.78788,5.9034,-5.9034
0.14141,-0.74747,6.1266,-6.1266
0.14141,-0.70707,6.3416,-6.3416
0.14141,-0.66667,6.5479,-6.5479
0.14141,-0.62626,6.745,-6.745
0.14141,-0.58586,6.9323,-6.9323
0.14141,-0.54545,7.1093,-7.1093
0.14141,-0.50505,7.2757,-7.2757
0.14141,-0.46465,7.4309,-7.4309
0.14141,-0.42424,7.5746,-7.5746
0.14141,-0.38384,7.7065,-7.7065
0.14141,-0.34343,7.8261,-7.8261
0.14141,-0.30303,7.9332,-7.9332
0.14141,-0.26263,8.0275,-8.0275
0.14141,-0.22222,8.1088,-8.1088
0.14141,-0.18182,8.1768,-8.1768
0.14141,-0.14141,8.2315,-8.2315
0.14141,-0.10101,8.2726,-8.2726
0.14141,-0.060606,8.3001,-8.3001
0.14141,-0.020202,8.3138,-8.3138
0.14141,0.020202,8.3138,-8.3138
0.14141,0.060606,8.3001,-8.3001
0.14141,0.10101,8.2726,-8.2726
0.14141,0.14141,8.2315,-8.2315
0.14141,0.18182,8.1768,-8.1768
0.14141,0.22222,8.1088,-8.1088
0.14141,0.26263,8.0275,-8.0275
0.14141,0.30303,7.9332,-7.9332
0.14141,0.34343,7.8261,-7.8261
0.14141,0.38384,7.7065,-7.7065
0.14141,0.42424,7.5746,-7.5746
0.14141,0.46465,7.4309,-7.4309
0.14141,0.50505,7.2757,-7.2757
0.14141,0.54545,7.1093,-7.1093
0.14141,0.58586,6.9323,-6.9323
0.14141,0.62626,6.745,-6.745
0.14141,0.66667,6.5479,-6.5479
0.14141,0.70707,6.3416,-6.3416
0.14141,0.74747,6.1266,-6.1266
0.14141,0.78788,5.9034,-5.9034
0.14141,0.82828,5.6727,-5.6727
0.14141,0.86869,5.435,-5.435
0.14141,0.90909,5.1909,-5.1909
0.14141,0.94949,4.9412,-4.9412
0.14141,0.9899,4.6866,-4.6866
0.14141,1.0303,4.4277,-4.4277
0.14141,1.0707,4.1652,-4.1652
0.14141,1.1111,3.9001,-3.9001
0.14141,1.1515,3.6331,-3.6331
0.14141,1.1919,3.3651,-3.3651
0.14141,1.2323,3.0972,-3.0972
0.14141,1.2727,2.8302,-2.8302
0.14141,1.3131,2.5656,-2.5656
0.14141,1.3535,2.3048,-2.3048
0.14141,1.3939,2.0495,-2.0495
0.14141,1.4343,1.8022,-1.8022
0.14141,1.4747,1.5661,-1.5661
0.14141,1.5152,1.3462,-1.3462
0.14141,1.5556,1.1498,-1.1498
0.14141,1.596,0.98825,-0.98825
0.14141,1.6364,0.87691,-0.87691
0.14141,1.6768,0.83133,-0.83133
0.14141,1.7172,0.85673,-0.85673
0.14141,1.7576,0.94212,-0.94212
0.14141,1.798,1.0682,-1.0682
0.14141,1.8384,1.2178,-1.2178
0.14141,1.8788,1.3789,-1.3789
0.14141,1.9192,1.544,-1.544
0.14141,1.9596,1.708,-1.708
0.14141,2,1.868,-1.868
0.18182,-2,2.0485,-2.0485
0.18182,-1.9596,1.896,-1.896
0.18182,-1.9192,1.7407,-1.7407
0.18182,-1.8788,1.5859,-1.5859
0.18182,-1.8384,1.4362,-1.4362
0.18182,-1.798,1.2981,-1.2981
0.18182,-1.7576,1.1809,-1.1809
0.18182,-1.7172,1.0967,-1.0967
0.18182,-1.6768,1.0586,-1.0586
0.18182,-1.6364,1.0761,-1.0761
0.18182,-1.596,1.1508,-1.1508
0.18182,-1.5556,1.2758,-1.2758
0.18182,-1.5152,1.4404,-1.4404
0.18182,-1.4747,1.6345,-1.6345
0.18182,-1.4343,1.85,-1.85
0.18182,-1.3939,2.081,-2.081
0.18182,-1.3535,2.3232,-2.3232
0.18182,-1.3131,2.5734,-2.5734
0.18182,-1.2727,2.8293,-2.8293
0.18182,-1.2323,3.089,-3.089
0.18182,-1.1919,3.3509,-3.3509
0.18182,-1.1515,3.6138,-3.6138
0.18182,-1.1111,3.8764,-3.8764
0.18182,-1.0707,4.1377,-4.1377
0.18182,-1.0303,4.3968,-4.3968
0.18182,-0.9899,4.6528,-4.6528
0.18182,-0.94949,4.905,-4.905
0.18182,-0.90909,5.1524,-5.1524
0.18182,-0.86869,5.3945,-5.3945
0.18182,-0.82828,5.6304,-5.6304
0.18182,-0.78788,5.8596,-5.8596
0.18182,-0.74747,6.0814,-6.0814
0.18182,-0.70707,6.2952,-6.2952
0.18182,-0.66667,6.5003,-6.5003
0.18182,-0.62626,6.6964,-6.6964
0.18182,-0.58586,6.8828,-6.8828
0.18182,-0.54545,7.059,-7.059
0.18182,-0.50505,7.2246,-7.2246
0.18182,-0.46465,7.3792,-7.3792
0.18182,-0.42424,7.5223,-7.5223
0.18182,-0.38384,7.6537,-7.6537
0.18182,-0.34343,7.7728,-7.7728
0.18182,-0.30303,7.8796,-7.8796
0.18182,-0.26263,7.9735,-7.9735
0.18182,-0.22222,8.0545,-8.0545
0.18182,-0.18182,8.1224,-8.1224
0.18182,-0.14141,8.1768,-8.1768
0.18182,-0.10101,8.2178,-8.2178
0.18182,-0.060606,8.2452,-8.2452
0.18182,-0.020202,8.2589,-8.2589
0.18182,0.020202,8.2589,-8.2589
0.18182,0.060606,8.2452,-8.2452
0.18182,0.10101,8.2178,-8.2178
0.18182,0.14141,8.1768,-8.1768
0.18182,0.18182,8.1224,-8.1224
0.18182,0.22222,8.0545,-8.0545
0.18182,0.26263,7.9735,-7.9735
0.18182,0.30303,7.8796,-7.8796
0.18182,0.34343,7.7728,-7.7728
0.18182,0.38384,7.6537,-7.6537
0.18182,0.42424,7.5223,-7.5223
0.18182,0.46465,7.3792,-7.3792
0.18182,0.50505,7.2246,-7.2246
0.18182,0.54545,7.059,-7.059
0.18182,0.58586,6.8828,-6.8828
0.18182,0.62626,6.6964,-6.6964
0.18182,0.66667,6.5003,-6.5003
0.18182,0.70707,6.2952,-6.2952
0.18182,0.74747,6.0814,-6.0814
0.18182,0.78788,5.8596,-5.8596
0.18182,0.82828,5.6304,-5.6304
0.18182,0.86869,5.3945,-5.3945
0.18182,0.90909,5.1524,-5.1524
0.18182,0.94949,4.905,-4.905
0.18182,0.9899,4.6528,-4.6528
0.18182,1.0303,4.3968,-4.3968
0.18182,1.0707,4.1377,-4.1377
0.18182,1.1111,3.8764,-3.8764
0.18182,1.1515,3.6138,-3.6138
0.18182,1.1919,3.3509,-3.3509
0.18182,1.2323,3.089,-3.089
0.18182,1.2727,2.8293,-2.8293
0.18182,1.3131,2.5734,-2.5734
0.18182,1.3535,2.3232,-2.3232
0.18182,1.3939,2.081,-2.081
0.18182,1.4343,1.85,-1.85
0.18182,1.4747,1.6345,-1.6345
0.18182,1.5152,1.4404,-1.4404
0.18182,1.5556,1.2758,-1.2758
0.18182,1.596,1.1508,-1.1508
0.18182,1.6364,1.0761,-1.0761
0.18182,1.6768,1.0586,-1.0586
0.18182,1.7172,1.0967,-1.0967
0.18182,1.7576,1.1809,-1.1809
0.18182,1.798,1.2981,-1.2981
0.18182,1.8384,1.4362,-1.4362
0.18182,1.8788,1.5859,-1.5859
0.18182,1.9192,1.7407,-1.7407
0.18182,1.9596,1.896,-1.896
0.18182,2,2.0485,-2.0485
0.22222,-2,2.2516,-2.2516
0.22222,-1.9596,2.1053,-2.1053
0.22222,-1.9192,1.9568,-1.9568
0.22222,-1.8788,1.8094,-1.8094
0.22222,-1.8384,1.667,-1.667
0.22222,-1.798,1.5354,-1.5354
0.22222,-1.7576,1.4217,-1.4217
0.22222,-1.7172,1.335,-1.335
0.22222,-1.6768,1.2851,-1.2851
0.22222,-1.6364,1.2802,-1.2802
0.22222,-1.596,1.3245,-1.3245
0.22222,-1.5556,1.4161,-1.4161
0.22222,-1.5152,1.549,-1.549
0.22222,-1.4747,1.7153,-1.7153
0.22222,-1.4343,1.9075,-1.9075
0.22222,-1.3939,2.1193,-2.1193
0.22222,-1.3535,2.3457,-2.3457
0.22222,-1.3131,2.583,-2.583
0.22222,-1.2727,2.8282,-2.8282
0.22222,-1.2323,3.0789,-3.0789
0.22222,-1.1919,3.3333,-3.3333
0.22222,-1.1515,3.5897,-3.5897
0.22222,-1.1111,3.8468,-3.8468
0.22222,-1.0707,4.1033,-4.1033
0.22222,-1.0303,4.3583,-4.3583
0.22222,-0.9899,4.6108,-4.6108
0.22222,-0.94949,4.8597,-4.8597
0.22222,-0.90909,5.1044,-5.1044
0.22222,-0.86869,5.344,-5.344
0.22222,-0.82828,5.5778,-5.5778
0.22222,-0.78788,5.805,-5.805
0.22222,-0.74747,6.025,-6.025
0.22222,-0.70707,6.2372,-6.2372
0.22222,-0.66667,6.441,-6.441
0.22222,-0.62626,6.6358,-6.6358
0.22222,-0.58586,6.821,-6.821
0.22222,-0.54545,6.9963,-6.9963
0.22222,-0.50505,7.161,-7.161
0.22222,-0.46465,7.3148,-7.3148
0.22222,-0.42424,7.4572,-7.4572
0.22222,-0.38384,7.5879,-7.5879
0.22222,-0.34343,7.7065,-7.7065
0.22222,-0.30303,7.8128,-7.8128
0.22222,-0.26263,7.9063,-7.9063
0.22222,-0.22222,7.987,-7.987
0.22222,-0.18182,8.0545,-8.0545
0.22222,-0.14141,8.1088,-8.1088
0.22222,-0.10101,8.1496,-8.1496
0.22222,-0.060606,8.1768,-8.1768
0.22222,-0.020202,8.1905,-8.1905
0.22222,0.020202,8.1905,-8.1905
0.22222,0.060606,8.1768,-8.1768
0.22222,0.10101,8.1496,-8.1496
0.22222,0.14141,8.1088,-8.1088
0.22222,0.18182,8.0545,-8.0545
0.22222,0.22222,7.987,-7.987
0.22222,0.26263,7.9063,-7.9063
0.22222,0.30303,7.8128,-7.8128
0.22222,0.34343,7.7065,-7.7065
0.22222,0.38384,7.5879,-7.5879
0.22222,0.42424,7.4572,-7.4572
0.22222,0.46465,7.3148,-7.3148
0.22222,0.50505,7.161,-7.161
0.22222,0.54545,6.9963,-6.9963
0.22222,0.58586,6.821,-6.821
0.22222,0.62626,6.6358,-6.6358
0.22222,0.66667,6.441,-6.441
0.22222,0.70707,6.2372,-6.2372
0.22222,0.74747,6.025,-6.025
0.22222,0.78788,5.805,-5.805
0.22222,0.82828,5.5778,-5.5778
0.22222,0.86869,5.344,-5.344
0.22222,0.90909,5.1044,-5.1044
0.22222,0.94949,4.8597,-4.8597
0.22222,0.9899,4.6108,-4.6108
0.22222,1.0303,4.3583,-4.3583
0.22222,1.0707,4.1033,-4.1033
0.22222,1.1111,3.8468,-3.8468
0.22222,1.1515,3.5897,-3.5897
0.22222,1.1919,3.3333,-3.3333
0.22222,1.2323,3.0789,-3.0789
0.22222,1.2727,2.8282,-2.8282
0.22222,1.3131,2.583,-2.583
0.22222,1.3535,2.3457,-2.3457
0.22222,1.3939,2.1193,-2.1193
0.22222,1.4343,1.9075,-1.9075
0.22222,1.4747,1.7153,-1.7153
0.22222,1.5152,1.549,-1.549
0.22222,1.5556,1.4161,-1.4161
0.22222,1.596,1.3245,-1.3245
0.22222,1.6364,1.2802,-1.2802
0.22222,1.6768,1.2851,-1.2851
0.22222,1.7172,1.335,-1.335
0.22222,1.7576,1.4217,-1.4217
0.22222,1.798,1.5354,-1.5354
0.22222,1.8384,1.667,-1.667
0.22222,1.8788,1.8094,-1.8094
0.22222,1.9192,1.9568,-1.9568
0.22222,1.9596,2.1053,-2.1053
0.22222,2,2.2516,-2.2516
0.26263,-2,2.4706,-2.4706
0.26263,-1.9596,2.3288,-2.3288
0.26263,-1.9192,2.1851,-2.1851
0.26263,-1.8788,2.0425,-2.0425
0.26263,-1.8384,1.9045,-1.9045
0.26263,-1.798,1.7758,-1.7758
0.26263,-1.7576,1.6623,-1.6623
0.26263,-1.7172,1.5711,-1.5711
0.26263,-1.6768,1.5099,-1.5099
0.26263,-1.6364,1.486,-1.486
0.26263,-1.596,1.5043,-1.5043
0.26263,-1.5556,1.5659,-1.5659
0.26263,-1.5152,1.6683,-1.6683
0.26263,-1.4747,1.8062,-1.8062
0.26263,-1.4343,1.9734,-1.9734
0.26263,-1.3939,2.1637,-2.1637
0.26263,-1.3535,2.3722,-2.3722
0.26263,-1.3131,2.5944,-2.5944
0.26263,-1.2727,2.8269,-2.8269
0.26263,-1.2323,3.0669,-3.0669
0.26263,-1.1919,3.3123,-3.3123
0.26263,-1.1515,3.561,-3.561
0.26263,-1.1111,3.8115,-3.8115
0.26263,-1.0707,4.0623,-4.0623
0.26263,-1.0303,4.3124,-4.3124
0.26263,-0.9899,4.5605,-4.5605
0.26263,-0.94949,4.8057,-4.8057
0.26263,-0.90909,5.047,-5.047
0.26263,-0.86869,5.2836,-5.2836
0.26263,-0.82828,5.5148,-5.5148
0.26263,-0.78788,5.7396,-5.7396
0.26263,-0.74747,5.9576,-5.9576
0.26263,-0.70707,6.1679,-6.1679
0.26263,-0.66667,6.37,-6.37
0.26263,-0.62626,6.5633,-6.5633
0.26263,-0.58586,6.7473,-6.7473
0.26263,-0.54545,6.9213,-6.9213
0.26263,-0.50505,7.085,-7.085
0.26263,-0.46465,7.2378,-7.2378
0.26263,-0.42424,7.3794,-7.3794
0.26263,-0.38384,7.5093,-7.5093
0.26263,-0.34343,7.6273,-7.6273
0.26263,-0.30303,7.733,-7.733
0.26263,-0.26263,7.826,-7.826
0.26263,-0.22222,7.9063,-7.9063
0.26263,-0.18182,7.9735,-7.9735
0.26263,-0.14141,8.0275,-8.0275
0.26263,-0.10101,8.0681,-8.0681
0.26263,-0.060606,8.0952,-8.0952
0.26263,-0.020202,8.1088,-8.1088
0.26263,0.020202,8.1088,-8.1088
0.26263,0.060606,8.0952,-8.0952
0.26263,0.10101,8.0681,-8.0681
0.26263,0.14141,8.0275,-8.0275
0.26263,0.18182,7.9735,-7.9735
0.26263,0.22222,7.9063,-7.9063
0.26263,0.26263,7.826,-7.826
0.26263,0.30303,7.733,-7.733
0.26263,0.34343,7.6273,-7.6273
0.26263,0.38384,7.5093,-7.5093
0.26263,0.42424,7.3794,-7.3794
0.26263,0.46465,7.2378,-7.2378
0.26263,0.50505,7.085,-7.085
0.26263,0.54545,6.9213,-6.9213
0.26263,0.58586,6.7473,-6.7473
0.26263,0.62626,6.5633,-6.5633
0.26263,0.66667,6.37,-6.37
0.26263,0.70707,6.1679,-6.1679
0.26263,0.74747,5.9576,-5.9576
0.26263,0.78788,5.7396,-5.7396
0.26263,0.82828,5.5148,-5.5148
0.26263,0.86869,5.2836,-5.2836
0.26263,0.90909,5.047,-5.047
0.26263,0.94949,4.8057,-4.8057
0.26263,0.9899,4.5605,-4.5605
0.26263,1.0303,4.3124,-4.3124
0.26263,1.0707,4.0623,-4.0623
0.26263,1.1111,3.8115,-3.8115
0.26263,1.1515,3.561,-3.561
0.26263,1.1919,3.3123,-3.3123
0.26263,1.2323,3.0669,-3.0669
0.26263,1.2727,2.8269,-2.8269
0.26263,1.3131,2.5944,-2.5944
0.26263,1.3535,2.3722,-2.3722
0.26263,1.3939,2.1637,-2.1637
0.26263,1.4343,1.9734,-1.9734
0.26263,1.4747,1.8062,-1.8062
0.26263,1.5152,1.6683,-1.6683
0.26263,1.5556,1.5659,-1.5659
0.26263,1.596,1.5043,-1.5043
0.26263,1.6364,1.486,-1.486
0.26263,1.6768,1.5099,-1.5099
0.26263,1.7172,1.5711,-1.5711
0.26263,1.7576,1.6623,-1.6623
0.26263,1.798,1.7758,-1.7758
0.26263,1.8384,1.9045,-1.9045
0.26263,1.8788,2.0425,-2.0425
0.26263,1.9192,2.1851,-2.1851
0.26263,1.9596,2.3288,-2.3288
0.26263,2,2.4706,-2.4706
0.30303,-2,2.7001,-2.7001
0.30303,-1.9596,2.5614,-2.5614
0.30303,-1.9192,2.4208,-2.4208
0.30303,-1.8788,2.2808,-2.2808
0.30303,-1.8384,2.1448,-2.1448
0.30303,-1.798,2.0166,-2.0166
0.30303,-1.7576,1.9012,-1.9012
0.30303,-1.7172,1.8043,-1.8043
0.30303,-1.6768,1.7323,-1.7323
0.30303,-1.6364,1.6916,-1.6916
0.30303,-1.596,1.6872,-1.6872
0.30303,-1.5556,1.722,-1.722
0.30303,-1.5152,1.7956,-1.7956
0.30303,-1.4747,1.9053,-1.9053
0.30303,-1.4343,2.0463,-2.0463
0.30303,-1.3939,2.2137,-2.2137
0.30303,-1.3535,2.4021,-2.4021
0.30303,-1.3131,2.6073,-2.6073
0.30303,-1.2727,2.8253,-2.8253
0.30303,-1.2323,3.0531,-3.0531
0.30303,-1.1919,3.288,-3.288
0.30303,-1.1515,3.5277,-3.5277
0.30303,-1.1111,3.7705,-3.7705
0.30303,-1.0707,4.0148,-4.0148
0.30303,-1.0303,4.259,-4.259
0.30303,-0.9899,4.5021,-4.5021
0.30303,-0.94949,4.7429,-4.7429
0.30303,-0.90909,4.9803,-4.9803
0.30303,-0.86869,5.2135,-5.2135
0.30303,-0.82828,5.4416,-5.4416
0.30303,-0.78788,5.6637,-5.6637
0.30303,-0.74747,5.8793,-5.8793
0.30303,-0.70707,6.0874,-6.0874
0.30303,-0.66667,6.2876,-6.2876
0.30303,-0.62626,6.4792,-6.4792
0.30303,-0.58586,6.6616,-6.6616
0.30303,-0.54545,6.8342,-6.8342
0.30303,-0.50505,6.9967,-6.9967
0.30303,-0.46465,7.1484,-7.1484
0.30303,-0.42424,7.289,-7.289
0.30303,-0.38384,7.4181,-7.4181
0.30303,-0.34343,7.5353,-7.5353
0.30303,-0.30303,7.6403,-7.6403
0.30303,-0.26263,7.7329,-7.7329
0.30303,-0.22222,7.8126,-7.8126
0.30303,-0.18182,7.8795,-7.8795
0.30303,-0.14141,7.9331,-7.9331
0.30303,-0.10101,7.9735,-7.9735
0.30303,-0.060606,8.0005,-8.0005
0.30303,-0.020202,8.014,-8.014
0.30303,0.020202,8.014,-8.014
0.30303,0.060606,8.0005,-8.0005
0.30303,0.10101,7.9735,-7.9735
0.30303,0.14141,7.9331,-7.9331
0.30303,0.18182,7.8795,-7.8795
0.30303,0.22222,7.8126,-7.8126
0.30303,0.26263,7.7329,-7.7329
0.30303,0.30303,7.6403,-7.6403
0.30303,0.34343,7.5353,-7.5353
0.30303,0.38384,7.4181,-7.4181
0.30303,0.42424,7.289,-7.289
0.30303,0.46465,7.1484,-7.1484
0.30303,0.50505,6.9967,-6.9967
0.30303,0.54545,6.8342,-6.8342
0.30303,0.58586,6.6616,-6.6616
0.30303,0.62626,6.4792,-6.4792
0.30303,0.66667,6.2876,-6.2876
0.30303,0.70707,6.0874,-6.0874
0.30303,0.74747,5.8793,-5.8793
0.30303,0.78788,5.6637,-5.6637
0.30303,0.82828,5.4416,-5.4416
0.30303,0.86869,5.2135,-5.2135
0.30303,0.90909,4.9803,-4.9803
0.30303,0.94949,4.7429,-4.7429
0.30303,0.9899,4.5021,-4.5021
0.30303,1.0303,4.259,-4.259
0.30303,1.0707,4.0148,-4.0148
0.30303,1.1111,3.7705,-3.7705
0.30303,1.1515,3.5277,-3.5277
0.30303,1.1919,3.288,-3.288
0.30303,1.2323,3.0531,-3.0531
0.30303,1.2727,2.8253,-2.8253
0.30303,1.3131,2.6073,-2.6073
0.30303,1.3535,2.4021,-2.4021
0.30303,1.3939,2.2137,-2.2137
0.30303,1.4343,2.0463,-2.0463
0.30303,1.4747,1.9053,-1.9053
0.30303,1.5152,1.7956,-1.7956
0.30303,1.5556,1.722,-1.722
0.30303,1.596,1.6872,-1.6872
0.30303,1.6364,1.6916,-1.6916
0.30303,1.6768,1.7323,-1.7323
0.30303,1.7172,1.8043,-1.8043
0.30303,1.7576,1.9012,-1.9012
0.30303,1.798,2.0166,-2.0166
0.30303,1.8384,2.1448,-2.1448
0.30303,1.8788,2.2808,-2.2808
0.30303,1.9192,2.4208,-2.4208
0.30303,1.9596,2.5614,-2.5614
0.30303,2,2.7001,-2.7001
0.34343,-2,2.9362,-2.9362
0.34343,-1.9596,2.7993,-2.7993
0.34343,-1.9192,2.6603,-2.6603
0.34343,-1.8788,2.5214,-2.5214
0.34343,-1.8384,2.3856,-2.3856
0.34343,-1.798,2.2563,-2.2563
0.34343,-1.7576,2.1375,-2.1375
0.34343,-1.7172,2.0342,-2.0342
0.34343,-1.6768,1.9518,-1.9518
0.34343,-1.6364,1.8958,-1.8958
0.34343,-1.596,1.8712,-1.8712
0.34343,-1.5556,1.8816,-1.8816
0.34343,-1.5152,1.9283,-1.9283
0.34343,-1.4747,2.0105,-2.0105
0.34343,-1.4343,2.1252,-2.1252
0.34343,-1.3939,2.2683,-2.2683
0.34343,-1.3535,2.4353,-2.4353
0.34343,-1.3131,2.6217,-2.6217
0.34343,-1.2727,2.8236,-2.8236
0.34343,-1.2323,3.0376,-3.0376
0.34343,-1.1919,3.2605,-3.2605
0.34343,-1.1515,3.4901,-3.4901
0.34343,-1.1111,3.7241,-3.7241
0.34343,-1.0707,3.9607,-3.9607
0.34343,-1.0303,4.1984,-4.1984
0.34343,-0.9899,4.4357,-4.4357
0.34343,-0.94949,4.6714,-4.6714
0.34343,-0.90909,4.9044,-4.9044
0.34343,-0.86869,5.1337,-5.1337
0.34343,-0.82828,5.3583,-5.3583
0.34343,-0.78788,5.5774,-5.5774
0.34343,-0.74747,5.7902,-5.7902
0.34343,-0.70707,5.9959,-5.9959
0.34343,-0.66667,6.1939,-6.1939
0.34343,-0.62626,6.3835,-6.3835
0.34343,-0.58586,6.5642,-6.5642
0.34343,-0.54545,6.7353,-6.7353
0.34343,-0.50505,6.8963,-6.8963
0.34343,-0.46465,7.0468,-7.0468
0.34343,-0.42424,7.1863,-7.1863
0.34343,-0.38384,7.3145,-7.3145
0.34343,-0.34343,7.4308,-7.4308
0.34343,-0.30303,7.5351,-7.5351
0.34343,-0.26263,7.627,-7.627
0.34343,-0.22222,7.7063,-7.7063
0.34343,-0.18182,7.7727,-7.7727
0.34343,-0.14141,7.826,-7.826
0.34343,-0.10101,7.8661,-7.8661
0.34343,-0.060606,7.8929,-7.8929
0.34343,-0.020202,7.9064,-7.9064
0.34343,0.020202,7.9064,-7.9064
0.34343,0.060606,7.8929,-7.8929
0.34343,0.10101,7.8661,-7.8661
0.34343,0.14141,7.826,-7.826
0.34343,0.18182,7.7727,-7.7727
0.34343,0.22222,7.7063,-7.7063
0.34343,0.26263,7.627,-7.627
0.34343,0.30303,7.5351,-7.5351
0.34343,0.34343,7.4308,-7.4308
0.34343,0.38384,7.3145,-7.3145
0.34343,0.42424,7.1863,-7.1863
0.34343,0.46465,7.0468,-7.0468
0.34343,0.50505,6.8963,-6.8963
0.34343,0.54545,6.7353,-6.7353
0.34343,0.58586,6.5642,-6.5642
0.34343,0.62626,6.3835,-6.3835
0.34343,0.66667,6.1939,-6.1939
0.34343,0.70707,5.9959,-5.9959
0.34343,0.74747,5.7902,-5.7902
0.34343,0.78788,5.5774,-5.5774
0.34343,0.82828,5.3583,-5.3583
0.34343,0.86869,5.1337,-5.1337
0.34343,0.90909,4.9044,-4.9044
0.34343,0.94949,4.6714,-4.6714
0.34343,0.9899,4.4357,-4.4357
0.34343,1.0303,4.1984,-4.1984
0.34343,1.0707,3.9607,-3.9607
0.34343,1.1111,3.7241,-3.7241
0.34343,1.1515,3.4901,-3.4901
0.34343,1.1919,3.2605,-3.2605
0.34343,1.2323,3.0376,-3.0376
0.34343,1.2727,2.8236,-2.8236
0.34343,1.3131,2.6217,-2.6217
0.34343,1.3535,2.4353,-2.4353
0.34343,1.3939,2.2683,-2.2683
0.34343,1.4343,2.1252,-2.1252
0.34343,1.4747,2.0105,-2.0105
0.34343,1.5152,1.9283,-1.9283
0.34343,1.5556,1.8816,-1.8816
0.34343,1.596,1.8712,-1.8712
0.34343,1.6364,1.8958,-1.8958
0.34343,1.6768,1.9518,-1.9518
0.34343,1.7172,2.0342,-2.0342
0.34343,1.7576,2.1375,-2.1375
0.34343,1.798,2.2563,-2.2563
0.34343,1.8384,2.3856,-2.3856
0.34343,1.8788,2.5214,-2.5214
0.34343,1.9192,2.6603,-2.6603
0.34343,1.9596,2.7993,-2.7993
0.34343,2,2.9362,-2.9362
0.38384,-2,3.1759,-3.1759
0.38384,-1.9596,3.0397,-3.0397
0.38384,-1.9192,2.9011,-2.9011
0.38384,-1.8788,2.7622,-2.7622
0.38384,-1.8384,2.6253,-2.6253
0.38384,-1.798,2.4936,-2.4936
0.38384,-1.7576,2.3706,-2.3706
0.38384,-1.7172,2.2605,-2.2605
0.38384,-1.6768,2.1679,-2.1679
0.38384,-1.6364,2.0977,-2.0977
0.38384,-1.596,2.0548,-2.0548
0.38384,-1.5556,2.0429,-2.0429
0.38384,-1.5152,2.0646,-2.0646
0.38384,-1.4747,2.1203,-2.1203
0.38384,-1.4343,2.2088,-2.2088
0.38384,-1.3939,2.327,-2.327
0.38384,-1.3535,2.4713,-2.4713
0.38384,-1.3131,2.6375,-2.6375
0.38384,-1.2727,2.8217,-2.8217
0.38384,-1.2323,3.0203,-3.0203
0.38384,-1.1919,3.2301,-3.2301
0.38384,-1.1515,3.4482,-3.4482
0.38384,-1.1111,3.6723,-3.6723
0.38384,-1.0707,3.9004,-3.9004
0.38384,-1.0303,4.1306,-4.1306
0.38384,-0.9899,4.3615,-4.3615
0.38384,-0.94949,4.5915,-4.5915
0.38384,-0.90909,4.8195,-4.8195
0.38384,-0.86869,5.0444,-5.0444
0.38384,-0.82828,5.2651,-5.2651
0.38384,-0.78788,5.4808,-5.4808
0.38384,-0.74747,5.6905,-5.6905
0.38384,-0.70707,5.8935,-5.8935
0.38384,-0.66667,6.0891,-6.0891
0.38384,-0.62626,6.2765,-6.2765
0.38384,-0.58586,6.4553,-6.4553
0.38384,-0.54545,6.6246,-6.6246
0.38384,-0.50505,6.7841,-6.7841
0.38384,-0.46465,6.9333,-6.9333
0.38384,-0.42424,7.0716,-7.0716
0.38384,-0.38384,7.1987,-7.1987
0.38384,-0.34343,7.3141,-7.3141
0.38384,-0.30303,7.4176,-7.4176
0.38384,-0.26263,7.5088,-7.5088
0.38384,-0.22222,7.5875,-7.5875
0.38384,-0.18182,7.6534,-7.6534
0.38384,-0.14141,7.7063,-7.7063
0.38384,-0.10101,7.7462,-7.7462
0.38384,-0.060606,7.7728,-7.7728
0.38384,-0.020202,7.7861,-7.7861
0.38384,0.020202,7.7861,-7.7861
0.38384,0.060606,7.7728,-7.7728
0.38384,0.10101,7.7462,-7.7462
0.38384,0.14141,7.7063,-7.7063
0.38384,0.18182,7.6534,-7.6534
0.38384,0.22222,7.5875,-7.5875
0.38384,0.26263,7.5088,-7.5088
0.38384,0.30303,7.4176,-7.4176
0.38384,0.34343,7.3141,-7.3141
0.38384,0.38384,7.1987,-7.1987
0.38384,0.42424,7.0716,-7.0716
0.38384,0.46465,6.9333,-6.9333
0.38384,0.50505,6.7841,-6.7841
0.38384,0.54545,6.6246,-6.6246
0.38384,0.58586,6.4553,-6.4553
0.38384,0.62626,6.2765,-6.2765
0.38384,0.66667,6.0891,-6.0891
0.38384,0.70707,5.8935,-5.8935
0.38384,0.74747,5.6905,-5.6905
0.38384,0.78788,5.4808,-5.4808
0.38384,0.82828,5.2651,-5.2651
0.38384,0.86869,5.0444,-5.0444
0.38384,0.90909,4.8195,-4.8195
0.38384,0.94949,4.5915,-4.5915
0.38384,0.9899,4.3615,-4.3615
0.38384,1.0303,4.1306,-4.1306
0.38384,1.0707,3.9004,-3.9004
0.38384,1.1111,3.6723,-3.6723
0.38384,1.1515,3.4482,-3.4482
0.38384,1.1919,3.2301,-3.2301
0.38384,1.2323,3.0203,-3.0203
0.38384,1.2727,2.8217,-2.8217
0.38384,1.3131,2.6375,-2.6375
0.38384,1.3535,2.4713,-2.4713
0.38384,1.3939,2.327,-2.327
0.38384,1.4343,2.2088,-2.2088
0.38384,1.4747,2.1203,-2.1203
0.38384,1.5152,2.0646,-2.0646
0.38384,1.5556,2.0429,-2.0429
0.38384,1.596,2.0548,-2.0548
0.38384,1.6364,2.0977,-2.0977
0.38384,1.6768,2.1679,-2.1679
0.38384,1.7172,2.2605,-2.2605
0.38384,1.7576,2.3706,-2.3706
0.38384,1.798,2.4936,-2.4936
0.38384,1.8384,2.6253,-2.6253
0.38384,1.8788,2.7622,-2.7622
0.38384,1.9192,2.9011,-2.9011
0.38384,1.9596,3.0397,-3.0397
0.38384,2,3.1759,-3.1759
0.42424,-2,3.4168,-3.4168
0.42424,-1.9596,3.2805,-3.2805
0.42424,-1.9192,3.1415,-3.1415
0.42424,-1.8788,3.0014,-3.0014
0.42424,-1.8384,2.8626,-2.8626
0.42424,-1.798,2.7277,-2.7277
0.42424,-1.7576,2.5998,-2.5998
0.42424,-1.7172,2.4826,-2.4826
0.42424,-1.6768,2.3801,-2.3801
0.42424,-1.6364,2.2967,-2.2967
0.42424,-1.596,2.2368,-2.2368
0.42424,-1.5556,2.2045,-2.2045
0.42424,-1.5152,2.2028,-2.2028
0.42424,-1.4747,2.2333,-2.2333
0.42424,-1.4343,2.2959,-2.2959
0.42424,-1.3939,2.389,-2.389
0.42424,-1.3535,2.5097,-2.5097
0.42424,-1.3131,2.6545,-2.6545
0.42424,-1.2727,2.8197,-2.8197
0.42424,-1.2323,3.0015,-3.0015
0.42424,-1.1919,3.1967,-3.1967
0.42424,-1.1515,3.4022,-3.4022
0.42424,-1.1111,3.6153,-3.6153
0.42424,-1.0707,3.8339,-3.8339
0.42424,-1.0303,4.0559,-4.0559
0.42424,-0.9899,4.2795,-4.2795
0.42424,-0.94949,4.5033,-4.5033
0.42424,-0.90909,4.7257,-4.7257
0.42424,-0.86869,4.9458,-4.9458
0.42424,-0.82828,5.1622,-5.1622
0.42424,-0.78788,5.3741,-5.3741
0.42424,-0.74747,5.5804,-5.5804
0.42424,-0.70707,5.7805,-5.7805
0.42424,-0.66667,5.9734,-5.9734
0.42424,-0.62626,6.1585,-6.1585
0.42424,-0.58586,6.3351,-6.3351
0.42424,-0.54545,6.5026,-6.5026
0.42424,-0.50505,6.6604,-6.6604
0.42424,-0.46465,6.8081,-6.8081
0.42424,-0.42424,6.9451,-6.9451
0.42424,-0.38384,7.071,-7.071
0.42424,-0.34343,7.1854,-7.1854
0.42424,-0.30303,7.288,-7.288
0.42424,-0.26263,7.3785,-7.3785
0.42424,-0.22222,7.4565,-7.4565
0.42424,-0.18182,7.5219,-7.5219
0.42424,-0.14141,7.5745,-7.5745
0.42424,-0.10101,7.614,-7.614
0.42424,-0.060606,7.6405,-7.6405
0.42424,-0.020202,7.6537,-7.6537
0.42424,0.020202,7.6537,-7.6537
0.42424,0.060606,7.6405,-7.6405
0.42424,0.10101,7.614,-7.614
0.42424,0.14141,7.5745,-7.5745
0.42424,0.18182,7.5219,-7.5219
0.42424,0.22222,7.4565,-7.4565
0.42424,0.26263,7.3785,-7.3785
0.42424,0.30303,7.288,-7.288
0.42424,0.34343,7.1854,-7.1854
0.42424,0.38384,7.071,-7.071
0.42424,0.42424,6.9451,-6.9451
0.42424,0.46465,6.8081,-6.8081
0.42424,0.50505,6.6604,-6.6604
0.42424,0.54545,6.5026,-6.5026
0.42424,0.58586,6.3351,-6.3351
0.42424,0.62626,6.1585,-6.1585
0.42424,0.66667,5.9734,-5.9734
0.42424,0.70707,5.7805,-5.7805
0.42424,0.74747,5.5804,-5.5804
0.42424,0.78788,5.3741,-5.3741
0.42424,0.82828,5.1622,-5.1622
0.42424,0.86869,4.9458,-4.9458
0.42424,0.90909,4.7257,-4.7257
0.42424,0.94949,4.5033,-4.5033
0.42424,0.9899,4.2795,-4.2795
0.42424,1.0303,4.0559,-4.0559
0.42424,1.0707,3.8339,-3.8339
0.42424,1.1111,3.6153,-3.6153
0.42424,1.1515,3.4022,-3.4022
0.42424,1.1919,3.1967,-3.1967
0.42424,1.2323,3.0015,-3.0015
0.42424,1.2727,2.8197,-2.8197
0.42424,1.3131,2.6545,-2.6545
0.42424,1.3535,2.5097,-2.5097
0.42424,1.3939,2.389,-2.389
0.42424,1.4343,2.2959,-2.2959
0.42424,1.4747,2.2333,-2.2333
0.42424,1.5152,2.2028,-2.2028
0.42424,1.5556,2.2045,-2.2045
0.42424,1.596,2.2368,-2.2368
0.42424,1.6364,2.2967,-2.2967
0.42424,1.6768,2.3801,-2.3801
0.42424,1.7172,2.4826,-2.4826
0.42424,1.7576,2.5998,-2.5998
0.42424,1.798,2.7277,-2.7277
0.42424,1.8384,2.8626,-2.8626
0.42424,1.8788,3.0014,-3.0014
0.42424,1.9192,3.1415,-3.1415
0.42424,1.9596,3.2805,-3.2805
0.42424,2,3.4168,-3.4168
0.46465,-2,3.657,-3.657
0.46465,-1.9596,3.5201,-3.5201
0.46465,-1.9192,3.3798,-3.3798
0.46465,-1.8788,3.2379,-3.2379
0.46465,-1.8384,3.0964,-3.0964
0.46465,-1.798,2.9577,-2.9577
0.46465,-1.7576,2.8246,-2.8246
0.46465,-1.7172,2.7001,-2.7001
0.46465,-1.6768,2.5879,-2.5879
0.46465,-1.6364,2.492,-2.492
0.46465,-1.596,2.4165,-2.4165
0.46465,-1.5556,2.3652,-2.3652
0.46465,-1.5152,2.3417,-2.3417
0.46465,-1.4747,2.3482,-2.3482
0.46465,-1.4343,2.3857,-2.3857
0.46465,-1.3939,2.4536,-2.4536
0.46465,-1.3535,2.5502,-2.5502
0.46465,-1.3131,2.6726,-2.6726
0.46465,-1.2727,2.8175,-2.8175
0.46465,-1.2323,2.9813,-2.9813
0.46465,-1.1919,3.1606,-3.1606
0.46465,-1.1515,3.3522,-3.3522
0.46465,-1.1111,3.5534,-3.5534
0.46465,-1.0707,3.7615,-3.7615
0.46465,-1.0303,3.9743,-3.9743
0.46465,-0.9899,4.19,-4.19
0.46465,-0.94949,4.4069,-4.4069
0.46465,-0.90909,4.6233,-4.6233
0.46465,-0.86869,4.838,-4.838
0.46465,-0.82828,5.0497,-5.0497
0.46465,-0.78788,5.2575,-5.2575
0.46465,-0.74747,5.4602,-5.4602
0.46465,-0.70707,5.6569,-5.6569
0.46465,-0.66667,5.847,-5.847
0.46465,-0.62626,6.0295,-6.0295
0.46465,-0.58586,6.2038,-6.2038
0.46465,-0.54545,6.3693,-6.3693
0.46465,-0.50505,6.5254,-6.5254
0.46465,-0.46465,6.6714,-6.6714
0.46465,-0.42424,6.807,-6.807
0.46465,-0.38384,6.9317,-6.9317
0.46465,-0.34343,7.0451,-7.0451
0.46465,-0.30303,7.1468,-7.1468
0.46465,-0.26263,7.2364,-7.2364
0.46465,-0.22222,7.3138,-7.3138
0.46465,-0.18182,7.3787,-7.3787
0.46465,-0.14141,7.4308,-7.4308
0.46465,-0.10101,7.47,-7.47
0.46465,-0.060606,7.4962,-7.4962
0.46465,-0.020202,7.5093,-7.5093
0.46465,0.020202,7.5093,-7.5093
0.46465,0.060606,7.4962,-7.4962
0.46465,0.10101,7.47,-7.47
0.46465,0.14141,7.4308,-7.4308
0.46465,0.18182,7.3787,-7.3787
0.46465,0.22222,7.3138,-7.3138
0.46465,0.26263,7.2364,-7.2364
0.46465,0.30303,7.1468,-7.1468
0.46465,0.34343,7.0451,-7.0451
0.46465,0.38384,6.9317,-6.9317
0.46465,0.42424,6.807,-6.807
0.46465,0.46465,6.6714,-6.6714
0.46465,0.50505,6.5254,-6.5254
0.46465,0.54545,6.3693,-6.3693
0.46465,0.58586,6.2038,-6.2038
0.46465,0.62626,6.0295,-6.0295
0.46465,0.66667,5.847,-5.847
0.46465,0.70707,5.6569,-5.6569
0.46465,0.74747,5.4602,-5.4602
0.46465,0.78788,5.2575,-5.2575
0.46465,0.82828,5.0497,-5.0497
0.46465,0.86869,4.838,-4.838
0.46465,0.90909,4.6233,-4.6233
0.46465,0.94949,4.4069,-4.4069
0.46465,0.9899,4.19,-4.19
0.46465,1.0303,3.9743,-3.9743
0.46465,1.0707,3.7615,-3.7615
0.46465,1.1111,3.5534,-3.5534
0.46465,1.1515,3.3522,-3.3522
0.46465,1.1919,3.1606,-3.1606
0.46465,1.2323,2.9813,-2.9813
0.46465,1.2727,2.8175,-2.8175
0.46465,1.3131,2.6726,-2.6726
0.46465,1.3535,2.5502,-2.5502
0.46465,1.3939,2.4536,-2.4536
0.46465,1.4343,2.3857,-2.3857
0.46465,1.4747,2.3482,-2.3482
0.46465,1.5152,2.3417,-2.3417
0.46465,1.5556,2.3652,-2.3652
0.46465,1.596,2.4165,-2.4165
0.46465,1.6364,2.492,-2.492
0.46465,1.6768,2.5879,-2.5879
0.46465,1.7172,2.7001,-2.7001
0.46465,1.7576,2.8246,-2.8246
0.46465,1.798,2.9577,-2.9577
0.46465,1.8384,3.0964,-3.0964
0.46465,1.8788,3.2379,-3.2379
0.46465,1.9192,3.3798,-3.3798
0.46465,1.9596,3.5201,-3.5201
0.46465,2,3.657,-3.657
0.50505,-2,3.8952,-3.8952
0.50505,-1.9596,3.7569,-3.7569
0.50505,-1.9192,3.6149,-3.6149
0.50505,-1.8788,3.4707,-3.4707
0.50505,-1.8384,3.3261,-3.3261
0.50505,-1.798,3.1831,-3.1831
0.50505,-1.7576,3.0444,-3.0444
0.50505,-1.7172,2.9126,-2.9126
0.50505,-1.6768,2.7911,-2.7911
0.50505,-1.6364,2.6833,-2.6833
0.50505,-1.596,2.5931,-2.5931
0.50505,-1.5556,2.5242,-2.5242
0.50505,-1.5152,2.4802,-2.4802
0.50505,-1.4747,2.4639,-2.4639
0.50505,-1.4343,2.4771,-2.4771
0.50505,-1.3939,2.5202,-2.5202
0.50505,-1.3535,2.5924,-2.5924
0.50505,-1.3131,2.6916,-2.6916
0.50505,-1.2727,2.8152,-2.8152
0.50505,-1.2323,2.9597,-2.9597
0.50505,-1.1919,3.1219,-3.1219
0.50505,-1.1515,3.2985,-3.2985
0.50505,-1.1111,3.4866,-3.4866
0.50505,-1.0707,3.6832,-3.6832
0.50505,-1.0303,3.8862,-3.8862
0.50505,-0.9899,4.0932,-4.0932
0.50505,-0.94949,4.3025,-4.3025
0.50505,-0.90909,4.5123,-4.5123
0.50505,-0.86869,4.7213,-4.7213
0.50505,-0.82828,4.9279,-4.9279
0.50505,-0.78788,5.1312,-5.1312
0.50505,-0.74747,5.33,-5.33
0.50505,-0.70707,5.5233,-5.5233
0.50505,-0.66667,5.7102,-5.7102
0.50505,-0.62626,5.89,-5.89
0.50505,-0.58586,6.0619,-6.0619
0.50505,-0.54545,6.2252,-6.2252
0.50505,-0.50505,6.3794,-6.3794
0.50505,-0.46465,6.5238,-6.5238
0.50505,-0.42424,6.6579,-6.6579
0.50505,-0.38384,6.7813,-6.7813
0.50505,-0.34343,6.8935,-6.8935
0.50505,-0.30303,6.9942,-6.9942
0.50505,-0.26263,7.083,-7.083
0.50505,-0.22222,7.1597,-7.1597
0.50505,-0.18182,7.2239,-7.2239
0.50505,-0.14141,7.2756,-7.2756
0.50505,-0.10101,7.3145,-7.3145
0.50505,-0.060606,7.3405,-7.3405
0.50505,-0.020202,7.3535,-7.3535
0.50505,0.020202,7.3535,-7.3535
0.50505,0.060606,7.3405,-7.3405
0.50505,0.10101,7.3145,-7.3145
0.50505,0.14141,7.2756,-7.2756
0.50505,0.18182,7.2239,-7.2239
0.50505,0.22222,7.1597,-7.1597
0.50505,0.26263,7.083,-7.083
0.50505,0.30303,6.9942,-6.9942
0.50505,0.34343,6.8935,-6.8935
0.50505,0.38384,6.7813,-6.7813
0.50505,0.42424,6.6579,-6.6579
0.50505,0.46465,6.5238,-6.5238
0.50505,0.50505,6.3794,-6.3794
0.50505,0.54545,6.2252,-6.2252
0.50505,0.58586,6.0619,-6.0619
0.50505,0.62626,5.89,-5.89
0.50505,0.66667,5.7102,-5.7102
0.50505,0.70707,5.5233,-5.5233
0.50505,0.74747,5.33,-5.33
0.50505,0.78788,5.1312,-5.1312
0.50505,0.82828,4.9279,-4.9279
0.50505,0.86869,4.7213,-4.7213
0.50505,0.90909,4.5123,-4.5123
0.50505,0.94949,4.3025,-4.3025
0.50505,0.9899,4.0932,-4.0932
0.50505,1.0303,3.8862,-3.8862
0.50505,1.0707,3.6832,-3.6832
0.50505,1.1111,3.4866,-3.4866
0.50505,1.1515,3.2985,-3.2985
0.50505,1.1919,3.1219,-3.1219
0.50505,1.2323,2.9597,-2.9597
0.50505,1.2727,2.8152,-2.8152
0.50505,1.3131,2.6916,-2.6916
0.50505,1.3535,2.5924,-2.5924
0.50505,1.3939,2.5202,-2.5202
0.50505,1.4343,2.4771,-2.4771
0.50505,1.4747,2.4639,-2.4639
0.50505,1.5152,2.4802,-2.4802
0.50505,1.5556,2.5242,-2.5242
0.50505,1.596,2.5931,-2.5931
0.50505,1.6364,2.6833,-2.6833
0.50505,1.6768,2.7911,-2.7911
0.50505,1.7172,2.9126,-2.9126
0.50505,1.7576,3.0444,-3.0444
0.50505,1.798,3.1831,-3.1831
0.50505,1.8384,3.3261,-3.3261
0.50505,1.8788,3.4707,-3.4707
0.50505,1.9192,3.6149,-3.6149
0.50505,1.9596,3.7569,-3.7569
0.50505,2,3.8952,-3.8952
0.54545,-2,4.1299,-4.1299
0.54545,-1.9596,3.99,-3.99
0.54545,-1.9192,3.8459,-3.8459
0.54545,-1.8788,3.6989,-3.6989
0.54545,-1.8384,3.5507,-3.5507
0.54545,-1.798,3.4033,-3.4033
0.54545,-1.7576,3.2588,-3.2588
0.54545,-1.7172,3.1198,-3.1198
0.54545,-1.6768,2.9892,-2.9892
0.54545,-1.6364,2.8701,-2.8701
0.54545,-1.596,2.7661,-2.7661
0.54545,-1.5556,2.6807,-2.6807
0.54545,-1.5152,2.6175,-2.6175
0.54545,-1.4747,2.5796,-2.5796
0.54545,-1.4343,2.5694,-2.5694
0.54545,-1.3939,2.5881,-2.5881
0.54545,-1.3535,2.6358,-2.6358
0.54545,-1.3131,2.7114,-2.7114
0.54545,-1.2727,2.8127,-2.8127
0.54545,-1.2323,2.937,-2.937
0.54545,-1.1919,3.0809,-3.0809
0.54545,-1.1515,3.2414,-3.2414
0.54545,-1.1111,3.4152,-3.4152
0.54545,-1.0707,3.5995,-3.5995
0.54545,-1.0303,3.7916,-3.7916
0.54545,-0.9899,3.9893,-3.9893
0.54545,-0.94949,4.1904,-4.1904
0.54545,-0.90909,4.3931,-4.3931
0.54545,-0.86869,4.5958,-4.5958
0.54545,-0.82828,4.797,-4.797
0.54545,-0.78788,4.9955,-4.9955
0.54545,-0.74747,5.19,-5.19
0.54545,-0.70707,5.3796,-5.3796
0.54545,-0.66667,5.5633,-5.5633
0.54545,-0.62626,5.7402,-5.7402
0.54545,-0.58586,5.9095,-5.9095
0.54545,-0.54545,6.0706,-6.0706
0.54545,-0.50505,6.2227,-6.2227
0.54545,-0.46465,6.3654,-6.3654
0.54545,-0.42424,6.4979,-6.4979
0.54545,-0.38384,6.6199,-6.6199
0.54545,-0.34343,6.731,-6.731
0.54545,-0.30303,6.8307,-6.8307
0.54545,-0.26263,6.9186,-6.9186
0.54545,-0.22222,6.9946,-6.9946
0.54545,-0.18182,7.0582,-7.0582
0.54545,-0.14141,7.1094,-7.1094
0.54545,-0.10101,7.148,-7.148
0.54545,-0.060606,7.1737,-7.1737
0.54545,-0.020202,7.1866,-7.1866
0.54545,0.020202,7.1866,-7.1866
0.54545,0.060606,7.1737,-7.1737
0.54545,0.10101,7.148,-7.148
0.54545,0.14141,7.1094,-7.1094
0.54545,0.18182,7.0582,-7.0582
0.54545,0.22222,6.9946,-6.9946
0.54545,0.26263,6.9186,-6.9186
0.54545,0.30303,6.8307,-6.8307
0.54545,0.34343,6.731,-6.731
0.54545,0.38384,6.6199,-6.6199
0.54545,0.42424,6.4979,-6.4979
0.54545,0.46465,6.3654,-6.3654
0.54545,0.50505,6.2227,-6.2227
0.54545,0.54545,6.0706,-6.0706
0.54545,0.58586,5.9095,-5.9095
0.54545,0.62626,5.7402,-5.7402
0.54545,0.66667,5.5633,-5.5633
0.54545,0.70707,5.3796,-5.3796
0.54545,0.74747,5.19,-5.19
0.54545,0.78788,4.9955,-4.9955
0.54545,0.82828,4.797,-4.797
0.54545,0.86869,4.5958,-4.5958
0.54545,0.90909,4.3931,-4.3931
0.54545,0.94949,4.1904,-4.1904
0.54545,0.9899,3.9893,-3.9893
0.54545,1.0303,3.7916,-3.7916
0.54545,1.0707,3.5995,-3.5995
0.54545,1.1111,3.4152,-3.4152
0.54545,1.1515,3.2414,-3.2414
0.54545,1.1919,3.0809,-3.0809
0.54545,1.2323,2.937,-2.937
0.54545,1.2727,2.8127,-2.8127
0.54545,1.3131,2.7114,-2.7114
0.54545,1.3535,2.6358,-2.6358
0.54545,1.3939,2.5881,-2.5881
0.54545,1.4343,2.5694,-2.5694
0.54545,1.4747,2.5796,-2.5796
0.54545,1.5152,2.6175,-2.6175
0.54545,1.5556,2.6807,-2.6807
0.54545,1.596,2.7661,-2.7661
0.54545,1.6364,2.8701,-2.8701
0.54545,1.6768,2.9892,-2.9892
0.54545,1.7172,3.1198,-3.1198
0.54545,1.7576,3.2588,-3.2588
0.54545,1.798,3.4033,-3.4033
0.54545,1.8384,3.5507,-3.5507
0.54545,1.8788,3.6989,-3.6989
0.54545,1.9192,3.8459,-3.8459
0.54545,1.9596,3.99,-3.99
0.54545,2,4.1299,-4.1299
0.58586,-2,4.3603,-4.3603
0.58586,-1.9596,4.2184,-4.2184
0.58586,-1.9192,4.0717,-4.0717
0.58586,-1.8788,3.9217,-3.9217
0.58586,-1.8384,3.7698,-3.7698
0.58586,-1.798,3.6177,-3.6177
0.58586,-1.7576,3.4674,-3.4674
0.58586,-1.7172,3.3212,-3.3212
0.58586,-1.6768,3.1817,-3.1817
0.58586,-1.6364,3.0519,-3.0519
0.58586,-1.596,2.9348,-2.9348
0.58586,-1.5556,2.834,-2.834
0.58586,-1.5152,2.7528,-2.7528
0.58586,-1.4747,2.6944,-2.6944
0.58586,-1.4343,2.6618,-2.6618
0.58586,-1.3939,2.6567,-2.6567
0.58586,-1.3535,2.6802,-2.6802
0.58586,-1.3131,2.7318,-2.7318
0.58586,-1.2727,2.8102,-2.8102
0.58586,-1.2323,2.9131,-2.9131
0.58586,-1.1919,3.0377,-3.0377
0.58586,-1.1515,3.1809,-3.1809
0.58586,-1.1111,3.3395,-3.3395
0.58586,-1.0707,3.5104,-3.5104
0.58586,-1.0303,3.6909,-3.6909
0.58586,-0.9899,3.8784,-3.8784
0.58586,-0.94949,4.0707,-4.0707
0.58586,-0.90909,4.2658,-4.2658
0.58586,-0.86869,4.4618,-4.4618
0.58586,-0.82828,4.6572,-4.6572
0.58586,-0.78788,4.8506,-4.8506
0.58586,-0.74747,5.0407,-5.0407
0.58586,-0.70707,5.2264,-5.2264
0.58586,-0.66667,5.4066,-5.4066
0.58586,-0.62626,5.5805,-5.5805
0.58586,-0.58586,5.7471,-5.7471
0.58586,-0.54545,5.9058,-5.9058
0.58586,-0.50505,6.0559,-6.0559
0.58586,-0.46465,6.1967,-6.1967
0.58586,-0.42424,6.3276,-6.3276
0.58586,-0.38384,6.4482,-6.4482
0.58586,-0.34343,6.5581,-6.5581
0.58586,-0.30303,6.6567,-6.6567
0.58586,-0.26263,6.7438,-6.7438
0.58586,-0.22222,6.8189,-6.8189
0.58586,-0.18182,6.882,-6.882
0.58586,-0.14141,6.9327,-6.9327
0.58586,-0.10101,6.9709,-6.9709
0.58586,-0.060606,6.9964,-6.9964
0.58586,-0.020202,7.0092,-7.0092
0.58586,0.020202,7.0092,-7.0092
0.58586,0.060606,6.9964,-6.9964
0.58586,0.10101,6.9709,-6.9709
0.58586,0.14141,6.9327,-6.9327
0.58586,0.18182,6.882,-6.882
0.58586,0.22222,6.8189,-6.8189
0.58586,0.26263,6.7438,-6.7438
0.58586,0.30303,6.6567,-6.6567
0.58586,0.34343,6.5581,-6.5581
0.58586,0.38384,6.4482,-6.4482
0.58586,0.42424,6.3276,-6.3276
0.58586,0.46465,6.1967,-6.1967
0.58586,0.50505,6.0559,-6.0559
0.58586,0.54545,5.9058,-5.9058
0.58586,0.58586,5.7471,-5.7471
0.58586,0.62626,5.5805,-5.5805
0.58586,0.66667,5.4066,-5.4066
0.58586,0.70707,5.2264,-5.2264
0.58586,0.74747,5.0407,-5.0407
0.58586,0.78788,4.8506,-4.8506
0.58586,0.82828,4.6572,-4.6572
0.58586,0.86869,4.4618,-4.4618
0.58586,0.90909,4.2658,-4.2658
0.58586,0.94949,4.0707,-4.0707
0.58586,0.9899,3.8784,-3.8784
0.58586,1.0303,3.6909,-3.6909
0.58586,1.0707,3.5104,-3.5104
0.58586,1.1111,3.3395,-3.3395
0.58586,1.1515,3.1809,-3.1809
0.58586,1.1919,3.0377,-3.0377
0.58586,1.2323,2.9131,-2.9131
0.58586,1.2727,2.8102,-2.8102
0.58586,1.3131,2.7318,-2.7318
0.58586,1.3535,2.6802,-2.6802
0.58586,1.3939,2.6567,-2.6567
0.58586,1.4343,2.6618,-2.6618
0.58586,1.4747,2.6944,-2.6944
0.58586,1.5152,2.7528,-2.7528
0.58586,1.5556,2.834,-2.834
0.58586,1.596,2.9348,-2.9348
0.58586,1.6364,3.0519,-3.0519
0.58586,1.6768,3.1817,-3.1817
0.58586,1.7172,3.3212,-3.3212
0.58586,1.7576,3.4674,-3.4674
0.58586,1.798,3.6177,-3.6177
0.58586,1.8384,3.7698,-3.7698
0.58586,1.8788,3.9217,-3.9217
0.58586,1.9192,4.0717,-4.0717
0.58586,1.9596,4.2184,-4.2184
0.58586,2,4.3603,-4.3603
0.62626,-2,4.5853,-4.5853
0.62626,-1.9596,4.4412,-4.4412
0.62626,-1.9192,4.2918,-4.2918
0.62626,-1.8788,4.1385,-4.1385
0.62626,-1.8384,3.9827,-3.9827
0.62626,-1.798,3.8258,-3.8258
0.62626,-1.7576,3.6697,-3.6697
0.62626,-1.7172,3.5165,-3.5165
0.62626,-1.6768,3.3685,-3.3685
0.62626,-1.6364,3.2283,-3.2283
0.62626,-1.596,3.0989,-3.0989
0.62626,-1.5556,2.9835,-2.9835
0.62626,-1.5152,2.8854,-2.8854
0.62626,-1.4747,2.8077,-2.8077
0.62626,-1.4343,2.7537,-2.7537
0.62626,-1.3939,2.7256,-2.7256
0.62626,-1.3535,2.7251,-2.7251
0.62626,-1.3131,2.7526,-2.7526
0.62626,-1.2727,2.8076,-2.8076
0.62626,-1.2323,2.8884,-2.8884
0.62626,-1.1919,2.9927,-2.9927
0.62626,-1.1515,3.1175,-3.1175
0.62626,-1.1111,3.2597,-3.2597
0.62626,-1.0707,3.4163,-3.4163
0.62626,-1.0303,3.5843,-3.5843
0.62626,-0.9899,3.7609,-3.7609
0.62626,-0.94949,3.9438,-3.9438
0.62626,-0.90909,4.1307,-4.1307
0.62626,-0.86869,4.3196,-4.3196
0.62626,-0.82828,4.5088,-4.5088
0.62626,-0.78788,4.6968,-4.6968
0.62626,-0.74747,4.8822,-4.8822
0.62626,-0.70707,5.0638,-5.0638
0.62626,-0.66667,5.2404,-5.2404
0.62626,-0.62626,5.4111,-5.4111
0.62626,-0.58586,5.575,-5.575
0.62626,-0.54545,5.7313,-5.7313
0.62626,-0.50505,5.8792,-5.8792
0.62626,-0.46465,6.0181,-6.0181
0.62626,-0.42424,6.1474,-6.1474
0.62626,-0.38384,6.2666,-6.2666
0.62626,-0.34343,6.3752,-6.3752
0.62626,-0.30303,6.4727,-6.4727
0.62626,-0.26263,6.5589,-6.5589
0.62626,-0.22222,6.6333,-6.6333
0.62626,-0.18182,6.6958,-6.6958
0.62626,-0.14141,6.746,-6.746
0.62626,-0.10101,6.7838,-6.7838
0.62626,-0.060606,6.8091,-6.8091
0.62626,-0.020202,6.8218,-6.8218
0.62626,0.020202,6.8218,-6.8218
0.62626,0.060606,6.8091,-6.8091
0.62626,0.10101,6.7838,-6.7838
0.62626,0.14141,6.746,-6.746
0.62626,0.18182,6.6958,-6.6958
0.62626,0.22222,6.6333,-6.6333
0.62626,0.26263,6.5589,-6.5589
0.62626,0.30303,6.4727,-6.4727
0.62626,0.34343,6.3752,-6.3752
0.62626,0.38384,6.2666,-6.2666
0.62626,0.42424,6.1474,-6.1474
0.62626,0.46465,6.0181,-6.0181
0.62626,0.50505,5.8792,-5.8792
0.62626,0.54545,5.7313,-5.7313
0.62626,0.58586,5.575,-5.575
0.62626,0.62626,5.4111,-5.4111
0.62626,0.66667,5.2404,-5.2404
0.62626,0.70707,5.0638,-5.0638
0.62626,0.74747,4.8822,-4.8822
0.62626,0.78788,4.6968,-4.6968
0.62626,0.82828,4.5088,-4.5088
0.62626,0.86869,4.3196,-4.3196
0.62626,0.90909,4.1307,-4.1307
0.62626,0.94949,3.9438,-3.9438
0.62626,0.9899,3.7609,-3.7609
0.62626,1.0303,3.5843,-3.5843
0.62626,1.0707,3.4163,-3.4163
0.62626,1.1111,3.2597,-3.2597
0.62626,1.1515,3.1175,-3.1175
0.62626,1.1919,2.9927,-2.9927
0.62626,1.2323,2.8884,-2.8884
0.62626,1.2727,2.8076,-2.8076
0.62626,1.3131,2.7526,-2.7526
0.62626,1.3535,2.7251,-2.7251
0.62626,1.3939,2.7256,-2.7256
0.62626,1.4343,2.7537,-2.7537
0.62626,1.4747,2.8077,-2.8077
0.62626,1.5152,2.8854,-2.8854
0.62626,1.5556,2.9835,-2.9835
0.62626,1.596,3.0989,-3.0989
0.62626,1.6364,3.2283,-3.2283
0.62626,1.6768,3.3685,-3.3685
0.62626,1.7172,3.5165,-3.5165
0.62626,1.7576,3.6697,-3.6697
0.62626,1.798,3.8258,-3.8258
0.62626,1.8384,3.9827,-3.9827
0.62626,1.8788,4.1385,-4.1385
0.62626,1.9192,4.2918,-4.2918
0.62626,1.9596,4.4412,-4.4412
0.62626,2,4.5853,-4.5853
0.66667,-2,4.8042,-4.8042
0.66667,-1.9596,4.6576,-4.6576
0.66667,-1.9192,4.5055,-4.5055
0.66667,-1.8788,4.3488,-4.3488
0.66667,-1.8384,4.1889,-4.1889
0.66667,-1.798,4.0272,-4.0272
0.66667,-1.7576,3.8653,-3.8653
0.66667,-1.7172,3.7052,-3.7052
0.66667,-1.6768,3.549,-3.549
0.66667,-1.6364,3.399,-3.399
0.66667,-1.596,3.258,-3.258
0.66667,-1.5556,3.1288,-3.1288
0.66667,-1.5152,3.0147,-3.0147
0.66667,-1.4747,2.9189,-2.9189
0.66667,-1.4343,2.8444,-2.8444
0.66667,-1.3939,2.7941,-2.7941
0.66667,-1.3535,2.7702,-2.7702
0.66667,-1.3131,2.7737,-2.7737
0.66667,-1.2727,2.8049,-2.8049
0.66667,-1.2323,2.863,-2.863
0.66667,-1.1919,2.9459,-2.9459
0.66667,-1.1515,3.0513,-3.0513
0.66667,-1.1111,3.1762,-3.1762
0.66667,-1.0707,3.3175,-3.3175
0.66667,-1.0303,3.4721,-3.4721
0.66667,-0.9899,3.6371,-3.6371
0.66667,-0.94949,3.8098,-3.8098
0.66667,-0.90909,3.988,-3.988
0.66667,-0.86869,4.1694,-4.1694
0.66667,-0.82828,4.3521,-4.3521
0.66667,-0.78788,4.5344,-4.5344
0.66667,-0.74747,4.7149,-4.7149
0.66667,-0.70707,4.8922,-4.8922
0.66667,-0.66667,5.0651,-5.0651
0.66667,-0.62626,5.2326,-5.2326
0.66667,-0.58586,5.3936,-5.3936
0.66667,-0.54545,5.5474,-5.5474
0.66667,-0.50505,5.6931,-5.6931
0.66667,-0.46465,5.8301,-5.8301
0.66667,-0.42424,5.9578,-5.9578
0.66667,-0.38384,6.0756,-6.0756
0.66667,-0.34343,6.1829,-6.1829
0.66667,-0.30303,6.2794,-6.2794
0.66667,-0.26263,6.3646,-6.3646
0.66667,-0.22222,6.4383,-6.4383
0.66667,-0.18182,6.5002,-6.5002
0.66667,-0.14141,6.5499,-6.5499
0.66667,-0.10101,6.5874,-6.5874
0.66667,-0.060606,6.6124,-6.6124
0.66667,-0.020202,6.625,-6.625
0.66667,0.020202,6.625,-6.625
0.66667,0.060606,6.6124,-6.6124
0.66667,0.10101,6.5874,-6.5874
0.66667,0.14141,6.5499,-6.5499
0.66667,0.18182,6.5002,-6.5002
0.66667,0.22222,6.4383,-6.4383
0.66667,0.26263,6.3646,-6.3646
0.66667,0.30303,6.2794,-6.2794
0.66667,0.34343,6.1829,-6.1829
0.66667,0.38384,6.0756,-6.0756
0.66667,0.42424,5.9578,-5.9578
0.66667,0.46465,5.8301,-5.8301
0.66667,0.50505,5.6931,-5.6931
0.66667,0.54545,5.5474,-5.5474
0.66667,0.58586,5.3936,-5.3936
0.66667,0.62626,5.2326,-5.2326
0.66667,0.66667,5.0651,-5.0651
0.66667,0.70707,4.8922,-4.8922
0.66667,0.74747,4.7149,-4.7149
0.66667,0.78788,4.5344,-4.5344
0.66667,0.82828,4.3521,-4.3521
0.66667,0.86869,4.1694,-4.1694
0.66667,0.90909,3.988,-3.988
0.66667,0.94949,3.8098,-3.8098
0.66667,0.9899,3.6371,-3.6371
0.66667,1.0303,3.4721,-3.4721
0.66667,1.0707,3.3175,-3.3175
0.66667,1.1111,3.1762,-3.1762
0.66667,1.1515,3.0513,-3.0513
0.66667,1.1919,2.9459,-2.9459
0.66667,1.2323,2.863,-2.863
0.66667,1.2727,2.8049,-2.8049
0.66667,1.3131,2.7737,-2.7737
0.66667,1.3535,2.7702,-2.7702
0.66667,1.3939,2.7941,-2.7941
0.66667,1.4343,2.8444,-2.8444
0.66667,1.4747,2.9189,-2.9189
0.66667,1.5152,3.0147,-3.0147
0.66667,1.5556,3.1288,-3.1288
0.66667,1.596,3.258,-3.258
0.66667,1.6364,3.399,-3.399
0.66667,1.6768,3.549,-3.549
0.66667,1.7172,3.7052,-3.7052
0.66667,1.7576,3.8653,-3.8653
0.66667,1.798,4.0272,-4.0272
0.66667,1.8384,4.1889,-4.1889
0.66667,1.8788,4.3488,-4.3488
0.66667,1.9192,4.5055,-4.5055
0.66667,1.9596,4.6576,-4.6576
0.66667,2,4.8042,-4.8042
0.70707,-2,5.0162,-5.0162
0.70707,-1.9596,4.8672,-4.8672
0.70707,-1.9192,4.7121,-4.7121
0.70707,-1.8788,4.5519,-4.5519
0.70707,-1.8384,4.388,-4.388
0.70707,-1.798,4.2215,-4.2215
0.70707,-1.7576,4.054,-4.054
0.70707,-1.7172,3.8872,-3.8872
0.70707,-1.6768,3.723,-3.723
0.70707,-1.6364,3.5637,-3.5637
0.70707,-1.596,3.4116,-3.4116
0.70707,-1.5556,3.2695,-3.2695
0.70707,-1.5152,3.1404,-3.1404
0.70707,-1.4747,3.0273,-3.0273
0.70707,-1.4343,2.9335,-2.9335
0.70707,-1.3939,2.8619,-2.8619
0.70707,-1.3535,2.8151,-2.8151
0.70707,-1.3131,2.7949,-2.7949
0.70707,-1.2727,2.8022,-2.8022
0.70707,-1.2323,2.8369,-2.8369
0.70707,-1.1919,2.8978,-2.8978
0.70707,-1.1515,2.9828,-2.9828
0.70707,-1.1111,3.0893,-3.0893
0.70707,-1.0707,3.2142,-3.2142
0.70707,-1.0303,3.3545,-3.3545
0.70707,-0.9899,3.5071,-3.5071
0.70707,-0.94949,3.6691,-3.6691
0.70707,-0.90909,3.838,-3.838
0.70707,-0.86869,4.0115,-4.0115
0.70707,-0.82828,4.1873,-4.1873
0.70707,-0.78788,4.3638,-4.3638
0.70707,-0.74747,4.5391,-4.5391
0.70707,-0.70707,4.712,-4.712
0.70707,-0.66667,4.8811,-4.8811
0.70707,-0.62626,5.0452,-5.0452
0.70707,-0.58586,5.2034,-5.2034
0.70707,-0.54545,5.3547,-5.3547
0.70707,-0.50505,5.4982,-5.4982
0.70707,-0.46465,5.6333,-5.6333
0.70707,-0.42424,5.7593,-5.7593
0.70707,-0.38384,5.8757,-5.8757
0.70707,-0.34343,5.9818,-5.9818
0.70707,-0.30303,6.0772,-6.0772
0.70707,-0.26263,6.1616,-6.1616
0.70707,-0.22222,6.2345,-6.2345
0.70707,-0.18182,6.2957,-6.2957
0.70707,-0.14141,6.345,-6.345
0.70707,-0.10101,6.3821,-6.3821
0.70707,-0.060606,6.407,-6.407
0.70707,-0.020202,6.4194,-6.4194
0.70707,0.020202,6.4194,-6.4194
0.70707,0.060606,6.407,-6.407
0.70707,0.10101,6.3821,-6.3821
0.70707,0.14141,6.345,-6.345
0.70707,0.18182,6.2957,-6.2957
0.70707,0.22222,6.2345,-6.2345
0.70707,0.26263,6.1616,-6.1616
0.70707,0.30303,6.0772,-6.0772
0.70707,0.34343,5.9818,-5.9818
0.70707,0.38384,5.8757,-5.8757
0.70707,0.42424,5.7593,-5.7593
0.70707,0.46465,5.6333,-5.6333
0.70707,0.50505,5.4982,-5.4982
0.70707,0.54545,5.3547,-5.3547
0.70707,0.58586,5.2034,-5.2034
0.70707,0.62626,5.0452,-5.0452
0.70707,0.66667,4.8811,-4.8811
0.70707,0.70707,4.712,-4.712
0.70707,0.74747,4.5391,-4.5391
0.70707,0.78788,4.3638,-4.3638
0.70707,0.82828,4.1873,-4.1873
0.70707,0.86869,4.0115,-4.0115
0.70707,0.90909,3.838,-3.838
0.70707,0.94949,3.6691,-3.6691
0.70707,0.9899,3.5071,-3.5071
0.70707,1.0303,3.3545,-3.3545
0.70707,1.0707,3.2142,-3.2142
0.70707,1.1111,3.0893,-3.0893
0.70707,1.1515,2.9828,-2.9828
0.70707,1.1919,2.8978,-2.8978
0.70707,1.2323,2.8369,-2.8369
0.70707,1.2727,2.8022,-2.8022
0.70707,1.3131,2.7949,-2.7949
0.70707,1.3535,2.8151,-2.8151
0.70707,1.3939,2.8619,-2.8619
0.70707,1.4343,2.9335,-2.9335
0.70707,1.4747,3.0273,-3.0273
0.70707,1.5152,3.1404,-3.1404
0.70707,1.5556,3.2695,-3.2695
0.70707,1.596,3.4116,-3.4116
0.70707,1.6364,3.5637,-3.5637
0.70707,1.6768,3.723,-3.723
0.70707,1.7172,3.8872,-3.8872
0.70707,1.7576,4.054,-4.054
0.70707,1.798,4.2215,-4.2215
0.70707,1.8384,4.388,-4.388
0.70707,1.8788,4.5519,-4.5519
0.70707,1.9192,4.7121,-4.7121
0.70707,1.9596,4.8672,-4.8672
0.70707,2,5.0162,-5.0162
0.74747,-2,5.2207,-5.2207
0.74747,-1.9596,5.0691,-5.0691
0.74747,-1.9192,4.911,-4.911
0.74747,-1.8788,4.7474,-4.7474
0.74747,-1.8384,4.5794,-4.5794
0.74747,-1.798,4.4082,-4.4082
0.74747,-1.7576,4.2352,-4.2352
0.74747,-1.7172,4.0619,-4.0619
0.74747,-1.6768,3.8901,-3.8901
0.74747,-1.6364,3.7219,-3.7219
0.74747,-1.596,3.5594,-3.5594
0.74747,-1.5556,3.4051,-3.4051
0.74747,-1.5152,3.2619,-3.2619
0.74747,-1.4747,3.1326,-3.1326
0.74747,-1.4343,3.0205,-3.0205
0.74747,-1.3939,2.9285,-2.9285
0.74747,-1.3535,2.8596,-2.8596
0.74747,-1.3131,2.8161,-2.8161
0.74747,-1.2727,2.7995,-2.7995
0.74747,-1.2323,2.8105,-2.8105
0.74747,-1.1919,2.8486,-2.8486
0.74747,-1.1515,2.9123,-2.9123
0.74747,-1.1111,2.9994,-2.9994
0.74747,-1.0707,3.107,-3.107
0.74747,-1.0303,3.232,-3.232
0.74747,-0.9899,3.3714,-3.3714
0.74747,-0.94949,3.522,-3.522
0.74747,-0.90909,3.6811,-3.6811
0.74747,-0.86869,3.8461,-3.8461
0.74747,-0.82828,4.0148,-4.0148
0.74747,-0.78788,4.1851,-4.1851
0.74747,-0.74747,4.3552,-4.3552
0.74747,-0.70707,4.5236,-4.5236
0.74747,-0.66667,4.6888,-4.6888
0.74747,-0.62626,4.8495,-4.8495
0.74747,-0.58586,5.0048,-5.0048
0.74747,-0.54545,5.1536,-5.1536
0.74747,-0.50505,5.295,-5.295
0.74747,-0.46465,5.4282,-5.4282
0.74747,-0.42424,5.5526,-5.5526
0.74747,-0.38384,5.6675,-5.6675
0.74747,-0.34343,5.7724,-5.7724
0.74747,-0.30303,5.8669,-5.8669
0.74747,-0.26263,5.9504,-5.9504
0.74747,-0.22222,6.0226,-6.0226
0.74747,-0.18182,6.0833,-6.0833
0.74747,-0.14141,6.1321,-6.1321
0.74747,-0.10101,6.1689,-6.1689
0.74747,-0.060606,6.1935,-6.1935
0.74747,-0.020202,6.2058,-6.2058
0.74747,0.020202,6.2058,-6.2058
0.74747,0.060606,6.1935,-6.1935
0.74747,0.10101,6.1689,-6.1689
0.74747,0.14141,6.1321,-6.1321
0.74747,0.18182,6.0833,-6.0833
0.74747,0.22222,6.0226,-6.0226
0.74747,0.26263,5.9504,-5.9504
0.74747,0.30303,5.8669,-5.8669
0.74747,0.34343,5.7724,-5.7724
0.74747,0.38384,5.6675,-5.6675
0.74747,0.42424,5.5526,-5.5526
0.74747,0.46465,5.4282,-5.4282
0.74747,0.50505,5.295,-5.295
0.74747,0.54545,5.1536,-5.1536
0.74747,0.58586,5.0048,-5.0048
0.74747,0.62626,4.8495,-4.8495
0.74747,0.66667,4.6888,-4.6888
0.74747,0.70707,4.5236,-4.5236
0.74747,0.74747,4.3552,-4.3552
0.74747,0.78788,4.1851,-4.1851
0.74747,0.82828,4.0148,-4.0148
0.74747,0.86869,3.8461,-3.8461
0.74747,0.90909,3.6811,-3.6811
0.74747,0.94949,3.522,-3.522
0.74747,0.9899,3.3714,-3.3714
0.74747,1.0303,3.232,-3.232
0.74747,1.0707,3.107,-3.107
0.74747,1.1111,2.9994,-2.9994
0.74747,1.1515,2.9123,-2.9123
0.74747,1.1919,2.8486,-2.8486
0.74747,1.2323,2.8105,-2.8105
0.74747,1.2727,2.7995,-2.7995
0.74747,1.3131,2.8161,-2.8161
0.74747,1.3535,2.8596,-2.8596
0.74747,1.3939,2.9285,-2.9285
0.74747,1.4343,3.0205,-3.0205
0.74747,1.4747,3.1326,-3.1326
0.74747,1.5152,3.2619,-3.2619
0.74747,1.5556,3.4051,-3.4051
0.74747,1.596,3.5594,-3.5594
0.74747,1.6364,3.7219,-3.7219
0.74747,1.6768,3.8901,-3.8901
0.74747,1.7172,4.0619,-4.0619
0.74747,1.7576,4.2352,-4.2352
0.74747,1.798,4.4082,-4.4082
0.74747,1.8384,4.5794,-4.5794
0.74747,1.8788,4.7474,-4.7474
0.74747,1.9192,4.911,-4.911
0.74747,1.9596,5.0691,-5.0691
0.74747,2,5.2207,-5.2207
0.78788,-2,5.4172,-5.4172
0.78788,-1.9596,5.263,-5.263
0.78788,-1.9192,5.1019,-5.1019
0.78788,-1.8788,4.9349,-4.9349
0.78788,-1.8384,4.7629,-4.7629
0.78788,-1.798,4.587,-4.587
0.78788,-1.7576,4.4086,-4.4086
0.78788,-1.7172,4.2291,-4.2291
0.78788,-1.6768,4.0501,-4.0501
0.78788,-1.6364,3.8733,-3.8733
0.78788,-1.596,3.701,-3.701
0.78788,-1.5556,3.5353,-3.5353
0.78788,-1.5152,3.3788,-3.3788
0.78788,-1.4747,3.2343,-3.2343
0.78788,-1.4343,3.1048,-3.1048
0.78788,-1.3939,2.9935,-2.9935
0.78788,-1.3535,2.9033,-2.9033
0.78788,-1.3131,2.837,-2.837
0.78788,-1.2727,2.7968,-2.7968
0.78788,-1.2323,2.7839,-2.7839
0.78788,-1.1919,2.7986,-2.7986
0.78788,-1.1515,2.8402,-2.8402
0.78788,-1.1111,2.9069,-2.9069
0.78788,-1.0707,2.9961,-2.9961
0.78788,-1.0303,3.1049,-3.1049
0.78788,-0.9899,3.2302,-3.2302
0.78788,-0.94949,3.3687,-3.3687
0.78788,-0.90909,3.5174,-3.5174
0.78788,-0.86869,3.6737,-3.6737
0.78788,-0.82828,3.8349,-3.8349
0.78788,-0.78788,3.9988,-3.9988
0.78788,-0.74747,4.1636,-4.1636
0.78788,-0.70707,4.3273,-4.3273
0.78788,-0.66667,4.4886,-4.4886
0.78788,-0.62626,4.646,-4.646
0.78788,-0.58586,4.7984,-4.7984
0.78788,-0.54545,4.9447,-4.9447
0.78788,-0.50505,5.084,-5.084
0.78788,-0.46465,5.2154,-5.2154
0.78788,-0.42424,5.3383,-5.3383
0.78788,-0.38384,5.4519,-5.4519
0.78788,-0.34343,5.5556,-5.5556
0.78788,-0.30303,5.6491,-5.6491
0.78788,-0.26263,5.7318,-5.7318
0.78788,-0.22222,5.8034,-5.8034
0.78788,-0.18182,5.8635,-5.8635
0.78788,-0.14141,5.9119,-5.9119
0.78788,-0.10101,5.9484,-5.9484
0.78788,-0.060606,5.9728,-5.9728
0.78788,-0.020202,5.985,-5.985
0.78788,0.020202,5.985,-5.985
0.78788,0.060606,5.9728,-5.9728
0.78788,0.10101,5.9484,-5.9484
0.78788,0.14141,5.9119,-5.9119
0.78788,0.18182,5.8635,-5.8635
0.78788,0.22222,5.8034,-5.8034
0.78788,0.26263,5.7318,-5.7318
0.78788,0.30303,5.6491,-5.6491
0.78788,0.34343,5.5556,-5.5556
0.78788,0.38384,5.4519,-5.4519
0.78788,0.42424,5.3383,-5.3383
0.78788,0.46465,5.2154,-5.2154
0.78788,0.50505,5.084,-5.084
0.78788,0.54545,4.9447,-4.9447
0.78788,0.58586,4.7984,-4.7984
0.78788,0.62626,4.646,-4.646
0.78788,0.66667,4.4886,-4.4886
0.78788,0.70707,4.3273,-4.3273
0.78788,0.74747,4.1636,-4.1636
0.78788,0.78788,3.9988,-3.9988
0.78788,0.82828,3.8349,-3.8349
0.78788,0.86869,3.6737,-3.6737
0.78788,0.90909,3.5174,-3.5174
0.78788,0.94949,3.3687,-3.3687
0.78788,0.9899,3.2302,-3.2302
0.78788,1.0303,3.1049,-3.1049
0.78788,1.0707,2.9961,-2.9961
0.78788,1.1111,2.9069,-2.9069
0.78788,1.1515,2.8402,-2.8402
0.78788,1.1919,2.7986,-2.7986
0.78788,1.2323,2.7839,-2.7839
0.78788,1.2727,2.7968,-2.7968
0.78788,1.3131,2.837,-2.837
0.78788,1.3535,2.9033,-2.9033
0.78788,1.3939,2.9935,-2.9935
0.78788,1.4343,3.1048,-3.1048
0.78788,1.4747,3.2343,-3.2343
0.78788,1.5152,3.3788,-3.3788
0.78788,1.5556,3.5353,-3.5353
0.78788,1.596,3.701,-3.701
0.78788,1.6364,3.8733,-3.8733
0.78788,1.6768,4.0501,-4.0501
0.78788,1.7172,4.2291,-4.2291
0.78788,1.7576,4.4086,-4.4086
0.78788,1.798,4.587,-4.587
0.78788,1.8384,4.7629,-4.7629
0.78788,1.8788,4.9349,-4.9349
0.78788,1.9192,5.1019,-5.1019
0.78788,1.9596,5.263,-5.263
0.78788,2,5.4172,-5.4172
0.82828,-2,5.6051,-5.6051
0.82828,-1.9596,5.4483,-5.4483
0.82828,-1.9192,5.2843,-5.2843
0.82828,-1.8788,5.1138,-5.1138
0.82828,-1.8384,4.9379,-4.9379
0.82828,-1.798,4.7576,-4.7576
0.82828,-1.7576,4.574,-4.574
0.82828,-1.7172,4.3885,-4.3885
0.82828,-1.6768,4.2025,-4.2025
0.82828,-1.6364,4.0178,-4.0178
0.82828,-1.596,3.8361,-3.8361
0.82828,-1.5556,3.6597,-3.6597
0.82828,-1.5152,3.4907,-3.4907
0.82828,-1.4747,3.3319,-3.3319
0.82828,-1.4343,3.1862,-3.1862
0.82828,-1.3939,3.0565,-3.0565
0.82828,-1.3535,2.946,-2.946
0.82828,-1.3131,2.8576,-2.8576
0.82828,-1.2727,2.7941,-2.7941
0.82828,-1.2323,2.7573,-2.7573
0.82828,-1.1919,2.7482,-2.7482
0.82828,-1.1515,2.7669,-2.7669
0.82828,-1.1111,2.8122,-2.8122
0.82828,-1.0707,2.882,-2.882
0.82828,-1.0303,2.9737,-2.9737
0.82828,-0.9899,3.0839,-3.0839
0.82828,-0.94949,3.2096,-3.2096
0.82828,-0.90909,3.3474,-3.3474
0.82828,-0.86869,3.4944,-3.4944
0.82828,-0.82828,3.6479,-3.6479
0.82828,-0.78788,3.8053,-3.8053
0.82828,-0.74747,3.9645,-3.9645
0.82828,-0.70707,4.1237,-4.1237
0.82828,-0.66667,4.281,-4.281
0.82828,-0.62626,4.4352,-4.4352
0.82828,-0.58586,4.5848,-4.5848
0.82828,-0.54545,4.7287,-4.7287
0.82828,-0.50505,4.866,-4.866
0.82828,-0.46465,4.9957,-4.9957
0.82828,-0.42424,5.1171,-5.1171
0.82828,-0.38384,5.2294,-5.2294
0.82828,-0.34343,5.3322,-5.3322
0.82828,-0.30303,5.4248,-5.4248
0.82828,-0.26263,5.5067,-5.5067
0.82828,-0.22222,5.5777,-5.5777
0.82828,-0.18182,5.6373,-5.6373
0.82828,-0.14141,5.6854,-5.6854
0.82828,-0.10101,5.7216,-5.7216
0.82828,-0.060606,5.7458,-5.7458
0.82828,-0.020202,5.7579,-5.7579
0.82828,0.020202,5.7579,-5.7579
0.82828,0.060606,5.7458,-5.7458
0.82828,0.10101,5.7216,-5.7216
0.82828,0.14141,5.6854,-5.6854
0.82828,0.18182,5.6373,-5.6373
0.82828,0.22222,5.5777,-5.5777
0.82828,0.26263,5.5067,-5.5067
0.82828,0.30303,5.4248,-5.4248
0.82828,0.34343,5.3322,-5.3322
0.82828,0.38384,5.2294,-5.2294
0.82828,0.42424,5.1171,-5.1171
0.82828,0.46465,4.9957,-4.9957
0.82828,0.50505,4.866,-4.866
0.82828,0.54545,4.7287,-4.7287
0.82828,0.58586,4.5848,-4.5848
0.82828,0.62626,4.4352,-4.4352
0.82828,0.66667,4.281,-4.281
0.82828,0.70707,4.1237,-4.1237
0.82828,0.74747,3.9645,-3.9645
0.82828,0.78788,3.8053,-3.8053
0.82828,0.82828,3.6479,-3.6479
0.82828,0.86869,3.4944,-3.4944
0.82828,0.90909,3.3474,-3.3474
0.82828,0.94949,3.2096,-3.2096
0.82828,0.9899,3.0839,-3.0839
0.82828,1.0303,2.9737,-2.9737
0.82828,1.0707,2.882,-2.882
0.82828,1.1111,2.8122,-2.8122
0.82828,1.1515,2.7669,-2.7669
0.82828,1.1919,2.7482,-2.7482
0.82828,1.2323,2.7573,-2.7573
0.82828,1.2727,2.7941,-2.7941
0.82828,1.3131,2.8576,-2.8576
0.82828,1.3535,2.946,-2.946
0.82828,1.3939,3.0565,-3.0565
0.82828,1.4343,3.1862,-3.1862
0.82828,1.4747,3.3319,-3.3319
0.82828,1.5152,3.4907,-3.4907
0.82828,1.5556,3.6597,-3.6597
0.82828,1.596,3.8361,-3.8361
0.82828,1.6364,4.0178,-4.0178
0.82828,1.6768,4.2025,-4.2025
0.82828,1.7172,4.3885,-4.3885
0.82828,1.7576,4.574,-4.574
0.82828,1.798,4.7576,-4.7576
0.82828,1.8384,4.9379,-4.9379
0.82828,1.8788,5.1138,-5.1138
0.82828,1.9192,5.2843,-5.2843
0.82828,1.9596,5.4483,-5.4483
0.82828,2,5.6051,-5.6051
0.86869,-2,5.7839,-5.7839
0.86869,-1.9596,5.6245,-5.6245
0.86869,-1.9192,5.4576,-5.4576
0.86869,-1.8788,5.2838,-5.2838
0.86869,-1.8384,5.1041,-5.1041
0.86869,-1.798,4.9195,-4.9195
0.86869,-1.7576,4.731,-4.731
0.86869,-1.7172,4.5398,-4.5398
0.86869,-1.6768,4.3473,-4.3473
0.86869,-1.6364,4.1549,-4.1549
0.86869,-1.596,3.9645,-3.9645
0.86869,-1.5556,3.778,-3.778
0.86869,-1.5152,3.5974,-3.5974
0.86869,-1.4747,3.4253,-3.4253
0.86869,-1.4343,3.2642,-3.2642
0.86869,-1.3939,3.1172,-3.1172
0.86869,-1.3535,2.9874,-2.9874
0.86869,-1.3131,2.8778,-2.8778
0.86869,-1.2727,2.7914,-2.7914
0.86869,-1.2323,2.7308,-2.7308
0.86869,-1.1919,2.6977,-2.6977
0.86869,-1.1515,2.6929,-2.6929
0.86869,-1.1111,2.7159,-2.7159
0.86869,-1.0707,2.7653,-2.7653
0.86869,-1.0303,2.8387,-2.8387
0.86869,-0.9899,2.933,-2.933
0.86869,-0.94949,3.0451,-3.0451
0.86869,-0.90909,3.1714,-3.1714
0.86869,-0.86869,3.3087,-3.3087
0.86869,-0.82828,3.4541,-3.4541
0.86869,-0.78788,3.6049,-3.6049
0.86869,-0.74747,3.7586,-3.7586
0.86869,-0.70707,3.9131,-3.9131
0.86869,-0.66667,4.0666,-4.0666
0.86869,-0.62626,4.2176,-4.2176
0.86869,-0.58586,4.3645,-4.3645
0.86869,-0.54545,4.5062,-4.5062
0.86869,-0.50505,4.6416,-4.6416
0.86869,-0.46465,4.7698,-4.7698
0.86869,-0.42424,4.8898,-4.8898
0.86869,-0.38384,5.0011,-5.0011
0.86869,-0.34343,5.1029,-5.1029
0.86869,-0.30303,5.1947,-5.1947
0.86869,-0.26263,5.2761,-5.2761
0.86869,-0.22222,5.3465,-5.3465
0.86869,-0.18182,5.4057,-5.4057
0.86869,-0.14141,5.4534,-5.4534
0.86869,-0.10101,5.4894,-5.4894
0.86869,-0.060606,5.5135,-5.5135
0.86869,-0.020202,5.5255,-5.5255
0.86869,0.020202,5.5255,-5.5255
0.86869,0.060606,5.5135,-5.5135
0.86869,0.10101,5.4894,-5.4894
0.86869,0.14141,5.4534,-5.4534
0.86869,0.18182,5.4057,-5.4057
0.86869,0.22222,5.3465,-5.3465
0.86869,0.26263,5.2761,-5.2761
0.86869,0.30303,5.1947,-5.1947
0.86869,0.34343,5.1029,-5.1029
0.86869,0.38384,5.0011,-5.0011
0.86869,0.42424,4.8898,-4.8898
0.86869,0.46465,4.7698,-4.7698
0.86869,0.50505,4.6416,-4.6416
0.86869,0.54545,4.5062,-4.5062
0.86869,0.58586,4.3645,-4.3645
0.86869,0.62626,4.2176,-4.2176
0.86869,0.66667,4.0666,-4.0666
0.86869,0.70707,3.9131,-3.9131
0.86869,0.74747,3.7586,-3.7586
0.86869,0.78788,3.6049,-3.6049
0.86869,0.82828,3.4541,-3.4541
0.86869,0.86869,3.3087,-3.3087
0.86869,0.90909,3.1714,-3.1714
0.86869,0.94949,3.0451,-3.0451
0.86869,0.9899,2.933,-2.933
0.86869,1.0303,2.8387,-2.8387
0.86869,1.0707,2.7653,-2.7653
0.86869,1.1111,2.7159,-2.7159
0.86869,1.1515,2.6929,-2.6929
0.86869,1.1919,2.6977,-2.6977
0.86869,1.2323,2.7308,-2.7308
0.86869,1.2727,2.7914,-2.7914
0.86869,1.3131,2.8778,-2.8778
0.86869,1.3535,2.9874,-2.9874
0.86869,1.3939,3.1172,-3.1172
0.86869,1.4343,3.2642,-3.2642
0.86869,1.4747,3.4253,-3.4253
0.86869,1.5152,3.5974,-3.5974
0.86869,1.5556,3.778,-3.778
0.86869,1.596,3.9645,-3.9645
0.86869,1.6364,4.1549,-4.1549
0.86869,1.6768,4.3473,-4.3473
0.86869,1.7172,4.5398,-4.5398
0.86869,1.7576,4.731,-4.731
0.86869,1.798,4.9195,-4.9195
0.86869,1.8384,5.1041,-5.1041
0.86869,1.8788,5.2838,-5.2838
0.86869,1.9192,5.4576,-5.4576
0.86869,1.9596,5.6245,-5.6245
0.86869,2,5.7839,-5.7839
0.90909,-2,5.9531,-5.9531
0.90909,-1.9596,5.7913,-5.7913
0.90909,-1.9192,5.6216,-5.6216
0.90909,-1.8788,5.4446,-5.4446
0.90909,-1.8384,5.2613,-5.2613
0.90909,-1.798,5.0725,-5.0725
0.90909,-1.7576,4.8792,-4.8792
0.90909,-1.7172,4.6826,-4.6826
0.90909,-1.6768,4.4839,-4.4839
0.90909,-1.6364,4.2845,-4.2845
0.90909,-1.596,4.0859,-4.0859
0.90909,-1.5556,3.8899,-3.8899
0.90909,-1.5152,3.6985,-3.6985
0.90909,-1.4747,3.5139,-3.5139
0.90909,-1.4343,3.3386,-3.3386
0.90909,-1.3939,3.1753,-3.1753
0.90909,-1.3535,3.0272,-3.0272
0.90909,-1.3131,2.8973,-2.8973
0.90909,-1.2727,2.7888,-2.7888
0.90909,-1.2323,2.7048,-2.7048
0.90909,-1.1919,2.6475,-2.6475
0.90909,-1.1515,2.6186,-2.6186
0.90909,-1.1111,2.6185,-2.6185
0.90909,-1.0707,2.6464,-2.6464
0.90909,-1.0303,2.7005,-2.7005
0.90909,-0.9899,2.7779,-2.7779
0.90909,-0.94949,2.8755,-2.8755
0.90909,-0.90909,2.9897,-2.9897
0.90909,-0.86869,3.1169,-3.1169
0.90909,-0.82828,3.254,-3.254
0.90909,-0.78788,3.398,-3.398
0.90909,-0.74747,3.5461,-3.5461
0.90909,-0.70707,3.6961,-3.6961
0.90909,-0.66667,3.846,-3.846
0.90909,-0.62626,3.9939,-3.9939
0.90909,-0.58586,4.1383,-4.1383
0.90909,-0.54545,4.278,-4.278
0.90909,-0.50505,4.4118,-4.4118
0.90909,-0.46465,4.5385,-4.5385
0.90909,-0.42424,4.6575,-4.6575
0.90909,-0.38384,4.7678,-4.7678
0.90909,-0.34343,4.8688,-4.8688
0.90909,-0.30303,4.96,-4.96
0.90909,-0.26263,5.0408,-5.0408
0.90909,-0.22222,5.1109,-5.1109
0.90909,-0.18182,5.1698,-5.1698
0.90909,-0.14141,5.2172,-5.2172
0.90909,-0.10101,5.253,-5.253
0.90909,-0.060606,5.277,-5.277
0.90909,-0.020202,5.289,-5.289
0.90909,0.020202,5.289,-5.289
0.90909,0.060606,5.277,-5.277
0.90909,0.10101,5.253,-5.253
0.90909,0.14141,5.2172,-5.2172
0.90909,0.18182,5.1698,-5.1698
0.90909,0.22222,5.1109,-5.1109
0.90909,0.26263,5.0408,-5.0408
0.90909,0.30303,4.96,-4.96
0.90909,0.34343,4.8688,-4.8688
0.90909,0.38384,4.7678,-4.7678
0.90909,0.42424,4.6575,-4.6575
0.90909,0.46465,4.5385,-4.5385
0.90909,0.50505,4.4118,-4.4118
0.90909,0.54545,4.278,-4.278
0.90909,0.58586,4.1383,-4.1383
0.90909,0.62626,3.9939,-3.9939
0.90909,0.66667,3.846,-3.846
0.90909,0.70707,3.6961,-3.6961
0.90909,0.74747,3.5461,-3.5461
0.90909,0.78788,3.398,-3.398
0.90909,0.82828,3.254,-3.254
0.90909,0.86869,3.1169,-3.1169
0.90909,0.90909,2.9897,-2.9897
0.90909,0.94949,2.8755,-2.8755
0.90909,0.9899,2.7779,-2.7779
0.90909,1.0303,2.7005,-2.7005
0.90909,1.0707,2.6464,-2.6464
0.90909,1.1111,2.6185,-2.6185
0.90909,1.1515,2.6186,-2.6186
0.90909,1.1919,2.6475,-2.6475
0.90909,1.2323,2.7048,-2.7048
0.90909,1.2727,2.7888,-2.7888
0.90909,1.3131,2.8973,-2.8973
0.90909,1.3535,3.0272,-3.0272
0.90909,1.3939,3.1753,-3.1753
0.90909,1.4343,3.3386,-3.3386
0.90909,1.4747,3.5139,-3.5139
0.90909,1.5152,3.6985,-3.6985
0.90909,1.5556,3.8899,-3.8899
0.90909,1.596,4.0859,-4.0859
0.90909,1.6364,4.2845,-4.2845
0.90909,1.6768,4.4839,-4.4839
0.90909,1.7172,4.6826,-4.6826
0.90909,1.7576,4.8792,-4.8792
0.90909,1.798,5.0725,-5.0725
0.90909,1.8384,5.2613,-5.2613
0.90909,1.8788,5.4446,-5.4446
0.90909,1.9192,5.6216,-5.6216
0.90909,1.9596,5.7913,-5.7913
0.90909,2,5.9531,-5.9531
0.94949,-2,6.1124,-6.1124
0.94949,-1.9596,5.9482,-5.9482
0.94949,-1.9192,5.7758,-5.7758
0.94949,-1.8788,5.5958,-5.5958
0.94949,-1.8384,5.409,-5.409
0.94949,-1.798,5.2163,-5.2163
0.94949,-1.7576,5.0185,-5.0185
0.94949,-1.7172,4.8168,-4.8168
0.94949,-1.6768,4.6123,-4.6123
0.94949,-1.6364,4.4063,-4.4063
0.94949,-1.596,4.2,-4.2
0.94949,-1.5556,3.9953,-3.9953
0.94949,-1.5152,3.7938,-3.7938
0.94949,-1.4747,3.5976,-3.5976
0.94949,-1.4343,3.409,-3.409
0.94949,-1.3939,3.2306,-3.2306
0.94949,-1.3535,3.0652,-3.0652
0.94949,-1.3131,2.916,-2.916
0.94949,-1.2727,2.7863,-2.7863
0.94949,-1.2323,2.6794,-2.6794
0.94949,-1.1919,2.598,-2.598
0.94949,-1.1515,2.5447,-2.5447
0.94949,-1.1111,2.5207,-2.5207
0.94949,-1.0707,2.5261,-2.5261
0.94949,-1.0303,2.5597,-2.5597
0.94949,-0.9899,2.6192,-2.6192
0.94949,-0.94949,2.7013,-2.7013
0.94949,-0.90909,2.8027,-2.8027
0.94949,-0.86869,2.9194,-2.9194
0.94949,-0.82828,3.0479,-3.0479
0.94949,-0.78788,3.185,-3.185
0.94949,-0.74747,3.3277,-3.3277
0.94949,-0.70707,3.4733,-3.4733
0.94949,-0.66667,3.6197,-3.6197
0.94949,-0.62626,3.7648,-3.7648
0.94949,-0.58586,3.9071,-3.9071
0.94949,-0.54545,4.045,-4.045
0.94949,-0.50505,4.1773,-4.1773
0.94949,-0.46465,4.303,-4.303
0.94949,-0.42424,4.421,-4.421
0.94949,-0.38384,4.5306,-4.5306
0.94949,-0.34343,4.6311,-4.6311
0.94949,-0.30303,4.7218,-4.7218
0.94949,-0.26263,4.8023,-4.8023
0.94949,-0.22222,4.8721,-4.8721
0.94949,-0.18182,4.9308,-4.9308
0.94949,-0.14141,4.9781,-4.9781
0.94949,-0.10101,5.0137,-5.0137
0.94949,-0.060606,5.0376,-5.0376
0.94949,-0.020202,5.0496,-5.0496
0.94949,0.020202,5.0496,-5.0496
0.94949,0.060606,5.0376,-5.0376
0.94949,0.10101,5.0137,-5.0137
0.94949,0.14141,4.9781,-4.9781
0.94949,0.18182,4.9308,-4.9308
0.94949,0.22222,4.8721,-4.8721
0.94949,0.26263,4.8023,-4.8023
0.94949,0.30303,4.7218,-4.7218
0.94949,0.34343,4.6311,-4.6311
0.94949,0.38384,4.5306,-4.5306
0.94949,0.42424,4.421,-4.421
0.94949,0.46465,4.303,-4.303
0.94949,0.50505,4.1773,-4.1773
0.94949,0.54545,4.045,-4.045
0.94949,0.58586,3.9071,-3.9071
0.94949,0.62626,3.7648,-3.7648
0.94949,0.66667,3.6197,-3.6197
0.94949,0.70707,3.4733,-3.4733
0.94949,0.74747,3.3277,-3.3277
0.94949,0.78788,3.185,-3.185
0.94949,0.82828,3.0479,-3.0479
0.94949,0.86869,2.9194,-2.9194
0.94949,0.90909,2.8027,-2.8027
0.94949,0.94949,2.7013,-2.7013
0.94949,0.9899,2.6192,-2.6192
0.94949,1.0303,2.5597,-2.5597
0.94949,1.0707,2.5261,-2.5261
0.94949,1.1111,2.5207,-2.5207
0.94949,1.1515,2.5447,-2.5447
0.94949,1.1919,2.598,-2.598
0.94949,1.2323,2.6794,-2.6794
0.94949,1.2727,2.7863,-2.7863
0.94949,1.3131,2.916,-2.916
0.94949,1.3535,3.0652,-3.0652
0.94949,1.3939,3.2306,-3.2306
0.94949,1.4343,3.409,-3.409
0.94949,1.4747,3.5976,-3.5976
0.94949,1.5152,3.7938,-3.7938
0.94949,1.5556,3.9953,-3.9953
0.94949,1.596,4.2,-4.2
0.94949,1.6364,4.4063,-4.4063
0.94949,1.6768,4.6123,-4.6123
0.94949,1.7172,4.8168,-4.8168
0.94949,1.7576,5.0185,-5.0185
0.94949,1.798,5.2163,-5.2163
0.94949,1.8384,5.409,-5.409
0.94949,1.8788,5.5958,-5.5958
0.94949,1.9192,5.7758,-5.7758
0.94949,1.9596,5.9482,-5.9482
0.94949,2,6.1124,-6.1124
0.9899,-2,6.2614,-6.2614
0.9899,-1.9596,6.0949,-6.0949
0.9899,-1.9192,5.9199,-5.9199
0.9899,-1.8788,5.737,-5.737
0.9899,-1.8384,5.5469,-5.5469
0.9899,-1.798,5.3505,-5.3505
0.9899,-1.7576,5.1486,-5.1486
0.9899,-1.7172,4.9421,-4.9421
0.9899,-1.6768,4.7322,-4.7322
0.9899,-1.6364,4.5199,-4.5199
0.9899,-1.596,4.3067,-4.3067
0.9899,-1.5556,4.0938,-4.0938
0.9899,-1.5152,3.883,-3.883
0.9899,-1.4747,3.6761,-3.6761
0.9899,-1.4343,3.4752,-3.4752
0.9899,-1.3939,3.2827,-3.2827
0.9899,-1.3535,3.1012,-3.1012
0.9899,-1.3131,2.9339,-2.9339
0.9899,-1.2727,2.7839,-2.7839
0.9899,-1.2323,2.6547,-2.6547
0.9899,-1.1919,2.5497,-2.5497
0.9899,-1.1515,2.4718,-2.4718
0.9899,-1.1111,2.4232,-2.4232
0.9899,-1.0707,2.4051,-2.4051
0.9899,-1.0303,2.417,-2.417
0.9899,-0.9899,2.4572,-2.4572
0.9899,-0.94949,2.523,-2.523
0.9899,-0.90909,2.6107,-2.6107
0.9899,-0.86869,2.7165,-2.7165
0.9899,-0.82828,2.8362,-2.8362
0.9899,-0.78788,2.9664,-2.9664
0.9899,-0.74747,3.1038,-3.1038
0.9899,-0.70707,3.2453,-3.2453
0.9899,-0.66667,3.3885,-3.3885
0.9899,-0.62626,3.5312,-3.5312
0.9899,-0.58586,3.6716,-3.6716
0.9899,-0.54545,3.8081,-3.8081
0.9899,-0.50505,3.9394,-3.9394
0.9899,-0.46465,4.0643,-4.0643
0.9899,-0.42424,4.1817,-4.1817
0.9899,-0.38384,4.2909,-4.2909
0.9899,-0.34343,4.391,-4.391
0.9899,-0.30303,4.4815,-4.4815
0.9899,-0.26263,4.5618,-4.5618
0.9899,-0.22222,4.6315,-4.6315
0.9899,-0.18182,4.6901,-4.6901
0.9899,-0.14141,4.7373,-4.7373
0.9899,-0.10101,4.773,-4.773
0.9899,-0.060606,4.7968,-4.7968
0.9899,-0.020202,4.8088,-4.8088
0.9899,0.020202,4.8088,-4.8088
0.9899,0.060606,4.7968,-4.7968
0.9899,0.10101,4.773,-4.773
0.9899,0.14141,4.7373,-4.7373
0.9899,0.18182,4.6901,-4.6901
0.9899,0.22222,4.6315,-4.6315
0.9899,0.26263,4.5618,-4.5618
0.9899,0.30303,4.4815,-4.4815
0.9899,0.34343,4.391,-4.391
0.9899,0.38384,4.2909,-4.2909
0.9899,0.42424,4.1817,-4.1817
0.9899,0.46465,4.0643,-4.0643
0.9899,0.50505,3.9394,-3.9394
0.9899,0.54545,3.8081,-3.8081
0.9899,0.58586,3.6716,-3.6716
0.9899,0.62626,3.5312,-3.5312
0.9899,0.66667,3.3885,-3.3885
0.9899,0.70707,3.2453,-3.2453
0.9899,0.74747,3.1038,-3.1038
0.9899,0.78788,2.9664,-2.9664
0.9899,0.82828,2.8362,-2.8362
0.9899,0.86869,2.7165,-2.7165
0.9899,0.90909,2.6107,-2.6107
0.9899,0.94949,2.523,-2.523
0.9899,0.9899,2.4572,-2.4572
0.9899,1.0303,2.417,-2.417
0.9899,1.0707,2.4051,-2.4051
0.9899,1.1111,2.4232,-2.4232
0.9899,1.1515,2.4718,-2.4718
0.9899,1.1919,2.5497,-2.5497
0.9899,1.2323,2.6547,-2.6547
0.9899,1.2727,2.7839,-2.7839
0.9899,1.3131,2.9339,-2.9339
0.9899,1.3535,3.1012,-3.1012
0.9899,1.3939,3.2827,-3.2827
0.9899,1.4343,3.4752,-3.4752
0.9899,1.4747,3.6761,-3.6761
0.9899,1.5152,3.883,-3.883
0.9899,1.5556,4.0938,-4.0938
0.9899,1.596,4.3067,-4.3067
0.9899,1.6364,4.5199,-4.5199
0.9899,1.6768,4.7322,-4.7322
0.9899,1.7172,4.9421,-4.9421
0.9899,1.7576,5.1486,-5.1486
0.9899,1.798,5.3505,-5.3505
0.9899,1.8384,5.5469,-5.5469
0.9899,1.8788,5.737,-5.737
0.9899,1.9192,5.9199,-5.9199
0.9899,1.9596,6.0949,-6.0949
0.9899,2,6.2614,-6.2614
1.0303,-2,6.3997,-6.3997
1.0303,-1.9596,6.2311,-6.2311
1.0303,-1.9192,6.0536,-6.0536
1.0303,-1.8788,5.868,-5.868
1.0303,-1.8384,5.6749,-5.6749
1.0303,-1.798,5.475,-5.475
1.0303,-1.7576,5.2692,-5.2692
1.0303,-1.7172,5.0583,-5.0583
1.0303,-1.6768,4.8433,-4.8433
1.0303,-1.6364,4.6253,-4.6253
1.0303,-1.596,4.4055,-4.4055
1.0303,-1.5556,4.1852,-4.1852
1.0303,-1.5152,3.9658,-3.9658
1.0303,-1.4747,3.7491,-3.7491
1.0303,-1.4343,3.5369,-3.5369
1.0303,-1.3939,3.3314,-3.3314
1.0303,-1.3535,3.1351,-3.1351
1.0303,-1.3131,2.9508,-2.9508
1.0303,-1.2727,2.7816,-2.7816
1.0303,-1.2323,2.6311,-2.6311
1.0303,-1.1919,2.5029,-2.5029
1.0303,-1.1515,2.4004,-2.4004
1.0303,-1.1111,2.3268,-2.3268
1.0303,-1.0707,2.2841,-2.2841
1.0303,-1.0303,2.2731,-2.2731
1.0303,-0.9899,2.2929,-2.2929
1.0303,-0.94949,2.3411,-2.3411
1.0303,-0.90909,2.4143,-2.4143
1.0303,-0.86869,2.5085,-2.5085
1.0303,-0.82828,2.6194,-2.6194
1.0303,-0.78788,2.7427,-2.7427
1.0303,-0.74747,2.875,-2.875
1.0303,-0.70707,3.0127,-3.0127
1.0303,-0.66667,3.1532,-3.1532
1.0303,-0.62626,3.294,-3.294
1.0303,-0.58586,3.433,-3.433
1.0303,-0.54545,3.5686,-3.5686
1.0303,-0.50505,3.6992,-3.6992
1.0303,-0.46465,3.8237,-3.8237
1.0303,-0.42424,3.9409,-3.9409
1.0303,-0.38384,4.05,-4.05
1.0303,-0.34343,4.1501,-4.1501
1.0303,-0.30303,4.2407,-4.2407
1.0303,-0.26263,4.321,-4.321
1.0303,-0.22222,4.3907,-4.3907
1.0303,-0.18182,4.4494,-4.4494
1.0303,-0.14141,4.4967,-4.4967
1.0303,-0.10101,4.5324,-4.5324
1.0303,-0.060606,4.5563,-4.5563
1.0303,-0.020202,4.5683,-4.5683
1.0303,0.020202,4.5683,-4.5683
1.0303,0.060606,4.5563,-4.5563
1.0303,0.10101,4.5324,-4.5324
1.0303,0.14141,4.4967,-4.4967
1.0303,0.18182,4.4494,-4.4494
1.0303,0.22222,4.3907,-4.3907
1.0303,0.26263,4.321,-4.321
1.0303,0.30303,4.2407,-4.2407
1.0303,0.34343,4.1501,-4.1501
1.0303,0.38384,4.05,-4.05
1.0303,0.42424,3.9409,-3.9409
1.0303,0.46465,3.8237,-3.8237
1.0303,0.50505,3.6992,-3.6992
1.0303,0.54545,3.5686,-3.5686
1.0303,0.58586,3.433,-3.433
1.0303,0.62626,3.294,-3.294
1.0303,0.66667,3.1532,-3.1532
1.0303,0.70707,3.0127,-3.0127
1.0303,0.74747,2.875,-2.875
1.0303,0.78788,2.7427,-2.7427
1.0303,0.82828,2.6194,-2.6194
1.0303,0.86869,2.5085,-2.5085
1.0303,0.90909,2.4143,-2.4143
1.0303,0.94949,2.3411,-2.3411
1.0303,0.9899,2.2929,-2.2929
1.0303,1.0303,2.2731,-2.2731
1.0303,1.0707,2.2841,-2.2841
1.0303,1.1111,2.3268,-2.3268
1.0303,1.1515,2.4004,-2.4004
1.0303,1.1919,2.5029,-2.5029
1.0303,1.2323,2.6311,-2.6311
1.0303,1.2727,2.7816,-2.7816
1.0303,1.3131,2.9508,-2.9508
1.0303,1.3535,3.1351,-3.1351
1.0303,1.3939,3.3314,-3.3314
1.0303,1.4343,3.5369,-3.5369
1.0303,1.4747,3.7491,-3.7491
1.0303,1.5152,3.9658,-3.9658
1.0303,1.5556,4.1852,-4.1852
1.0303,1.596,4.4055,-4.4055
1.0303,1.6364,4.6253,-4.6253
1.0303,1.6768,4.8433,-4.8433
1.0303,1.7172,5.0583,-5.0583
1.0303,1.7576,5.2692,-5.2692
1.0303,1.798,5.475,-5.475
1.0303,1.8384,5.6749,-5.6749
1.0303,1.8788,5.868,-5.868
1.0303,1.9192,6.0536,-6.0536
1.0303,1.9596,6.2311,-6.2311
1.0303,2,6.3997,-6.3997
1.0707,-2,6.527,-6.527
1.0707,-1.9596,6.3564,-6.3564
1.0707,-1.9192,6.1767,-6.1767
1.0707,-1.8788,5.9885,-5.9885
1.0707,-1.8384,5.7926,-5.7926
1.0707,-1.798,5.5895,-5.5895
1.0707,-1.7576,5.38,-5.38
1.0707,-1.7172,5.1651,-5.1651
1.0707,-1.6768,4.9455,-4.9455
1.0707,-1.6364,4.7223,-4.7223
1.0707,-1.596,4.4965,-4.4965
1.0707,-1.5556,4.2693,-4.2693
1.0707,-1.5152,4.0422,-4.0422
1.0707,-1.4747,3.8165,-3.8165
1.0707,-1.4343,3.594,-3.594
1.0707,-1.3939,3.3766,-3.3766
1.0707,-1.3535,3.1666,-3.1666
1.0707,-1.3131,2.9666,-2.9666
1.0707,-1.2727,2.7795,-2.7795
1.0707,-1.2323,2.6087,-2.6087
1.0707,-1.1919,2.4581,-2.4581
1.0707,-1.1515,2.3314,-2.3314
1.0707,-1.1111,2.2324,-2.2324
1.0707,-1.0707,2.1643,-2.1643
1.0707,-1.0303,2.129,-2.129
1.0707,-0.9899,2.1268,-2.1268
1.0707,-0.94949,2.1561,-2.1561
1.0707,-0.90909,2.2139,-2.2139
1.0707,-0.86869,2.296,-2.296
1.0707,-0.82828,2.3977,-2.3977
1.0707,-0.78788,2.5144,-2.5144
1.0707,-0.74747,2.6419,-2.6419
1.0707,-0.70707,2.7764,-2.7764
1.0707,-0.66667,2.9148,-2.9148
1.0707,-0.62626,3.0542,-3.0542
1.0707,-0.58586,3.1925,-3.1925
1.0707,-0.54545,3.3278,-3.3278
1.0707,-0.50505,3.4584,-3.4584
1.0707,-0.46465,3.5829,-3.5829
1.0707,-0.42424,3.7004,-3.7004
1.0707,-0.38384,3.8098,-3.8098
1.0707,-0.34343,3.9102,-3.9102
1.0707,-0.30303,4.0011,-4.0011
1.0707,-0.26263,4.0818,-4.0818
1.0707,-0.22222,4.1518,-4.1518
1.0707,-0.18182,4.2107,-4.2107
1.0707,-0.14141,4.2582,-4.2582
1.0707,-0.10101,4.2941,-4.2941
1.0707,-0.060606,4.3181,-4.3181
1.0707,-0.020202,4.3301,-4.3301
1.0707,0.020202,4.3301,-4.3301
1.0707,0.060606,4.3181,-4.3181
1.0707,0.10101,4.2941,-4.2941
1.0707,0.14141,4.2582,-4.2582
1.0707,0.18182,4.2107,-4.2107
1.0707,0.22222,4.1518,-4.1518
1.0707,0.26263,4.0818,-4.0818
1.0707,0.30303,4.0011,-4.0011
1.0707,0.34343,3.9102,-3.9102
1.0707,0.38384,3.8098,-3.8098
1.0707,0.42424,3.7004,-3.7004
1.0707,0.46465,3.5829,-3.5829
1.0707,0.50505,3.4584,-3.4584
1.0707,0.54545,3.3278,-3.3278
1.0707,0.58586,3.1925,-3.1925
1.0707,0.62626,3.0542,-3.0542
1.0707,0.66667,2.9148,-2.9148
1.0707,0.70707,2.7764,-2.7764
1.0707,0.74747,2.6419,-2.6419
1.0707,0.78788,2.5144,-2.5144
1.0707,0.82828,2.3977,-2.3977
1.0707,0.86869,2.296,-2.296
1.0707,0.90909,2.2139,-2.2139
1.0707,0.94949,2.1561,-2.1561
1.0707,0.9899,2.1268,-2.1268
1.0707,1.0303,2.129,-2.129
1.0707,1.0707,2.1643,-2.1643
1.0707,1.1111,2.2324,-2.2324
1.0707,1.1515,2.3314,-2.3314
1.0707,1.1919,2.4581,-2.4581
1.0707,1.2323,2.6087,-2.6087
1.0707,1.2727,2.7795,-2.7795
1.0707,1.3131,2.9666,-2.9666
1.0707,1.3535,3.1666,-3.1666
1.0707,1.3939,3.3766,-3.3766
1.0707,1.4343,3.594,-3.594
1.0707,1.4747,3.8165,-3.8165
1.0707,1.5152,4.0422,-4.0422
1.0707,1.5556,4.2693,-4.2693
1.0707,1.596,4.4965,-4.4965
1.0707,1.6364,4.7223,-4.7223
1.0707,1.6768,4.9455,-4.9455
1.0707,1.7172,5.1651,-5.1651
1.0707,1.7576,5.38,-5.38
1.0707,1.798,5.5895,-5.5895
1.0707,1.8384,5.7926,-5.7926
1.0707,1.8788,5.9885,-5.9885
1.0707,1.9192,6.1767,-6.1767
1.0707,1.9596,6.3564,-6.3564
1.0707,2,6.527,-6.527
1.1111,-2,6.643,-6.643
1.1111,-1.9596,6.4706,-6.4706
1.1111,-1.9192,6.2888,-6.2888
1.1111,-1.8788,6.0983,-6.0983
1.1111,-1.8384,5.8997,-5.8997
1.1111,-1.798,5.6937,-5.6937
1.1111,-1.7576,5.481,-5.481
1.1111,-1.7172,5.2623,-5.2623
1.1111,-1.6768,5.0385,-5.0385
1.1111,-1.6364,4.8105,-4.8105
1.1111,-1.596,4.5793,-4.5793
1.1111,-1.5556,4.346,-4.346
1.1111,-1.5152,4.1118,-4.1118
1.1111,-1.4747,3.878,-3.878
1.1111,-1.4343,3.6462,-3.6462
1.1111,-1.3939,3.418,-3.418
1.1111,-1.3535,3.1955,-3.1955
1.1111,-1.3131,2.9811,-2.9811
1.1111,-1.2727,2.7775,-2.7775
1.1111,-1.2323,2.5878,-2.5878
1.1111,-1.1919,2.4157,-2.4157
1.1111,-1.1515,2.2654,-2.2654
1.1111,-1.1111,2.1411,-2.1411
1.1111,-1.0707,2.0468,-2.0468
1.1111,-1.0303,1.9859,-1.9859
1.1111,-0.9899,1.96,-1.96
1.1111,-0.94949,1.9689,-1.9689
1.1111,-0.90909,2.01,-2.01
1.1111,-0.86869,2.0792,-2.0792
1.1111,-0.82828,2.1716,-2.1716
1.1111,-0.78788,2.282,-2.282
1.1111,-0.74747,2.4053,-2.4053
1.1111,-0.70707,2.5374,-2.5374
1.1111,-0.66667,2.6744,-2.6744
1.1111,-0.62626,2.8134,-2.8134
1.1111,-0.58586,2.9517,-2.9517
1.1111,-0.54545,3.0874,-3.0874
1.1111,-0.50505,3.2185,-3.2185
1.1111,-0.46465,3.3439,-3.3439
1.1111,-0.42424,3.4621,-3.4621
1.1111,-0.38384,3.5722,-3.5722
1.1111,-0.34343,3.6734,-3.6734
1.1111,-0.30303,3.765,-3.765
1.1111,-0.26263,3.8463,-3.8463
1.1111,-0.22222,3.9168,-3.9168
1.1111,-0.18182,3.9762,-3.9762
1.1111,-0.14141,4.0241,-4.0241
1.1111,-0.10101,4.0602,-4.0602
1.1111,-0.060606,4.0844,-4.0844
1.1111,-0.020202,4.0965,-4.0965
1.1111,0.020202,4.0965,-4.0965
1.1111,0.060606,4.0844,-4.0844
1.1111,0.10101,4.0602,-4.0602
1.1111,0.14141,4.0241,-4.0241
1.1111,0.18182,3.9762,-3.9762
1.1111,0.22222,3.9168,-3.9168
1.1111,0.26263,3.8463,-3.8463
1.1111,0.30303,3.765,-3.765
1.1111,0.34343,3.6734,-3.6734
1.1111,0.38384,3.5722,-3.5722
1.1111,0.42424,3.4621,-3.4621
1.1111,0.46465,3.3439,-3.3439
1.1111,0.50505,3.2185,-3.2185
1.1111,0.54545,3.0874,-3.0874
1.1111,0.58586,2.9517,-2.9517
1.1111,0.62626,2.8134,-2.8134
1.1111,0.66667,2.6744,-2.6744
1.1111,0.70707,2.5374,-2.5374
1.1111,0.74747,2.4053,-2.4053
1.1111,0.78788,2.282,-2.282
1.1111,0.82828,2.1716,-2.1716
1.1111,0.86869,2.0792,-2.0792
1.1111,0.90909,2.01,-2.01
1.1111,0.94949,1.9689,-1.9689
1.1111,0.9899,1.96,-1.96
1.1111,1.0303,1.9859,-1.9859
1.1111,1.0707,2.0468,-2.0468
1.1111,1.1111,2.1411,-2.1411
1.1111,1.1515,2.2654,-2.2654
1.1111,1.1919,2.4157,-2.4157
1.1111,1.2323,2.5878,-2.5878
1.1111,1.2727,2.7775,-2.7775
1.1111,1.3131,2.9811,-2.9811
1.1111,1.3535,3.1955,-3.1955
1.1111,1.3939,3.418,-3.418
1.1111,1.4343,3.6462,-3.6462
1.1111,1.4747,3.878,-3.878
1.1111,1.5152,4.1118,-4.1118
1.1111,1.5556,4.346,-4.346
1.1111,1.596,4.5793,-4.5793
1.1111,1.6364,4.8105,-4.8105
1.1111,1.6768,5.0385,-5.0385
1.1111,1.7172,5.2623,-5.2623
1.1111,1.7576,5.481,-5.481
1.1111,1.798,5.6937,-5.6937
1.1111,1.8384,5.8997,-5.8997
1.1111,1.8788,6.0983,-6.0983
1.1111,1.9192,6.2888,-6.2888
1.1111,1.9596,6.4706,-6.4706
1.1111,2,6.643,-6.643
1.1515,-2,6.7476,-6.7476
1.1515,-1.9596,6.5734,-6.5734
1.1515,-1.9192,6.3898,-6.3898
1.1515,-1.8788,6.1972,-6.1972
1.1515,-1.8384,5.9962,-5.9962
1.1515,-1.798,5.7875,-5.7875
1.1515,-1.7576,5.5718,-5.5718
1.1515,-1.7172,5.3498,-5.3498
1.1515,-1.6768,5.1222,-5.1222
1.1515,-1.6364,4.8899,-4.8899
1.1515,-1.596,4.6539,-4.6539
1.1515,-1.5556,4.4151,-4.4151
1.1515,-1.5152,4.1745,-4.1745
1.1515,-1.4747,3.9335,-3.9335
1.1515,-1.4343,3.6933,-3.6933
1.1515,-1.3939,3.4555,-3.4555
1.1515,-1.3535,3.2218,-3.2218
1.1515,-1.3131,2.9944,-2.9944
1.1515,-1.2727,2.7756,-2.7756
1.1515,-1.2323,2.5684,-2.5684
1.1515,-1.1919,2.3763,-2.3763
1.1515,-1.1515,2.2032,-2.2032
1.1515,-1.1111,2.0538,-2.0538
1.1515,-1.0707,1.9329,-1.9329
1.1515,-1.0303,1.8451,-1.8451
1.1515,-0.9899,1.7938,-1.7938
1.1515,-0.94949,1.7802,-1.7802
1.1515,-0.90909,1.8031,-1.8031
1.1515,-0.86869,1.8587,-1.8587
1.1515,-0.82828,1.9417,-1.9417
1.1515,-0.78788,2.0461,-2.0461
1.1515,-0.74747,2.1661,-2.1661
1.1515,-0.70707,2.2967,-2.2967
1.1515,-0.66667,2.4335,-2.4335
1.1515,-0.62626,2.5731,-2.5731
1.1515,-0.58586,2.7125,-2.7125
1.1515,-0.54545,2.8494,-2.8494
1.1515,-0.50505,2.9821,-2.9821
1.1515,-0.46465,3.1088,-3.1088
1.1515,-0.42424,3.2284,-3.2284
1.1515,-0.38384,3.3399,-3.3399
1.1515,-0.34343,3.4423,-3.4423
1.1515,-0.30303,3.5349,-3.5349
1.1515,-0.26263,3.6172,-3.6172
1.1515,-0.22222,3.6885,-3.6885
1.1515,-0.18182,3.7486,-3.7486
1.1515,-0.14141,3.797,-3.797
1.1515,-0.10101,3.8336,-3.8336
1.1515,-0.060606,3.858,-3.858
1.1515,-0.020202,3.8703,-3.8703
1.1515,0.020202,3.8703,-3.8703
1.1515,0.060606,3.858,-3.858
1.1515,0.10101,3.8336,-3.8336
1.1515,0.14141,3.797,-3.797
1.1515,0.18182,3.7486,-3.7486
1.1515,0.22222,3.6885,-3.6885
1.1515,0.26263,3.6172,-3.6172
1.1515,0.30303,3.5349,-3.5349
1.1515,0.34343,3.4423,-3.4423
1.1515,0.38384,3.3399,-3.3399
1.1515,0.42424,3.2284,-3.2284
1.1515,0.46465,3.1088,-3.1088
1.1515,0.50505,2.9821,-2.9821
1.1515,0.54545,2.8494,-2.8494
1.1515,0.58586,2.7125,-2.7125
1.1515,0.62626,2.5731,-2.5731
1.1515,0.66667,2.4335,-2.4335
1.1515,0.70707,2.2967,-2.2967
1.1515,0.74747,2.1661,-2.1661
1.1515,0.78788,2.0461,-2.0461
1.1515,0.82828,1.9417,-1.9417
1.1515,0.86869,1.8587,-1.8587
1.1515,0.90909,1.8031,-1.8031
1.1515,0.94949,1.7802,-1.7802
1.1515,0.9899,1.7938,-1.7938
1.1515,1.0303,1.8451,-1.8451
1.1515,1.0707,1.9329,-1.9329
1.1515,1.1111,2.0538,-2.0538
1.1515,1.1515,2.2032,-2.2032
1.1515,1.1919,2.3763,-2.3763
1.1515,1.2323,2.5684,-2.5684
1.1515,1.2727,2.7756,-2.7756
1.1515,1.3131,2.9944,-2.9944
1.1515,1.3535,3.2218,-3.2218
1.1515,1.3939,3.4555,-3.4555
1.1515,1.4343,3.6933,-3.6933
1.1515,1.4747,3.9335,-3.9335
1.1515,1.5152,4.1745,-4.1745
1.1515,1.5556,4.4151,-4.4151
1.1515,1.596,4.6539,-4.6539
1.1515,1.6364,4.8899,-4.8899
1.1515,1.6768,5.1222,-5.1222
1.1515,1.7172,5.3498,-5.3498
1.1515,1.7576,5.5718,-5.5718
1.1515,1.798,5.7875,-5.7875
1.1515,1.8384,5.9962,-5.9962
1.1515,1.8788,6.1972,-6.1972
1.1515,1.9192,6.3898,-6.3898
1.1515,1.9596,6.5734,-6.5734
1.1515,2,6.7476,-6.7476
1.1919,-2,6.8403,-6.8403
1.1919,-1.9596,6.6647,-6.6647
1.1919,-1.9192,6.4794,-6.4794
1.1919,-1.8788,6.2849,-6.2849
1.1919,-1.8384,6.0818,-6.0818
1.1919,-1.798,5.8708,-5.8708
1.1919,-1.7576,5.6524,-5.6524
1.1919,-1.7172,5.4274,-5.4274
1.1919,-1.6768,5.1964,-5.1964
1.1919,-1.6364,4.9604,-4.9604
1.1919,-1.596,4.7201,-4.7201
1.1919,-1.5556,4.4764,-4.4764
1.1919,-1.5152,4.2302,-4.2302
1.1919,-1.4747,3.9828,-3.9828
1.1919,-1.4343,3.7353,-3.7353
1.1919,-1.3939,3.4889,-3.4889
1.1919,-1.3535,3.2453,-3.2453
1.1919,-1.3131,3.0063,-3.0063
1.1919,-1.2727,2.774,-2.774
1.1919,-1.2323,2.5509,-2.5509
1.1919,-1.1919,2.3402,-2.3402
1.1919,-1.1515,2.1457,-2.1457
1.1919,-1.1111,1.9719,-1.9719
1.1919,-1.0707,1.8243,-1.8243
1.1919,-1.0303,1.7084,-1.7084
1.1919,-0.9899,1.6296,-1.6296
1.1919,-0.94949,1.5912,-1.5912
1.1919,-0.90909,1.594,-1.594
1.1919,-0.86869,1.6348,-1.6348
1.1919,-0.82828,1.7083,-1.7083
1.1919,-0.78788,1.8075,-1.8075
1.1919,-0.74747,1.9254,-1.9254
1.1919,-0.70707,2.056,-2.056
1.1919,-0.66667,2.1941,-2.1941
1.1919,-0.62626,2.3356,-2.3356
1.1919,-0.58586,2.4774,-2.4774
1.1919,-0.54545,2.6167,-2.6167
1.1919,-0.50505,2.7517,-2.7517
1.1919,-0.46465,2.8808,-2.8808
1.1919,-0.42424,3.0025,-3.0025
1.1919,-0.38384,3.1159,-3.1159
1.1919,-0.34343,3.22,-3.22
1.1919,-0.30303,3.3141,-3.3141
1.1919,-0.26263,3.3976,-3.3976
1.1919,-0.22222,3.4701,-3.4701
1.1919,-0.18182,3.5311,-3.5311
1.1919,-0.14141,3.5802,-3.5802
1.1919,-0.10101,3.6173,-3.6173
1.1919,-0.060606,3.6421,-3.6421
1.1919,-0.020202,3.6546,-3.6546
1.1919,0.020202,3.6546,-3.6546
1.1919,0.060606,3.6421,-3.6421
1.1919,0.10101,3.6173,-3.6173
1.1919,0.14141,3.5802,-3.5802
1.1919,0.18182,3.5311,-3.5311
1.1919,0.22222,3.4701,-3.4701
1.1919,0.26263,3.3976,-3.3976
1.1919,0.30303,3.3141,-3.3141
1.1919,0.34343,3.22,-3.22
1.1919,0.38384,3.1159,-3.1159
1.1919,0.42424,3.0025,-3.0025
1.1919,0.46465,2.8808,-2.8808
1.1919,0.50505,2.7517,-2.7517
1.1919,0.54545,2.6167,-2.6167
1.1919,0.58586,2.4774,-2.4774
1.1919,0.62626,2.3356,-2.3356
1.1919,0.66667,2.1941,-2.1941
1.1919,0.70707,2.056,-2.056
1.1919,0.74747,1.9254,-1.9254
1.1919,0.78788,1.8075,-1.8075
1.1919,0.82828,1.7083,-1.7083
1.1919,0.86869,1.6348,-1.6348
1.1919,0.90909,1.594,-1.594
1.1919,0.94949,1.5912,-1.5912
1.1919,0.9899,1.6296,-1.6296
1.1919,1.0303,1.7084,-1.7084
1.1919,1.0707,1.8243,-1.8243
1.1919,1.1111,1.9719,-1.9719
1.1919,1.1515,2.1457,-2.1457
1.1919,1.1919,2.3402,-2.3402
1.1919,1.2323,2.5509,-2.5509
1.1919,1.2727,2.774,-2.774
1.1919,1.3131,3.0063,-3.0063
1.1919,1.3535,3.2453,-3.2453
1.1919,1.3939,3.4889,-3.4889
1.1919,1.4343,3.7353,-3.7353
1.1919,1.4747,3.9828,-3.9828
1.1919,1.5152,4.2302,-4.2302
1.1919,1.5556,4.4764,-4.4764
1.1919,1.596,4.7201,-4.7201
1.1919,1.6364,4.9604,-4.9604
1.1919,1.6768,5.1964,-5.1964
1.1919,1.7172,5.4274,-5.4274
1.1919,1.7576,5.6524,-5.6524
1.1919,1.798,5.8708,-5.8708
1.1919,1.8384,6.0818,-6.0818
1.1919,1.8788,6.2849,-6.2849
1.1919,1.9192,6.4794,-6.4794
1.1919,1.9596,6.6647,-6.6647
1.1919,2,6.8403,-6.8403
1.2323,-2,6.9211,-6.9211
1.2323,-1.9596,6.7442,-6.7442
1.2323,-1.9192,6.5574,-6.5574
1.2323,-1.8788,6.3612,-6.3612
1.2323,-1.8384,6.1563,-6.1563
1.2323,-1.798,5.9432,-5.9432
1.2323,-1.7576,5.7225,-5.7225
1.2323,-1.7172,5.4949,-5.4949
1.2323,-1.6768,5.2611,-5.2611
1.2323,-1.6364,5.0217,-5.0217
1.2323,-1.596,4.7777,-4.7777
1.2323,-1.5556,4.5297,-4.5297
1.2323,-1.5152,4.2788,-4.2788
1.2323,-1.4747,4.0258,-4.0258
1.2323,-1.4343,3.7719,-3.7719
1.2323,-1.3939,3.5181,-3.5181
1.2323,-1.3535,3.2659,-3.2659
1.2323,-1.3131,3.0168,-3.0168
1.2323,-1.2727,2.7725,-2.7725
1.2323,-1.2323,2.5353,-2.5353
1.2323,-1.1919,2.3079,-2.3079
1.2323,-1.1515,2.0936,-2.0936
1.2323,-1.1111,1.8968,-1.8968
1.2323,-1.0707,1.7228,-1.7228
1.2323,-1.0303,1.578,-1.578
1.2323,-0.9899,1.4696,-1.4696
1.2323,-0.94949,1.4036,-1.4036
1.2323,-0.90909,1.3834,-1.3834
1.2323,-0.86869,1.4081,-1.4081
1.2323,-0.82828,1.472,-1.472
1.2323,-0.78788,1.5671,-1.5671
1.2323,-0.74747,1.6848,-1.6848
1.2323,-0.70707,1.8174,-1.8174
1.2323,-0.66667,1.9587,-1.9587
1.2323,-0.62626,2.104,-2.104
1.2323,-0.58586,2.2496,-2.2496
1.2323,-0.54545,2.3927,-2.3927
1.2323,-0.50505,2.5312,-2.5312
1.2323,-0.46465,2.6634,-2.6634
1.2323,-0.42424,2.788,-2.788
1.2323,-0.38384,2.9039,-2.9039
1.2323,-0.34343,3.0102,-3.0102
1.2323,-0.30303,3.1063,-3.1063
1.2323,-0.26263,3.1915,-3.1915
1.2323,-0.22222,3.2653,-3.2653
1.2323,-0.18182,3.3274,-3.3274
1.2323,-0.14141,3.3774,-3.3774
1.2323,-0.10101,3.4152,-3.4152
1.2323,-0.060606,3.4404,-3.4404
1.2323,-0.020202,3.4531,-3.4531
1.2323,0.020202,3.4531,-3.4531
1.2323,0.060606,3.4404,-3.4404
1.2323,0.10101,3.4152,-3.4152
1.2323,0.14141,3.3774,-3.3774
1.2323,0.18182,3.3274,-3.3274
1.2323,0.22222,3.2653,-3.2653
1.2323,0.26263,3.1915,-3.1915
1.2323,0.30303,3.1063,-3.1063
1.2323,0.34343,3.0102,-3.0102
1.2323,0.38384,2.9039,-2.9039
1.2323,0.42424,2.788,-2.788
1.2323,0.46465,2.6634,-2.6634
1.2323,0.50505,2.5312,-2.5312
1.2323,0.54545,2.3927,-2.3927
1.2323,0.58586,2.2496,-2.2496
1.2323,0.62626,2.104,-2.104
1.2323,0.66667,1.9587,-1.9587
1.2323,0.70707,1.8174,-1.8174
1.2323,0.74747,1.6848,-1.6848
1.2323,0.78788,1.5671,-1.5671
1.2323,0.82828,1.472,-1.472
1.2323,0.86869,1.4081,-1.4081
1.2323,0.90909,1.3834,-1.3834
1.2323,0.94949,1.4036,-1.4036
1.2323,0.9899,1.4696,-1.4696
1.2323,1.0303,1.578,-1.578
1.2323,1.0707,1.7228,-1.7228
1.2323,1.1111,1.8968,-1.8968
1.2323,1.1515,2.0936,-2.0936
1.2323,1.1919,2.3079,-2.3079
1.2323,1.2323,2.5353,-2.5353
1.2323,1.2727,2.7725,-2.7725
1.2323,1.3131,3.0168,-3.0168
1.2323,1.3535,3.2659,-3.2659
1.2323,1.3939,3.5181,-3.5181
1.2323,1.4343,3.7719,-3.7719
1.2323,1.4747,4.0258,-4.0258
1.2323,1.5152,4.2788,-4.2788
1.2323,1.5556,4.5297,-4.5297
1.2323,1.596,4.7777,-4.7777
1.2323,1.6364,5.0217,-5.0217
1.2323,1.6768,5.2611,-5.2611
1.2323,1.7172,5.4949,-5.4949
1.2323,1.7576,5.7225,-5.7225
1.2323,1.798,5.9432,-5.9432
1.2323,1.8384,6.1563,-6.1563
1.2323,1.8788,6.3612,-6.3612
1.2323,1.9192,6.5574,-6.5574
1.2323,1.9596,6.7442,-6.7442
1.2323,2,6.9211,-6.9211
1.2727,-2,6.9898,-6.9898
1.2727,-1.9596,6.8117,-6.8117
1.2727,-1.9192,6.6237,-6.6237
1.2727,-1.8788,6.4261,-6.4261
1.2727,-1.8384,6.2196,-6.2196
1.2727,-1.798,6.0047,-6.0047
1.2727,-1.7576,5.7821,-5.7821
1.2727,-1.7172,5.5523,-5.5523
1.2727,-1.6768,5.316,-5.316
1.2727,-1.6364,5.0738,-5.0738
1.2727,-1.596,4.8266,-4.8266
1.2727,-1.5556,4.5751,-4.5751
1.2727,-1.5152,4.3201,-4.3201
1.2727,-1.4747,4.0624,-4.0624
1.2727,-1.4343,3.8031,-3.8031
1.2727,-1.3939,3.543,-3.543
1.2727,-1.3535,3.2835,-3.2835
1.2727,-1.3131,3.0258,-3.0258
1.2727,-1.2727,2.7713,-2.7713
1.2727,-1.2323,2.5219,-2.5219
1.2727,-1.1919,2.2798,-2.2798
1.2727,-1.1515,2.0478,-2.0478
1.2727,-1.1111,1.8297,-1.8297
1.2727,-1.0707,1.6305,-1.6305
1.2727,-1.0303,1.4567,-1.4567
1.2727,-0.9899,1.3167,-1.3167
1.2727,-0.94949,1.2195,-1.2195
1.2727,-0.90909,1.1728,-1.1728
1.2727,-0.86869,1.1789,-1.1789
1.2727,-0.82828,1.2334,-1.2334
1.2727,-0.78788,1.3263,-1.3263
1.2727,-0.74747,1.4464,-1.4464
1.2727,-0.70707,1.5839,-1.5839
1.2727,-0.66667,1.7311,-1.7311
1.2727,-0.62626,1.8824,-1.8824
1.2727,-0.58586,2.0336,-2.0336
1.2727,-0.54545,2.182,-2.182
1.2727,-0.50505,2.3251,-2.3251
1.2727,-0.46465,2.4614,-2.4614
1.2727,-0.42424,2.5896,-2.5896
1.2727,-0.38384,2.7086,-2.7086
1.2727,-0.34343,2.8176,-2.8176
1.2727,-0.30303,2.9159,-2.9159
1.2727,-0.26263,3.003,-3.003
1.2727,-0.22222,3.0785,-3.0785
1.2727,-0.18182,3.1419,-3.1419
1.2727,-0.14141,3.1929,-3.1929
1.2727,-0.10101,3.2314,-3.2314
1.2727,-0.060606,3.2571,-3.2571
1.2727,-0.020202,3.27,-3.27
1.2727,0.020202,3.27,-3.27
1.2727,0.060606,3.2571,-3.2571
1.2727,0.10101,3.2314,-3.2314
1.2727,0.14141,3.1929,-3.1929
1.2727,0.18182,3.1419,-3.1419
1.2727,0.22222,3.0785,-3.0785
1.2727,0.26263,3.003,-3.003
1.2727,0.30303,2.9159,-2.9159
1.2727,0.34343,2.8176,-2.8176
1.2727,0.38384,2.7086,-2.7086
1.2727,0.42424,2.5896,-2.5896
1.2727,0.46465,2.4614,-2.4614
1.2727,0.50505,2.3251,-2.3251
1.2727,0.54545,2.182,-2.182
1.2727,0.58586,2.0336,-2.0336
1.2727,0.62626,1.8824,-1.8824
1.2727,0.66667,1.7311,-1.7311
1.2727,0.70707,1.5839,-1.5839
1.2727,0.74747,1.4464,-1.4464
1.2727,0.78788,1.3263,-1.3263
1.2727,0.82828,1.2334,-1.2334
1.2727,0.86869,1.1789,-1.1789
1.2727,0.90909,1.1728,-1.1728
1.2727,0.94949,1.2195,-1.2195
1.2727,0.9899,1.3167,-1.3167
1.2727,1.0303,1.4567,-1.4567
1.2727,1.0707,1.6305,-1.6305
1.2727,1.1111,1.8297,-1.8297
1.2727,1.1515,2.0478,-2.0478
1.2727,1.1919,2.2798,-2.2798
1.2727,1.2323,2.5219,-2.5219
1.2727,1.2727,2.7713,-2.7713
1.2727,1.3131,3.0258,-3.0258
1.2727,1.3535,3.2835,-3.2835
1.2727,1.3939,3.543,-3.543
1.2727,1.4343,3.8031,-3.8031
1.2727,1.4747,4.0624,-4.0624
1.2727,1.5152,4.3201,-4.3201
1.2727,1.5556,4.5751,-4.5751
1.2727,1.596,4.8266,-4.8266
1.2727,1.6364,5.0738,-5.0738
1.2727,1.6768,5.316,-5.316
1.2727,1.7172,5.5523,-5.5523
1.2727,1.7576,5.7821,-5.7821
1.2727,1.798,6.0047,-6.0047
1.2727,1.8384,6.2196,-6.2196
1.2727,1.8788,6.4261,-6.4261
1.2727,1.9192,6.6237,-6.6237
1.2727,1.9596,6.8117,-6.8117
1.2727,2,6.9898,-6.9898
1.3131,-2,7.0462,-7.0462
1.3131,-1.9596,6.8672,-6.8672
1.3131,-1.9192,6.6781,-6.6781
1.3131,-1.8788,6.4794,-6.4794
1.3131,-1.8384,6.2716,-6.2716
1.3131,-1.798,6.0553,-6.0553
1.3131,-1.7576,5.831,-5.831
1.3131,-1.7172,5.5994,-5.5994
1.3131,-1.6768,5.361,-5.361
1.3131,-1.6364,5.1166,-5.1166
1.3131,-1.596,4.8668,-4.8668
1.3131,-1.5556,4.6123,-4.6123
1.3131,-1.5152,4.354,-4.354
1.3131,-1.4747,4.0925,-4.0925
1.3131,-1.4343,3.8287,-3.8287
1.3131,-1.3939,3.5636,-3.5636
1.3131,-1.3535,3.298,-3.298
1.3131,-1.3131,3.0332,-3.0332
1.3131,-1.2727,2.7702,-2.7702
1.3131,-1.2323,2.5107,-2.5107
1.3131,-1.1919,2.2562,-2.2562
1.3131,-1.1515,2.0091,-2.0091
1.3131,-1.1111,1.7723,-1.7723
1.3131,-1.0707,1.5499,-1.5499
1.3131,-1.0303,1.3479,-1.3479
1.3131,-0.9899,1.175,-1.175
1.3131,-0.94949,1.0426,-1.0426
1.3131,-0.90909,0.96393,-0.96393
1.3131,-0.86869,0.94797,-0.94797
1.3131,-0.82828,0.99306,-0.99306
1.3131,-0.78788,1.087,-1.087
1.3131,-0.74747,1.2139,-1.2139
1.3131,-0.70707,1.3604,-1.3604
1.3131,-0.66667,1.5168,-1.5168
1.3131,-0.62626,1.6767,-1.6767
1.3131,-0.58586,1.8356,-1.8356
1.3131,-0.54545,1.9905,-1.9905
1.3131,-0.50505,2.1393,-2.1393
1.3131,-0.46465,2.2805,-2.2805
1.3131,-0.42424,2.4128,-2.4128
1.3131,-0.38384,2.5353,-2.5353
1.3131,-0.34343,2.6473,-2.6473
1.3131,-0.30303,2.7482,-2.7482
1.3131,-0.26263,2.8374,-2.8374
1.3131,-0.22222,2.9146,-2.9146
1.3131,-0.18182,2.9794,-2.9794
1.3131,-0.14141,3.0315,-3.0315
1.3131,-0.10101,3.0708,-3.0708
1.3131,-0.060606,3.0971,-3.0971
1.3131,-0.020202,3.1102,-3.1102
1.3131,0.020202,3.1102,-3.1102
1.3131,0.060606,3.0971,-3.0971
1.3131,0.10101,3.0708,-3.0708
1.3131,0.14141,3.0315,-3.0315
1.3131,0.18182,2.9794,-2.9794
1.3131,0.22222,2.9146,-2.9146
1.3131,0.26263,2.8374,-2.8374
1.3131,0.30303,2.7482,-2.7482
1.3131,0.34343,2.6473,-2.6473
1.3131,0.38384,2.5353,-2.5353
1.3131,0.42424,2.4128,-2.4128
1.3131,0.46465,2.2805,-2.2805
1.3131,0.50505,2.1393,-2.1393
1.3131,0.54545,1.9905,-1.9905
1.3131,0.58586,1.8356,-1.8356
1.3131,0.62626,1.6767,-1.6767
1.3131,0.66667,1.5168,-1.5168
1.3131,0.70707,1.3604,-1.3604
1.3131,0.74747,1.2139,-1.2139
1.3131,0.78788,1.087,-1.087
1.3131,0.82828,0.99306,-0.99306
1.3131,0.86869,0.94797,-0.94797
1.3131,0.90909,0.96393,-0.96393
1.3131,0.94949,1.0426,-1.0426
1.3131,0.9899,1.175,-1.175
1.3131,1.0303,1.3479,-1.3479
1.3131,1.0707,1.5499,-1.5499
1.3131,1.1111,1.7723,-1.7723
1.3131,1.1515,2.0091,-2.0091
1.3131,1.1919,2.2562,-2.2562
1.3131,1.2323,2.5107,-2.5107
1.3131,1.2727,2.7702,-2.7702
1.3131,1.3131,3.0332,-3.0332
1.3131,1.3535,3.298,-3.298
1.3131,1.3939,3.5636,-3.5636
1.3131,1.4343,3.8287,-3.8287
1.3131,1.4747,4.0925,-4.0925
1.3131,1.5152,4.354,-4.354
1.3131,1.5556,4.6123,-4.6123
1.3131,1.596,4.8668,-4.8668
1.3131,1.6364,5.1166,-5.1166
1.3131,1.6768,5.361,-5.361
1.3131,1.7172,5.5994,-5.5994
1.3131,1.7576,5.831,-5.831
1.3131,1.798,6.0553,-6.0553
1.3131,1.8384,6.2716,-6.2716
1.3131,1.8788,6.4794,-6.4794
1.3131,1.9192,6.6781,-6.6781
1.3131,1.9596,6.8672,-6.8672
1.3131,2,7.0462,-7.0462
1.3535,-2,7.0902,-7.0902
1.3535,-1.9596,6.9105,-6.9105
1.3535,-1.9192,6.7205,-6.7205
1.3535,-1.8788,6.5209,-6.5209
1.3535,-1.8384,6.3121,-6.3121
1.3535,-1.798,6.0947,-6.0947
1.3535,-1.7576,5.8691,-5.8691
1.3535,-1.7172,5.6361,-5.6361
1.3535,-1.6768,5.3962,-5.3962
1.3535,-1.6364,5.1499,-5.1499
1.3535,-1.596,4.8981,-4.8981
1.3535,-1.5556,4.6414,-4.6414
1.3535,-1.5152,4.3804,-4.3804
1.3535,-1.4747,4.1159,-4.1159
1.3535,-1.4343,3.8487,-3.8487
1.3535,-1.3939,3.5796,-3.5796
1.3535,-1.3535,3.3094,-3.3094
1.3535,-1.3131,3.039,-3.039
1.3535,-1.2727,2.7694,-2.7694
1.3535,-1.2323,2.5018,-2.5018
1.3535,-1.1919,2.2375,-2.2375
1.3535,-1.1515,1.9781,-1.9781
1.3535,-1.1111,1.7257,-1.7257
1.3535,-1.0707,1.4835,-1.4835
1.3535,-1.0303,1.2559,-1.2559
1.3535,-0.9899,1.0503,-1.0503
1.3535,-0.94949,0.87898,-0.87898
1.3535,-0.90909,0.76061,-0.76061
1.3535,-0.86869,0.716,-0.716
1.3535,-0.82828,0.75218,-0.75218
1.3535,-0.78788,0.85306,-0.85306
1.3535,-0.74747,0.99375,-0.99375
1.3535,-0.70707,1.1548,-1.1548
1.3535,-0.66667,1.3244,-1.3244
1.3535,-0.62626,1.4953,-1.4953
1.3535,-0.58586,1.6634,-1.6634
1.3535,-0.54545,1.826,-1.826
1.3535,-0.50505,1.9811,-1.9811
1.3535,-0.46465,2.1276,-2.1276
1.3535,-0.42424,2.2643,-2.2643
1.3535,-0.38384,2.3904,-2.3904
1.3535,-0.34343,2.5055,-2.5055
1.3535,-0.30303,2.6089,-2.6089
1.3535,-0.26263,2.7002,-2.7002
1.3535,-0.22222,2.7791,-2.7791
1.3535,-0.18182,2.8452,-2.8452
1.3535,-0.14141,2.8984,-2.8984
1.3535,-0.10101,2.9385,-2.9385
1.3535,-0.060606,2.9653,-2.9653
1.3535,-0.020202,2.9787,-2.9787
1.3535,0.020202,2.9787,-2.9787
1.3535,0.060606,2.9653,-2.9653
1.3535,0.10101,2.9385,-2.9385
1.3535,0.14141,2.8984,-2.8984
1.3535,0.18182,2.8452,-2.8452
1.3535,0.22222,2.7791,-2.7791
1.3535,0.26263,2.7002,-2.7002
1.3535,0.30303,2.6089,-2.6089
1.3535,0.34343,2.5055,-2.5055
1.3535,0.38384,2.3904,-2.3904
1.3535,0.42424,2.2643,-2.2643
1.3535,0.46465,2.1276,-2.1276
1.3535,0.50505,1.9811,-1.9811
1.3535,0.54545,1.826,-1.826
1.3535,0.58586,1.6634,-1.6634
1.3535,0.62626,1.4953,-1.4953
1.3535,0.66667,1.3244,-1.3244
1.3535,0.70707,1.1548,-1.1548
1.3535,0.74747,0.99375,-0.99375
1.3535,0.78788,0.85306,-0.85306
1.3535,0.82828,0.75218,-0.75218
1.3535,0.86869,0.716,-0.716
1.3535,0.90909,0.76061,-0.76061
1.3535,0.94949,0.87898,-0.87898
1.3535,0.9899,1.0503,-1.0503
1.3535,1.0303,1.2559,-1.2559
1.3535,1.0707,1.4835,-1.4835
1.3535,1.1111,1.7257,-1.7257
1.3535,1.1515,1.9781,-1.9781
1.3535,1.1919,2.2375,-2.2375
1.3535,1.2323,2.5018,-2.5018
1.3535,1.2727,2.7694,-2.7694
1.3535,1.3131,3.039,-3.039
1.3535,1.3535,3.3094,-3.3094
1.3535,1.3939,3.5796,-3.5796
1.3535,1.4343,3.8487,-3.8487
1.3535,1.4747,4.1159,-4.1159
1.3535,1.5152,4.3804,-4.3804
1.3535,1.5556,4.6414,-4.6414
1.3535,1.596,4.8981,-4.8981
1.3535,1.6364,5.1499,-5.1499
1.3535,1.6768,5.3962,-5.3962
1.3535,1.7172,5.6361,-5.6361
1.3535,1.7576,5.8691,-5.8691
1.3535,1.798,6.0947,-6.0947
1.3535,1.8384,6.3121,-6.3121
1.3535,1.8788,6.5209,-6.5209
1.3535,1.9192,6.7205,-6.7205
1.3535,1.9596,6.9105,-6.9105
1.3535,2,7.0902,-7.0902
1.3939,-2,7.1218,-7.1218
1.3939,-1.9596,6.9415,-6.9415
1.3939,-1.9192,6.751,-6.751
1.3939,-1.8788,6.5507,-6.5507
1.3939,-1.8384,6.3412,-6.3412
1.3939,-1.798,6.1229,-6.1229
1.3939,-1.7576,5.8964,-5.8964
1.3939,-1.7172,5.6624,-5.6624
1.3939,-1.6768,5.4213,-5.4213
1.3939,-1.6364,5.1738,-5.1738
1.3939,-1.596,4.9206,-4.9206
1.3939,-1.5556,4.6622,-4.6622
1.3939,-1.5152,4.3994,-4.3994
1.3939,-1.4747,4.1328,-4.1328
1.3939,-1.4343,3.8631,-3.8631
1.3939,-1.3939,3.5911,-3.5911
1.3939,-1.3535,3.3175,-3.3175
1.3939,-1.3131,3.0432,-3.0432
1.3939,-1.2727,2.7688,-2.7688
1.3939,-1.2323,2.4954,-2.4954
1.3939,-1.1919,2.2239,-2.2239
1.3939,-1.1515,1.9555,-1.9555
1.3939,-1.1111,1.6915,-1.6915
1.3939,-1.0707,1.4338,-1.4338
1.3939,-1.0303,1.1852,-1.1852
1.3939,-0.9899,0.95048,-0.95048
1.3939,-0.94949,0.73908,-0.73908
1.3939,-0.90909,0.57102,-0.57102
1.3939,-0.86869,0.4845,-0.4845
1.3939,-0.82828,0.51292,-0.51292
1.3939,-0.78788,0.63324,-0.63324
1.3939,-0.74747,0.7985,-0.7985
1.3939,-0.70707,0.98049,-0.98049
1.3939,-0.66667,1.1663,-1.1663
1.3939,-0.62626,1.3497,-1.3497
1.3939,-0.58586,1.5275,-1.5275
1.3939,-0.54545,1.6977,-1.6977
1.3939,-0.50505,1.8589,-1.8589
1.3939,-0.46465,2.0103,-2.0103
1.3939,-0.42424,2.1509,-2.1509
1.3939,-0.38384,2.2804,-2.2804
1.3939,-0.34343,2.3981,-2.3981
1.3939,-0.30303,2.5038,-2.5038
1.3939,-0.26263,2.5969,-2.5969
1.3939,-0.22222,2.6772,-2.6772
1.3939,-0.18182,2.7446,-2.7446
1.3939,-0.14141,2.7987,-2.7987
1.3939,-0.10101,2.8394,-2.8394
1.3939,-0.060606,2.8666,-2.8666
1.3939,-0.020202,2.8802,-2.8802
1.3939,0.020202,2.8802,-2.8802
1.3939,0.060606,2.8666,-2.8666
1.3939,0.10101,2.8394,-2.8394
1.3939,0.14141,2.7987,-2.7987
1.3939,0.18182,2.7446,-2.7446
1.3939,0.22222,2.6772,-2.6772
1.3939,0.26263,2.5969,-2.5969
1.3939,0.30303,2.5038,-2.5038
1.3939,0.34343,2.3981,-2.3981
1.3939,0.38384,2.2804,-2.2804
1.3939,0.42424,2.1509,-2.1509
1.3939,0.46465,2.0103,-2.0103
1.3939,0.50505,1.8589,-1.8589
1.3939,0.54545,1.6977,-1.6977
1.3939,0.58586,1.5275,-1.5275
1.3939,0.62626,1.3497,-1.3497
1.3939,0.66667,1.1663,-1.1663
1.3939,0.70707,0.98049,-0.98049
1.3939,0.74747,0.7985,-0.7985
1.3939,0.78788,0.63324,-0.63324
1.3939,0.82828,0.51292,-0.51292
1.3939,0.86869,0.4845,-0.4845
1.3939,0.90909,0.57102,-0.57102
1.3939,0.94949,0.73908,-0.73908
1.3939,0.9899,0.95048,-0.95048
1.3939,1.0303,1.1852,-1.1852
1.3939,1.0707,1.4338,-1.4338
1.3939,1.1111,1.6915,-1.6915
1.3939,1.1515,1.9555,-1.9555
1.3939,1.1919,2.2239,-2.2239
1.3939,1.2323,2.4954,-2.4954
1.3939,1.2727,2.7688,-2.7688
1.3939,1.3131,3.0432,-3.0432
1.3939,1.3535,3.3175,-3.3175
1.3939,1.3939,3.5911,-3.5911
1.3939,1.4343,3.8631,-3.8631
1.3939,1.4747,4.1328,-4.1328
1.3939,1.5152,4.3994,-4.3994
1.3939,1.5556,4.6622,-4.6622
1.3939,1.596,4.9206,-4.9206
1.3939,1.6364,5.1738,-5.1738
1.3939,1.6768,5.4213,-5.4213
1.3939,1.7172,5.6624,-5.6624
1.3939,1.7576,5.8964,-5.8964
1.3939,1.798,6.1229,-6.1229
1.3939,1.8384,6.3412,-6.3412
1.3939,1.8788,6.5507,-6.5507
1.3939,1.9192,6.751,-6.751
1.3939,1.9596,6.9415,-6.9415
1.3939,2,7.1218,-7.1218
1.4343,-2,7.1407,-7.1407
1.4343,-1.9596,6.9601,-6.9601
1.4343,-1.9192,6.7692,-6.7692
1.4343,-1.8788,6.5686,-6.5686
1.4343,-1.8384,6.3586,-6.3586
1.4343,-1.798,6.1399,-6.1399
1.4343,-1.7576,5.9129,-5.9129
1.4343,-1.7172,5.6782,-5.6782
1.4343,-1.6768,5.4364,-5.4364
1.4343,-1.6364,5.1882,-5.1882
1.4343,-1.596,4.9341,-4.9341
1.4343,-1.5556,4.6747,-4.6747
1.4343,-1.5152,4.4108,-4.4108
1.4343,-1.4747,4.1429,-4.1429
1.4343,-1.4343,3.8717,-3.8717
1.4343,-1.3939,3.598,-3.598
1.4343,-1.3535,3.3224,-3.3224
1.4343,-1.3131,3.0457,-3.0457
1.4343,-1.2727,2.7685,-2.7685
1.4343,-1.2323,2.4916,-2.4916
1.4343,-1.1919,2.2157,-2.2157
1.4343,-1.1515,1.9417,-1.9417
1.4343,-1.1111,1.6704,-1.6704
1.4343,-1.0707,1.4029,-1.4029
1.4343,-1.0303,1.1404,-1.1404
1.4343,-0.9899,0.88478,-0.88478
1.4343,-0.94949,0.63998,-0.63998
1.4343,-0.90909,0.41672,-0.41672
1.4343,-0.86869,0.25878,-0.25878
1.4343,-0.82828,0.28347,-0.28347
1.4343,-0.78788,0.4514,-0.4514
1.4343,-0.74747,0.65295,-0.65295
1.4343,-0.70707,0.85826,-0.85826
1.4343,-0.66667,1.0595,-1.0595
1.4343,-0.62626,1.2537,-1.2537
1.4343,-0.58586,1.4393,-1.4393
1.4343,-0.54545,1.6153,-1.6153
1.4343,-0.50505,1.7811,-1.7811
1.4343,-0.46465,1.936,-1.936
1.4343,-0.42424,2.0796,-2.0796
1.4343,-0.38384,2.2113,-2.2113
1.4343,-0.34343,2.331,-2.331
1.4343,-0.30303,2.4381,-2.4381
1.4343,-0.26263,2.5325,-2.5325
1.4343,-0.22222,2.6138,-2.6138
1.4343,-0.18182,2.682,-2.682
1.4343,-0.14141,2.7367,-2.7367
1.4343,-0.10101,2.7778,-2.7778
1.4343,-0.060606,2.8053,-2.8053
1.4343,-0.020202,2.8191,-2.8191
1.4343,0.020202,2.8191,-2.8191
1.4343,0.060606,2.8053,-2.8053
1.4343,0.10101,2.7778,-2.7778
1.4343,0.14141,2.7367,-2.7367
1.4343,0.18182,2.682,-2.682
1.4343,0.22222,2.6138,-2.6138
1.4343,0.26263,2.5325,-2.5325
1.4343,0.30303,2.4381,-2.4381
1.4343,0.34343,2.331,-2.331
1.4343,0.38384,2.2113,-2.2113
1.4343,0.42424,2.0796,-2.0796
1.4343,0.46465,1.936,-1.936
1.4343,0.50505,1.7811,-1.7811
1.4343,0.54545,1.6153,-1.6153
1.4343,0.58586,1.4393,-1.4393
1.4343,0.62626,1.2537,-1.2537
1.4343,0.66667,1.0595,-1.0595
1.4343,0.70707,0.85826,-0.85826
1.4343,0.74747,0.65295,-0.65295
1.4343,0.78788,0.4514,-0.4514
1.4343,0.82828,0.28347,-0.28347
1.4343,0.86869,0.25878,-0.25878
1.4343,0.90909,0.41672,-0.41672
1.4343,0.94949,0.63998,-0.63998
1.4343,0.9899,0.88478,-0.88478
1.4343,1.0303,1.1404,-1.1404
1.4343,1.0707,1.4029,-1.4029
1.4343,1.1111,1.6704,-1.6704
1.4343,1.1515,1.9417,-1.9417
1.4343,1.1919,2.2157,-2.2157
1.4343,1.2323,2.4916,-2.4916
1.4343,1.2727,2.7685,-2.7685
1.4343,1.3131,3.0457,-3.0457
1.4343,1.3535,3.3224,-3.3224
1.4343,1.3939,3.598,-3.598
1.4343,1.4343,3.8717,-3.8717
1.4343,1.4747,4.1429,-4.1429
1.4343,1.5152,4.4108,-4.4108
1.4343,1.5556,4.6747,-4.6747
1.4343,1.596,4.9341,-4.9341
1.4343,1.6364,5.1882,-5.1882
1.4343,1.6768,5.4364,-5.4364
1.4343,1.7172,5.6782,-5.6782
1.4343,1.7576,5.9129,-5.9129
1.4343,1.798,6.1399,-6.1399
1.4343,1.8384,6.3586,-6.3586
1.4343,1.8788,6.5686,-6.5686
1.4343,1.9192,6.7692,-6.7692
1.4343,1.9596,6.9601,-6.9601
1.4343,2,7.1407,-7.1407
1.4747,-2,7.1471,-7.1471
1.4747,-1.9596,6.9664,-6.9664
1.4747,-1.9192,6.7754,-6.7754
1.4747,-1.8788,6.5746,-6.5746
1.4747,-1.8384,6.3645,-6.3645
1.4747,-1.798,6.1456,-6.1456
1.4747,-1.7576,5.9184,-5.9184
1.4747,-1.7172,5.6835,-5.6835
1.4747,-1.6768,5.4415,-5.4415
1.4747,-1.6364,5.193,-5.193
1.4747,-1.596,4.9386,-4.9386
1.4747,-1.5556,4.6789,-4.6789
1.4747,-1.5152,4.4146,-4.4146
1.4747,-1.4747,4.1463,-4.1463
1.4747,-1.4343,3.8746,-3.8746
1.4747,-1.3939,3.6003,-3.6003
1.4747,-1.3535,3.3241,-3.3241
1.4747,-1.3131,3.0465,-3.0465
1.4747,-1.2727,2.7683,-2.7683
1.4747,-1.2323,2.4903,-2.4903
1.4747,-1.1919,2.2129,-2.2129
1.4747,-1.1515,1.9371,-1.9371
1.4747,-1.1111,1.6633,-1.6633
1.4747,-1.0707,1.3924,-1.3924
1.4747,-1.0303,1.1249,-1.1249
1.4747,-0.9899,0.86157,-0.86157
1.4747,-0.94949,0.60303,-0.60303
1.4747,-0.90909,0.3499,-0.3499
1.4747,-0.86869,0.10283,-0.10283
1.4747,-0.82828,0.1376,-0.1376
1.4747,-0.78788,0.37076,-0.37076
1.4747,-0.74747,0.59611,-0.59611
1.4747,-0.70707,0.81306,-0.81306
1.4747,-0.66667,1.0211,-1.0211
1.4747,-0.62626,1.2197,-1.2197
1.4747,-0.58586,1.4084,-1.4084
1.4747,-0.54545,1.5867,-1.5867
1.4747,-0.50505,1.7542,-1.7542
1.4747,-0.46465,1.9104,-1.9104
1.4747,-0.42424,2.055,-2.055
1.4747,-0.38384,2.1876,-2.1876
1.4747,-0.34343,2.3079,-2.3079
1.4747,-0.30303,2.4156,-2.4156
1.4747,-0.26263,2.5105,-2.5105
1.4747,-0.22222,2.5922,-2.5922
1.4747,-0.18182,2.6606,-2.6606
1.4747,-0.14141,2.7155,-2.7155
1.4747,-0.10101,2.7569,-2.7569
1.4747,-0.060606,2.7845,-2.7845
1.4747,-0.020202,2.7983,-2.7983
1.4747,0.020202,2.7983,-2.7983
1.4747,0.060606,2.7845,-2.7845
1.4747,0.10101,2.7569,-2.7569
1.4747,0.14141,2.7155,-2.7155
1.4747,0.18182,2.6606,-2.6606
1.4747,0.22222,2.5922,-2.5922
1.4747,0.26263,2.5105,-2.5105
1.4747,0.30303,2.4156,-2.4156
1.4747,0.34343,2.3079,-2.3079
1.4747,0.38384,2.1876,-2.1876
1.4747,0.42424,2.055,-2.055
1.4747,0.46465,1.9104,-1.9104
1.4747,0.50505,1.7542,-1.7542
1.4747,0.54545,1.5867,-1.5867
1.4747,0.58586,1.4084,-1.4084
1.4747,0.62626,1.2197,-1.2197
1.4747,0.66667,1.0211,-1.0211
1.4747,0.70707,0.81306,-0.81306
1.4747,0.74747,0.59611,-0.59611
1.4747,0.78788,0.37076,-0.37076
1.4747,0.82828,0.1376,-0.1376
1.4747,0.86869,0.10283,-0.10283
1.4747,0.90909,0.3499,-0.3499
1.4747,0.94949,0.60303,-0.60303
1.4747,0.9899,0.86157,-0.86157
1.4747,1.0303,1.1249,-1.1249
1.4747,1.0707,1.3924,-1.3924
1.4747,1.1111,1.6633,-1.6633
1.4747,1.1515,1.9371,-1.9371
1.4747,1.1919,2.2129,-2.2129
1.4747,1.2323,2.4903,-2.4903
1.4747,1.2727,2.7683,-2.7683
1.4747,1.3131,3.0465,-3.0465
1.4747,1.3535,3.3241,-3.3241
1.4747,1.3939,3.6003,-3.6003
1.4747,1.4343,3.8746,-3.8746
1.4747,1.4747,4.1463,-4.1463
1.4747,1.5152,4.4146,-4.4146
1.4747,1.5556,4.6789,-4.6789
1.4747,1.596,4.9386,-4.9386
1.4747,1.6364,5.193,-5.193
1.4747,1.6768,5.4415,-5.4415
1.4747,1.7172,5.6835,-5.6835
1.4747,1.7576,5.9184,-5.9184
1.4747,1.798,6.1456,-6.1456
1.4747,1.8384,6.3645,-6.3645
1.4747,1.8788,6.5746,-6.5746
1.4747,1.9192,6.7754,-6.7754
1.4747,1.9596,6.9664,-6.9664
1.4747,2,7.1471,-7.1471
1.5152,-2,7.1408,-7.1408
1.5152,-1.9596,6.9602,-6.9602
1.5152,-1.9192,6.7694,-6.7694
1.5152,-1.8788,6.5687,-6.5687
1.5152,-1.8384,6.3587,-6.3587
1.5152,-1.798,6.14,-6.14
1.5152,-1.7576,5.913,-5.913
1.5152,-1.7172,5.6783,-5.6783
1.5152,-1.6768,5.4365,-5.4365
1.5152,-1.6364,5.1883,-5.1883
1.5152,-1.596,4.9342,-4.9342
1.5152,-1.5556,4.6748,-4.6748
1.5152,-1.5152,4.4108,-4.4108
1.5152,-1.4747,4.1429,-4.1429
1.5152,-1.4343,3.8718,-3.8718
1.5152,-1.3939,3.5981,-3.5981
1.5152,-1.3535,3.3225,-3.3225
1.5152,-1.3131,3.0457,-3.0457
1.5152,-1.2727,2.7685,-2.7685
1.5152,-1.2323,2.4915,-2.4915
1.5152,-1.1919,2.2157,-2.2157
1.5152,-1.1515,1.9416,-1.9416
1.5152,-1.1111,1.6703,-1.6703
1.5152,-1.0707,1.4027,-1.4027
1.5152,-1.0303,1.1401,-1.1401
1.5152,-0.9899,0.88438,-0.88438
1.5152,-0.94949,0.63935,-0.63935
1.5152,-0.90909,0.41565,-0.41565
1.5152,-0.86869,0.25686,-0.25686
1.5152,-0.82828,0.28156,-0.28156
1.5152,-0.78788,0.45011,-0.45011
1.5152,-0.74747,0.652,-0.652
1.5152,-0.70707,0.85749,-0.85749
1.5152,-0.66667,1.0588,-1.0588
1.5152,-0.62626,1.2531,-1.2531
1.5152,-0.58586,1.4388,-1.4388
1.5152,-0.54545,1.6148,-1.6148
1.5152,-0.50505,1.7806,-1.7806
1.5152,-0.46465,1.9356,-1.9356
1.5152,-0.42424,2.0791,-2.0791
1.5152,-0.38384,2.2109,-2.2109
1.5152,-0.34343,2.3306,-2.3306
1.5152,-0.30303,2.4377,-2.4377
1.5152,-0.26263,2.5321,-2.5321
1.5152,-0.22222,2.6135,-2.6135
1.5152,-0.18182,2.6816,-2.6816
1.5152,-0.14141,2.7363,-2.7363
1.5152,-0.10101,2.7775,-2.7775
1.5152,-0.060606,2.805,-2.805
1.5152,-0.020202,2.8187,-2.8187
1.5152,0.020202,2.8187,-2.8187
1.5152,0.060606,2.805,-2.805
1.5152,0.10101,2.7775,-2.7775
1.5152,0.14141,2.7363,-2.7363
1.5152,0.18182,2.6816,-2.6816
1.5152,0.22222,2.6135,-2.6135
1.5152,0.26263,2.5321,-2.5321
1.5152,0.30303,2.4377,-2.4377
1.5152,0.34343,2.3306,-2.3306
1.5152,0.38384,2.2109,-2.2109
1.5152,0.42424,2.0791,-2.0791
1.5152,0.46465,1.9356,-1.9356
1.5152,0.50505,1.7806,-1.7806
1.5152,0.54545,1.6148,-1.6148
1.5152,0.58586,1.4388,-1.4388
1.5152,0.62626,1.2531,-1.2531
1.5152,0.66667,1.0588,-1.0588
1.5152,0.70707,0.85749,-0.85749
1.5152,0.74747,0.652,-0.652
1.5152,0.78788,0.45011,-0.45011
1.5152,0.82828,0.28156,-0.28156
1.5152,0.86869,0.25686,-0.25686
1.5152,0.90909,0.41565,-0.41565
1.5152,0.94949,0.63935,-0.63935
1.5152,0.9899,0.88438,-0.88438
1.5152,1.0303,1.1401,-1.1401
1.5152,1.0707,1.4027,-1.4027
1.5152,1.1111,1.6703,-1.6703
1.5152,1.1515,1.9416,-1.9416
1.5152,1.1919,2.2157,-2.2157
1.5152,1.2323,2.4915,-2.4915
1.5152,1.2727,2.7685,-2.7685
1.5152,1.3131,3.0457,-3.0457
1.5152,1.3535,3.3225,-3.3225
1.5152,1.3939,3.5981,-3.5981
1.5152,1.4343,3.8718,-3.8718
1.5152,1.4747,4.1429,-4.1429
1.5152,1.5152,4.4108,-4.4108
1.5152,1.5556,4.6748,-4.6748
1.5152,1.596,4.9342,-4.9342
1.5152,1.6364,5.1883,-5.1883
1.5152,1.6768,5.4365,-5.4365
1.5152,1.7172,5.6783,-5.6783
1.5152,1.7576,5.913,-5.913
1.5152,1.798,6.14,-6.14
1.5152,1.8384,6.3587,-6.3587
1.5152,1.8788,6.5687,-6.5687
1.5152,1.9192,6.7694,-6.7694
1.5152,1.9596,6.9602,-6.9602
1.5152,2,7.1408,-7.1408
1.5556,-2,7.122,-7.122
1.5556,-1.9596,6.9417,-6.9417
1.5556,-1.9192,6.7512,-6.7512
1.5556,-1.8788,6.5509,-6.5509
1.5556,-1.8384,6.3414,-6.3414
1.5556,-1.798,6.1231,-6.1231
1.5556,-1.7576,5.8966,-5.8966
1.5556,-1.7172,5.6626,-5.6626
1.5556,-1.6768,5.4215,-5.4215
1.5556,-1.6364,5.174,-5.174
1.5556,-1.596,4.9207,-4.9207
1.5556,-1.5556,4.6623,-4.6623
1.5556,-1.5152,4.3995,-4.3995
1.5556,-1.4747,4.1329,-4.1329
1.5556,-1.4343,3.8632,-3.8632
1.5556,-1.3939,3.5912,-3.5912
1.5556,-1.3535,3.3176,-3.3176
1.5556,-1.3131,3.0432,-3.0432
1.5556,-1.2727,2.7688,-2.7688
1.5556,-1.2323,2.4954,-2.4954
1.5556,-1.1919,2.2238,-2.2238
1.5556,-1.1515,1.9553,-1.9553
1.5556,-1.1111,1.6912,-1.6912
1.5556,-1.0707,1.4334,-1.4334
1.5556,-1.0303,1.1847,-1.1847
1.5556,-0.9899,0.94974,-0.94974
1.5556,-0.94949,0.73799,-0.73799
1.5556,-0.90909,0.56945,-0.56945
1.5556,-0.86869,0.48247,-0.48247
1.5556,-0.82828,0.51082,-0.51082
1.5556,-0.78788,0.63141,-0.63141
1.5556,-0.74747,0.79694,-0.79694
1.5556,-0.70707,0.97915,-0.97915
1.5556,-0.66667,1.1651,-1.1651
1.5556,-0.62626,1.3487,-1.3487
1.5556,-0.58586,1.5265,-1.5265
1.5556,-0.54545,1.6968,-1.6968
1.5556,-0.50505,1.858,-1.858
1.5556,-0.46465,2.0094,-2.0094
1.5556,-0.42424,2.1501,-2.1501
1.5556,-0.38384,2.2796,-2.2796
1.5556,-0.34343,2.3974,-2.3974
1.5556,-0.30303,2.503,-2.503
1.5556,-0.26263,2.5961,-2.5961
1.5556,-0.22222,2.6765,-2.6765
1.5556,-0.18182,2.7438,-2.7438
1.5556,-0.14141,2.7979,-2.7979
1.5556,-0.10101,2.8387,-2.8387
1.5556,-0.060606,2.8659,-2.8659
1.5556,-0.020202,2.8795,-2.8795
1.5556,0.020202,2.8795,-2.8795
1.5556,0.060606,2.8659,-2.8659
1.5556,0.10101,2.8387,-2.8387
1.5556,0.14141,2.7979,-2.7979
1.5556,0.18182,2.7438,-2.7438
1.5556,0.22222,2.6765,-2.6765
1.5556,0.26263,2.5961,-2.5961
1.5556,0.30303,2.503,-2.503
1.5556,0.34343,2.3974,-2.3974
1.5556,0.38384,2.2796,-2.2796
1.5556,0.42424,2.1501,-2.1501
1.5556,0.46465,2.0094,-2.0094
1.5556,0.50505,1.858,-1.858
1.5556,0.54545,1.6968,-1.6968
1.5556,0.58586,1.5265,-1.5265
1.5556,0.62626,1.3487,-1.3487
1.5556,0.66667,1.1651,-1.1651
1.5556,0.70707,0.97915,-0.97915
1.5556,0.74747,0.79694,-0.79694
1.5556,0.78788,0.63141,-0.63141
1.5556,0.82828,0.51082,-0.51082
1.5556,0.86869,0.48247,-0.48247
1.5556,0.90909,0.56945,-0.56945
1.5556,0.94949,0.73799,-0.73799
1.5556,0.9899,0.94974,-0.94974
1.5556,1.0303,1.1847,-1.1847
1.5556,1.0707,1.4334,-1.4334
1.5556,1.1111,1.6912,-1.6912
1.5556,1.1515,1.9553,-1.9553
1.5556,1.1919,2.2238,-2.2238
1.5556,1.2323,2.4954,-2.4954
1.5556,1.2727,2.7688,-2.7688
1.5556,1.3131,3.0432,-3.0432
1.5556,1.3535,3.3176,-3.3176
1.5556,1.3939,3.5912,-3.5912
1.5556,1.4343,3.8632,-3.8632
1.5556,1.4747,4.1329,-4.1329
1.5556,1.5152,4.3995,-4.3995
1.5556,1.5556,4.6623,-4.6623
1.5556,1.596,4.9207,-4.9207
1.5556,1.6364,5.174,-5.174
1.5556,1.6768,5.4215,-5.4215
1.5556,1.7172,5.6626,-5.6626
1.5556,1.7576,5.8966,-5.8966
1.5556,1.798,6.1231,-6.1231
1.5556,1.8384,6.3414,-6.3414
1.5556,1.8788,6.5509,-6.5509
1.5556,1.9192,6.7512,-6.7512
1.5556,1.9596,6.9417,-6.9417
1.5556,2,7.122,-7.122
1.596,-2,7.0906,-7.0906
1.596,-1.9596,6.9108,-6.9108
1.596,-1.9192,6.7209,-6.7209
1.596,-1.8788,6.5212,-6.5212
1.596,-1.8384,6.3124,-6.3124
1.596,-1.798,6.095,-6.095
1.596,-1.7576,5.8694,-5.8694
1.596,-1.7172,5.6364,-5.6364
1.596,-1.6768,5.3964,-5.3964
1.596,-1.6364,5.1502,-5.1502
1.596,-1.596,4.8984,-4.8984
1.596,-1.5556,4.6416,-4.6416
1.596,-1.5152,4.3806,-4.3806
1.596,-1.4747,4.1161,-4.1161
1.596,-1.4343,3.8489,-3.8489
1.596,-1.3939,3.5797,-3.5797
1.596,-1.3535,3.3095,-3.3095
1.596,-1.3131,3.039,-3.039
1.596,-1.2727,2.7694,-2.7694
1.596,-1.2323,2.5017,-2.5017
1.596,-1.1919,2.2373,-2.2373
1.596,-1.1515,1.9778,-1.9778
1.596,-1.1111,1.7254,-1.7254
1.596,-1.0707,1.483,-1.483
1.596,-1.0303,1.2552,-1.2552
1.596,-0.9899,1.0493,-1.0493
1.596,-0.94949,0.87762,-0.87762
1.596,-0.90909,0.75885,-0.75885
1.596,-0.86869,0.71395,-0.71395
1.596,-0.82828,0.75005,-0.75005
1.596,-0.78788,0.85103,-0.85103
1.596,-0.74747,0.99189,-0.99189
1.596,-0.70707,1.1531,-1.1531
1.596,-0.66667,1.3228,-1.3228
1.596,-0.62626,1.4939,-1.4939
1.596,-0.58586,1.6621,-1.6621
1.596,-0.54545,1.8247,-1.8247
1.596,-0.50505,1.9799,-1.9799
1.596,-0.46465,2.1264,-2.1264
1.596,-0.42424,2.2631,-2.2631
1.596,-0.38384,2.3893,-2.3893
1.596,-0.34343,2.5044,-2.5044
1.596,-0.30303,2.6078,-2.6078
1.596,-0.26263,2.6991,-2.6991
1.596,-0.22222,2.778,-2.778
1.596,-0.18182,2.8442,-2.8442
1.596,-0.14141,2.8974,-2.8974
1.596,-0.10101,2.9374,-2.9374
1.596,-0.060606,2.9642,-2.9642
1.596,-0.020202,2.9776,-2.9776
1.596,0.020202,2.9776,-2.9776
1.596,0.060606,2.9642,-2.9642
1.596,0.10101,2.9374,-2.9374
1.596,0.14141,2.8974,-2.8974
1.596,0.18182,2.8442,-2.8442
1.596,0.22222,2.778,-2.778
1.596,0.26263,2.6991,-2.6991
1.596,0.30303,2.6078,-2.6078
1.596,0.34343,2.5044,-2.5044
1.596,0.38384,2.3893,-2.3893
1.596,0.42424,2.2631,-2.2631
1.596,0.46465,2.1264,-2.1264
1.596,0.50505,1.9799,-1.9799
1.596,0.54545,1.8247,-1.8247
1.596,0.58586,1.6621,-1.6621
1.596,0.62626,1.4939,-1.4939
1.596,0.66667,1.3228,-1.3228
1.596,0.70707,1.1531,-1.1531
1.596,0.74747,0.99189,-0.99189
1.596,0.78788,0.85103,-0.85103
1.596,0.82828,0.75005,-0.75005
1.596,0.86869,0.71395,-0.71395
1.596,0.90909,0.75885,-0.75885
1.596,0.94949,0.87762,-0.87762
1.596,0.9899,1.0493,-1.0493
1.596,1.0303,1.2552,-1.2552
1.596,1.0707,1.483,-1.483
1.596,1.1111,1.7254,-1.7254
1.596,1.1515,1.9778,-1.9778
1.596,1.1919,2.2373,-2.2373
1.596,1.2323,2.5017,-2.5017
1.596,1.2727,2.7694,-2.7694
1.596,1.3131,3.039,-3.039
1.596,1.3535,3.3095,-3.3095
1.596,1.3939,3.5797,-3.5797
1.596,1.4343,3.8489,-3.8489
1.596,1.4747,4.1161,-4.1161
1.596,1.5152,4.3806,-4.3806
1.596,1.5556,4.6416,-4.6416
1.596,1.596,4.8984,-4.8984
1.596,1.6364,5.1502,-5.1502
1.596,1.6768,5.3964,-5.3964
1.596,1.7172,5.6364,-5.6364
1.596,1.7576,5.8694,-5.8694
1.596,1.798,6.095,-6.095
1.596,1.8384,6.3124,-6.3124
1.596,1.8788,6.5212,-6.5212
1.596,1.9192,6.7209,-6.7209
1.596,1.9596,6.9108,-6.9108
1.596,2,7.0906,-7.0906
1.6364,-2,7.0467,-7.0467
1.6364,-1.9596,6.8676,-6.8676
1.6364,-1.9192,6.6785,-6.6785
1.6364,-1.8788,6.4798,-6.4798
1.6364,-1.8384,6.272,-6.272
1.6364,-1.798,6.0557,-6.0557
1.6364,-1.7576,5.8314,-5.8314
1.6364,-1.7172,5.5997,-5.5997
1.6364,-1.6768,5.3614,-5.3614
1.6364,-1.6364,5.1169,-5.1169
1.6364,-1.596,4.8671,-4.8671
1.6364,-1.5556,4.6126,-4.6126
1.6364,-1.5152,4.3542,-4.3542
1.6364,-1.4747,4.0927,-4.0927
1.6364,-1.4343,3.8289,-3.8289
1.6364,-1.3939,3.5637,-3.5637
1.6364,-1.3535,3.2981,-3.2981
1.6364,-1.3131,3.0332,-3.0332
1.6364,-1.2727,2.7702,-2.7702
1.6364,-1.2323,2.5106,-2.5106
1.6364,-1.1919,2.256,-2.256
1.6364,-1.1515,2.0088,-2.0088
1.6364,-1.1111,1.7718,-1.7718
1.6364,-1.0707,1.5492,-1.5492
1.6364,-1.0303,1.3471,-1.3471
1.6364,-0.9899,1.1738,-1.1738
1.6364,-0.94949,1.0411,-1.0411
1.6364,-0.90909,0.9621,-0.9621
1.6364,-0.86869,0.94593,-0.94593
1.6364,-0.82828,0.99093,-0.99093
1.6364,-0.78788,1.0849,-1.0849
1.6364,-0.74747,1.2119,-1.2119
1.6364,-0.70707,1.3585,-1.3585
1.6364,-0.66667,1.515,-1.515
1.6364,-0.62626,1.675,-1.675
1.6364,-0.58586,1.8339,-1.8339
1.6364,-0.54545,1.9889,-1.9889
1.6364,-0.50505,2.1378,-2.1378
1.6364,-0.46465,2.279,-2.279
1.6364,-0.42424,2.4114,-2.4114
1.6364,-0.38384,2.5339,-2.5339
1.6364,-0.34343,2.646,-2.646
1.6364,-0.30303,2.7468,-2.7468
1.6364,-0.26263,2.8361,-2.8361
1.6364,-0.22222,2.9133,-2.9133
1.6364,-0.18182,2.9781,-2.9781
1.6364,-0.14141,3.0302,-3.0302
1.6364,-0.10101,3.0695,-3.0695
1.6364,-0.060606,3.0958,-3.0958
1.6364,-0.020202,3.109,-3.109
1.6364,0.020202,3.109,-3.109
1.6364,0.060606,3.0958,-3.0958
1.6364,0.10101,3.0695,-3.0695
1.6364,0.14141,3.0302,-3.0302
1.6364,0.18182,2.9781,-2.9781
1.6364,0.22222,2.9133,-2.9133
1.6364,0.26263,2.8361,-2.8361
1.6364,0.30303,2.7468,-2.7468
1.6364,0.34343,2.646,-2.646
1.6364,0.38384,2.5339,-2.5339
1.6364,0.42424,2.4114,-2.4114
1.6364,0.46465,2.279,-2.279
1.6364,0.50505,2.1378,-2.1378
1.6364,0.54545,1.9889,-1.9889
1.6364,0.58586,1.8339,-1.8339
1.6364,0.62626,1.675,-1.675
1.6364,0.66667,1.515,-1.515
1.6364,0.70707,1.3585,-1.3585
1.6364,0.74747,1.2119,-1.2119
1.6364,0.78788,1.0849,-1.0849
1.6364,0.82828,0.99093,-0.99093
1.6364,0.86869,0.94593,-0.94593
1.6364,0.90909,0.9621,-0.9621
1.6364,0.94949,1.0411,-1.0411
1.6364,0.9899,1.1738,-1.1738
1.6364,1.0303,1.3471,-1.3471
1.6364,1.0707,1.5492,-1.5492
1.6364,1.1111,1.7718,-1.7718
1.6364,1.1515,2.0088,-2.0088
1.6364,1.1919,2.256,-2.256
1.6364,1.2323,2.5106,-2.5106
1.6364,1.2727,2.7702,-2.7702
1.6364,1.3131,3.0332,-3.0332
1.6364,1.3535,3.2981,-3.2981
1.6364,1.3939,3.5637,-3.5637
1.6364,1.4343,3.8289,-3.8289
1.6364,1.4747,4.0927,-4.0927
1.6364,1.5152,4.3542,-4.3542
1.6364,1.5556,4.6126,-4.6126
1.6364,1.596,4.8671,-4.8671
1.6364,1.6364,5.1169,-5.1169
1.6364,1.6768,5.3614,-5.3614
1.6364,1.7172,5.5997,-5.5997
1.6364,1.7576,5.8314,-5.8314
1.6364,1.798,6.0557,-6.0557
1.6364,1.8384,6.272,-6.272
1.6364,1.8788,6.4798,-6.4798
1.6364,1.9192,6.6785,-6.6785
1.6364,1.9596,6.8676,-6.8676
1.6364,2,7.0467,-7.0467
1.6768,-2,6.9904,-6.9904
1.6768,-1.9596,6.8123,-6.8123
1.6768,-1.9192,6.6242,-6.6242
1.6768,-1.8788,6.4266,-6.4266
1.6768,-1.8384,6.2201,-6.2201
1.6768,-1.798,6.0052,-6.0052
1.6768,-1.7576,5.7826,-5.7826
1.6768,-1.7172,5.5527,-5.5527
1.6768,-1.6768,5.3164,-5.3164
1.6768,-1.6364,5.0742,-5.0742
1.6768,-1.596,4.827,-4.827
1.6768,-1.5556,4.5754,-4.5754
1.6768,-1.5152,4.3204,-4.3204
1.6768,-1.4747,4.0627,-4.0627
1.6768,-1.4343,3.8033,-3.8033
1.6768,-1.3939,3.5432,-3.5432
1.6768,-1.3535,3.2837,-3.2837
1.6768,-1.3131,3.0258,-3.0258
1.6768,-1.2727,2.7713,-2.7713
1.6768,-1.2323,2.5218,-2.5218
1.6768,-1.1919,2.2795,-2.2795
1.6768,-1.1515,2.0474,-2.0474
1.6768,-1.1111,1.8292,-1.8292
1.6768,-1.0707,1.6297,-1.6297
1.6768,-1.0303,1.4557,-1.4557
1.6768,-0.9899,1.3154,-1.3154
1.6768,-0.94949,1.2179,-1.2179
1.6768,-0.90909,1.1709,-1.1709
1.6768,-0.86869,1.1769,-1.1769
1.6768,-0.82828,1.2312,-1.2312
1.6768,-0.78788,1.3241,-1.3241
1.6768,-0.74747,1.4443,-1.4443
1.6768,-0.70707,1.5819,-1.5819
1.6768,-0.66667,1.7291,-1.7291
1.6768,-0.62626,1.8805,-1.8805
1.6768,-0.58586,2.0318,-2.0318
1.6768,-0.54545,2.1802,-2.1802
1.6768,-0.50505,2.3234,-2.3234
1.6768,-0.46465,2.4597,-2.4597
1.6768,-0.42424,2.5879,-2.5879
1.6768,-0.38384,2.7069,-2.7069
1.6768,-0.34343,2.816,-2.816
1.6768,-0.30303,2.9143,-2.9143
1.6768,-0.26263,3.0015,-3.0015
1.6768,-0.22222,3.0769,-3.0769
1.6768,-0.18182,3.1403,-3.1403
1.6768,-0.14141,3.1914,-3.1914
1.6768,-0.10101,3.2299,-3.2299
1.6768,-0.060606,3.2556,-3.2556
1.6768,-0.020202,3.2685,-3.2685
1.6768,0.020202,3.2685,-3.2685
1.6768,0.060606,3.2556,-3.2556
1.6768,0.10101,3.2299,-3.2299
1.6768,0.14141,3.1914,-3.1914
1.6768,0.18182,3.1403,-3.1403
1.6768,0.22222,3.0769,-3.0769
1.6768,0.26263,3.0015,-3.0015
1.6768,0.30303,2.9143,-2.9143
1.6768,0.34343,2.816,-2.816
1.6768,0.38384,2.7069,-2.7069
1.6768,0.42424,2.5879,-2.5879
1.6768,0.46465,2.4597,-2.4597
1.6768,0.50505,2.3234,-2.3234
1.6768,0.54545,2.1802,-2.1802
1.6768,0.58586,2.0318,-2.0318
1.6768,0.62626,1.8805,-1.8805
1.6768,0.66667,1.7291,-1.7291
1.6768,0.70707,1.5819,-1.5819
1.6768,0.74747,1.4443,-1.4443
1.6768,0.78788,1.3241,-1.3241
1.6768,0.82828,1.2312,-1.2312
1.6768,0.86869,1.1769,-1.1769
1.6768,0.90909,1.1709,-1.1709
1.6768,0.94949,1.2179,-1.2179
1.6768,0.9899,1.3154,-1.3154
1.6768,1.0303,1.4557,-1.4557
1.6768,1.0707,1.6297,-1.6297
1.6768,1.1111,1.8292,-1.8292
1.6768,1.1515,2.0474,-2.0474
1.6768,1.1919,2.2795,-2.2795
1.6768,1.2323,2.5218,-2.5218
1.6768,1.2727,2.7713,-2.7713
1.6768,1.3131,3.0258,-3.0258
1.6768,1.3535,3.2837,-3.2837
1.6768,1.3939,3.5432,-3.5432
1.6768,1.4343,3.8033,-3.8033
1.6768,1.4747,4.0627,-4.0627
1.6768,1.5152,4.3204,-4.3204
1.6768,1.5556,4.5754,-4.5754
1.6768,1.596,4.827,-4.827
1.6768,1.6364,5.0742,-5.0742
1.6768,1.6768,5.3164,-5.3164
1.6768,1.7172,5.5527,-5.5527
1.6768,1.7576,5.7826,-5.7826
1.6768,1.798,6.0052,-6.0052
1.6768,1.8384,6.2201,-6.2201
1.6768,1.8788,6.4266,-6.4266
1.6768,1.9192,6.6242,-6.6242
1.6768,1.9596,6.8123,-6.8123
1.6768,2,6.9904,-6.9904
1.7172,-2,6.9218,-6.9218
1.7172,-1.9596,6.7448,-6.7448
1.7172,-1.9192,6.558,-6.558
1.7172,-1.8788,6.3619,-6.3619
1.7172,-1.8384,6.1569,-6.1569
1.7172,-1.798,5.9438,-5.9438
1.7172,-1.7576,5.7231,-5.7231
1.7172,-1.7172,5.4955,-5.4955
1.7172,-1.6768,5.2616,-5.2616
1.7172,-1.6364,5.0222,-5.0222
1.7172,-1.596,4.7781,-4.7781
1.7172,-1.5556,4.5302,-4.5302
1.7172,-1.5152,4.2792,-4.2792
1.7172,-1.4747,4.0262,-4.0262
1.7172,-1.4343,3.7722,-3.7722
1.7172,-1.3939,3.5184,-3.5184
1.7172,-1.3535,3.2661,-3.2661
1.7172,-1.3131,3.0169,-3.0169
1.7172,-1.2727,2.7725,-2.7725
1.7172,-1.2323,2.5352,-2.5352
1.7172,-1.1919,2.3076,-2.3076
1.7172,-1.1515,2.0932,-2.0932
1.7172,-1.1111,1.8961,-1.8961
1.7172,-1.0707,1.7219,-1.7219
1.7172,-1.0303,1.5769,-1.5769
1.7172,-0.9899,1.4682,-1.4682
1.7172,-0.94949,1.4019,-1.4019
1.7172,-0.90909,1.3816,-1.3816
1.7172,-0.86869,1.4061,-1.4061
1.7172,-0.82828,1.4699,-1.4699
1.7172,-0.78788,1.565,-1.565
1.7172,-0.74747,1.6827,-1.6827
1.7172,-0.70707,1.8153,-1.8153
1.7172,-0.66667,1.9567,-1.9567
1.7172,-0.62626,2.102,-2.102
1.7172,-0.58586,2.2476,-2.2476
1.7172,-0.54545,2.3908,-2.3908
1.7172,-0.50505,2.5293,-2.5293
1.7172,-0.46465,2.6616,-2.6616
1.7172,-0.42424,2.7862,-2.7862
1.7172,-0.38384,2.9021,-2.9021
1.7172,-0.34343,3.0084,-3.0084
1.7172,-0.30303,3.1045,-3.1045
1.7172,-0.26263,3.1897,-3.1897
1.7172,-0.22222,3.2635,-3.2635
1.7172,-0.18182,3.3257,-3.3257
1.7172,-0.14141,3.3757,-3.3757
1.7172,-0.10101,3.4134,-3.4134
1.7172,-0.060606,3.4387,-3.4387
1.7172,-0.020202,3.4514,-3.4514
1.7172,0.020202,3.4514,-3.4514
1.7172,0.060606,3.4387,-3.4387
1.7172,0.10101,3.4134,-3.4134
1.7172,0.14141,3.3757,-3.3757
1.7172,0.18182,3.3257,-3.3257
1.7172,0.22222,3.2635,-3.2635
1.7172,0.26263,3.1897,-3.1897
1.7172,0.30303,3.1045,-3.1045
1.7172,0.34343,3.0084,-3.0084
1.7172,0.38384,2.9021,-2.9021
1.7172,0.42424,2.7862,-2.7862
1.7172,0.46465,2.6616,-2.6616
1.7172,0.50505,2.5293,-2.5293
1.7172,0.54545,2.3908,-2.3908
1.7172,0.58586,2.2476,-2.2476
1.7172,0.62626,2.102,-2.102
1.7172,0.66667,1.9567,-1.9567
1.7172,0.70707,1.8153,-1.8153
1.7172,0.74747,1.6827,-1.6827
1.7172,0.78788,1.565,-1.565
1.7172,0.82828,1.4699,-1.4699
1.7172,0.86869,1.4061,-1.4061
1.7172,0.90909,1.3816,-1.3816
1.7172,0.94949,1.4019,-1.4019
1.7172,0.9899,1.4682,-1.4682
1.7172,1.0303,1.5769,-1.5769
1.7172,1.0707,1.7219,-1.7219
1.7172,1.1111,1.8961,-1.8961
1.7172,1.1515,2.0932,-2.0932
1.7172,1.1919,2.3076,-2.3076
1.7172,1.2323,2.5352,-2.5352
1.7172,1.2727,2.7725,-2.7725
1.7172,1.3131,3.0169,-3.0169
1.7172,1.3535,3.2661,-3.2661
1.7172,1.3939,3.5184,-3.5184
1.7172,1.4343,3.7722,-3.7722
1.7172,1.4747,4.0262,-4.0262
1.7172,1.5152,4.2792,-4.2792
1.7172,1.5556,4.5302,-4.5302
1.7172,1.596,4.7781,-4.7781
1.7172,1.6364,5.0222,-5.0222
1.7172,1.6768,5.2616,-5.2616
1.7172,1.7172,5.4955,-5.4955
1.7172,1.7576,5.7231,-5.7231
1.7172,1.798,5.9438,-5.9438
1.7172,1.8384,6.1569,-6.1569
1.7172,1.8788,6.3619,-6.3619
1.7172,1.9192,6.558,-6.558
1.7172,1.9596,6.7448,-6.7448
1.7172,2,6.9218,-6.9218
1.7576,-2,6.8411,-6.8411
1.7576,-1.9596,6.6654,-6.6654
1.7576,-1.9192,6.4801,-6.4801
1.7576,-1.8788,6.2856,-6.2856
1.7576,-1.8384,6.0825,-6.0825
1.7576,-1.798,5.8714,-5.8714
1.7576,-1.7576,5.653,-5.653
1.7576,-1.7172,5.428,-5.428
1.7576,-1.6768,5.1971,-5.1971
1.7576,-1.6364,4.961,-4.961
1.7576,-1.596,4.7206,-4.7206
1.7576,-1.5556,4.4769,-4.4769
1.7576,-1.5152,4.2307,-4.2307
1.7576,-1.4747,3.9832,-3.9832
1.7576,-1.4343,3.7356,-3.7356
1.7576,-1.3939,3.4892,-3.4892
1.7576,-1.3535,3.2455,-3.2455
1.7576,-1.3131,3.0064,-3.0064
1.7576,-1.2727,2.774,-2.774
1.7576,-1.2323,2.5508,-2.5508
1.7576,-1.1919,2.3399,-2.3399
1.7576,-1.1515,2.1452,-2.1452
1.7576,-1.1111,1.9712,-1.9712
1.7576,-1.0707,1.8234,-1.8234
1.7576,-1.0303,1.7072,-1.7072
1.7576,-0.9899,1.6281,-1.6281
1.7576,-0.94949,1.5896,-1.5896
1.7576,-0.90909,1.5921,-1.5921
1.7576,-0.86869,1.6328,-1.6328
1.7576,-0.82828,1.7062,-1.7062
1.7576,-0.78788,1.8054,-1.8054
1.7576,-0.74747,1.9233,-1.9233
1.7576,-0.70707,2.0539,-2.0539
1.7576,-0.66667,2.192,-2.192
1.7576,-0.62626,2.3336,-2.3336
1.7576,-0.58586,2.4753,-2.4753
1.7576,-0.54545,2.6147,-2.6147
1.7576,-0.50505,2.7498,-2.7498
1.7576,-0.46465,2.8788,-2.8788
1.7576,-0.42424,3.0005,-3.0005
1.7576,-0.38384,3.1139,-3.1139
1.7576,-0.34343,3.218,-3.218
1.7576,-0.30303,3.3122,-3.3122
1.7576,-0.26263,3.3957,-3.3957
1.7576,-0.22222,3.4682,-3.4682
1.7576,-0.18182,3.5292,-3.5292
1.7576,-0.14141,3.5784,-3.5784
1.7576,-0.10101,3.6154,-3.6154
1.7576,-0.060606,3.6403,-3.6403
1.7576,-0.020202,3.6527,-3.6527
1.7576,0.020202,3.6527,-3.6527
1.7576,0.060606,3.6403,-3.6403
1.7576,0.10101,3.6154,-3.6154
1.7576,0.14141,3.5784,-3.5784
1.7576,0.18182,3.5292,-3.5292
1.7576,0.22222,3.4682,-3.4682
1.7576,0.26263,3.3957,-3.3957
1.7576,0.30303,3.3122,-3.3122
1.7576,0.34343,3.218,-3.218
1.7576,0.38384,3.1139,-3.1139
1.7576,0.42424,3.0005,-3.0005
1.7576,0.46465,2.8788,-2.8788
1.7576,0.50505,2.7498,-2.7498
1.7576,0.54545,2.6147,-2.6147
1.7576,0.58586,2.4753,-2.4753
1.7576,0.62626,2.3336,-2.3336
1.7576,0.66667,2.192,-2.192
1.7576,0.70707,2.0539,-2.0539
1.7576,0.74747,1.9233,-1.9233
1.7576,0.78788,1.8054,-1.8054
1.7576,0.82828,1.7062,-1.7062
1.7576,0.86869,1.6328,-1.6328
1.7576,0.90909,1.5921,-1.5921
1.7576,0.94949,1.5896,-1.5896
1.7576,0.9899,1.6281,-1.6281
1.7576,1.0303,1.7072,-1.7072
1.7576,1.0707,1.8234,-1.8234
1.7576,1.1111,1.9712,-1.9712
1.7576,1.1515,2.1452,-2.1452
1.7576,1.1919,2.3399,-2.3399
1.7576,1.2323,2.5508,-2.5508
1.7576,1.2727,2.774,-2.774
1.7576,1.3131,3.0064,-3.0064
1.7576,1.3535,3.2455,-3.2455
1.7576,1.3939,3.4892,-3.4892
1.7576,1.4343,3.7356,-3.7356
1.7576,1.4747,3.9832,-3.9832
1.7576,1.5152,4.2307,-4.2307
1.7576,1.5556,4.4769,-4.4769
1.7576,1.596,4.7206,-4.7206
1.7576,1.6364,4.961,-4.961
1.7576,1.6768,5.1971,-5.1971
1.7576,1.7172,5.428,-5.428
1.7576,1.7576,5.653,-5.653
1.7576,1.798,5.8714,-5.8714
1.7576,1.8384,6.0825,-6.0825
1.7576,1.8788,6.2856,-6.2856
1.7576,1.9192,6.4801,-6.4801
1.7576,1.9596,6.6654,-6.6654
1.7576,2,6.8411,-6.8411
1.798,-2,6.7484,-6.7484
1.798,-1.9596,6.5743,-6.5743
1.798,-1.9192,6.3906,-6.3906
1.798,-1.8788,6.198,-6.198
1.798,-1.8384,5.997,-5.997
1.798,-1.798,5.7883,-5.7883
1.798,-1.7576,5.5726,-5.5726
1.798,-1.7172,5.3505,-5.3505
1.798,-1.6768,5.1229,-5.1229
1.798,-1.6364,4.8906,-4.8906
1.798,-1.596,4.6545,-4.6545
1.798,-1.5556,4.4157,-4.4157
1.798,-1.5152,4.1751,-4.1751
1.798,-1.4747,3.934,-3.934
1.798,-1.4343,3.6937,-3.6937
1.798,-1.3939,3.4558,-3.4558
1.798,-1.3535,3.2221,-3.2221
1.798,-1.3131,2.9945,-2.9945
1.798,-1.2727,2.7756,-2.7756
1.798,-1.2323,2.5683,-2.5683
1.798,-1.1919,2.376,-2.376
1.798,-1.1515,2.2027,-2.2027
1.798,-1.1111,2.0531,-2.0531
1.798,-1.0707,1.9319,-1.9319
1.798,-1.0303,1.8439,-1.8439
1.798,-0.9899,1.7923,-1.7923
1.798,-0.94949,1.7785,-1.7785
1.798,-0.90909,1.8013,-1.8013
1.798,-0.86869,1.8567,-1.8567
1.798,-0.82828,1.9396,-1.9396
1.798,-0.78788,2.044,-2.044
1.798,-0.74747,2.164,-2.164
1.798,-0.70707,2.2946,-2.2946
1.798,-0.66667,2.4314,-2.4314
1.798,-0.62626,2.571,-2.571
1.798,-0.58586,2.7104,-2.7104
1.798,-0.54545,2.8474,-2.8474
1.798,-0.50505,2.98,-2.98
1.798,-0.46465,3.1068,-3.1068
1.798,-0.42424,3.2264,-3.2264
1.798,-0.38384,3.3379,-3.3379
1.798,-0.34343,3.4403,-3.4403
1.798,-0.30303,3.5329,-3.5329
1.798,-0.26263,3.6152,-3.6152
1.798,-0.22222,3.6865,-3.6865
1.798,-0.18182,3.7466,-3.7466
1.798,-0.14141,3.7951,-3.7951
1.798,-0.10101,3.8316,-3.8316
1.798,-0.060606,3.8561,-3.8561
1.798,-0.020202,3.8683,-3.8683
1.798,0.020202,3.8683,-3.8683
1.798,0.060606,3.8561,-3.8561
1.798,0.10101,3.8316,-3.8316
1.798,0.14141,3.7951,-3.7951
1.798,0.18182,3.7466,-3.7466
1.798,0.22222,3.6865,-3.6865
1.798,0.26263,3.6152,-3.6152
1.798,0.30303,3.5329,-3.5329
1.798,0.34343,3.4403,-3.4403
1.798,0.38384,3.3379,-3.3379
1.798,0.42424,3.2264,-3.2264
1.798,0.46465,3.1068,-3.1068
1.798,0.50505,2.98,-2.98
1.798,0.54545,2.8474,-2.8474
1.798,0.58586,2.7104,-2.7104
1.798,0.62626,2.571,-2.571
1.798,0.66667,2.4314,-2.4314
1.798,0.70707,2.2946,-2.2946
1.798,0.74747,2.164,-2.164
1.798,0.78788,2.044,-2.044
1.798,0.82828,1.9396,-1.9396
1.798,0.86869,1.8567,-1.8567
1.798,0.90909,1.8013,-1.8013
1.798,0.94949,1.7785,-1.7785
1.798,0.9899,1.7923,-1.7923
1.798,1.0303,1.8439,-1.8439
1.798,1.0707,1.9319,-1.9319
1.798,1.1111,2.0531,-2.0531
1.798,1.1515,2.2027,-2.2027
1.798,1.1919,2.376,-2.376
1.798,1.2323,2.5683,-2.5683
1.798,1.2727,2.7756,-2.7756
1.798,1.3131,2.9945,-2.9945
1.798,1.3535,3.2221,-3.2221
1.798,1.3939,3.4558,-3.4558
1.798,1.4343,3.6937,-3.6937
1.798,1.4747,3.934,-3.934
1.798,1.5152,4.1751,-4.1751
1.798,1.5556,4.4157,-4.4157
1.798,1.596,4.6545,-4.6545
1.798,1.6364,4.8906,-4.8906
1.798,1.6768,5.1229,-5.1229
1.798,1.7172,5.3505,-5.3505
1.798,1.7576,5.5726,-5.5726
1.798,1.798,5.7883,-5.7883
1.798,1.8384,5.997,-5.997
1.798,1.8788,6.198,-6.198
1.798,1.9192,6.3906,-6.3906
1.798,1.9596,6.5743,-6.5743
1.798,2,6.7484,-6.7484
1.8384,-2,6.644,-6.644
1.8384,-1.9596,6.4715,-6.4715
1.8384,-1.9192,6.2898,-6.2898
1.8384,-1.8788,6.0993,-6.0993
1.8384,-1.8384,5.9006,-5.9006
1.8384,-1.798,5.6946,-5.6946
1.8384,-1.7576,5.4818,-5.4818
1.8384,-1.7172,5.2631,-5.2631
1.8384,-1.6768,5.0393,-5.0393
1.8384,-1.6364,4.8113,-4.8113
1.8384,-1.596,4.58,-4.58
1.8384,-1.5556,4.3467,-4.3467
1.8384,-1.5152,4.1124,-4.1124
1.8384,-1.4747,3.8785,-3.8785
1.8384,-1.4343,3.6466,-3.6466
1.8384,-1.3939,3.4184,-3.4184
1.8384,-1.3535,3.1958,-3.1958
1.8384,-1.3131,2.9812,-2.9812
1.8384,-1.2727,2.7775,-2.7775
1.8384,-1.2323,2.5876,-2.5876
1.8384,-1.1919,2.4154,-2.4154
1.8384,-1.1515,2.2648,-2.2648
1.8384,-1.1111,2.1403,-2.1403
1.8384,-1.0707,2.0458,-2.0458
1.8384,-1.0303,1.9846,-1.9846
1.8384,-0.9899,1.9586,-1.9586
1.8384,-0.94949,1.9672,-1.9672
1.8384,-0.90909,2.0082,-2.0082
1.8384,-0.86869,2.0773,-2.0773
1.8384,-0.82828,2.1696,-2.1696
1.8384,-0.78788,2.2799,-2.2799
1.8384,-0.74747,2.4032,-2.4032
1.8384,-0.70707,2.5352,-2.5352
1.8384,-0.66667,2.6723,-2.6723
1.8384,-0.62626,2.8112,-2.8112
1.8384,-0.58586,2.9496,-2.9496
1.8384,-0.54545,3.0852,-3.0852
1.8384,-0.50505,3.2164,-3.2164
1.8384,-0.46465,3.3418,-3.3418
1.8384,-0.42424,3.46,-3.46
1.8384,-0.38384,3.5701,-3.5701
1.8384,-0.34343,3.6713,-3.6713
1.8384,-0.30303,3.7629,-3.7629
1.8384,-0.26263,3.8442,-3.8442
1.8384,-0.22222,3.9147,-3.9147
1.8384,-0.18182,3.9741,-3.9741
1.8384,-0.14141,4.022,-4.022
1.8384,-0.10101,4.0582,-4.0582
1.8384,-0.060606,4.0824,-4.0824
1.8384,-0.020202,4.0945,-4.0945
1.8384,0.020202,4.0945,-4.0945
1.8384,0.060606,4.0824,-4.0824
1.8384,0.10101,4.0582,-4.0582
1.8384,0.14141,4.022,-4.022
1.8384,0.18182,3.9741,-3.9741
1.8384,0.22222,3.9147,-3.9147
1.8384,0.26263,3.8442,-3.8442
1.8384,0.30303,3.7629,-3.7629
1.8384,0.34343,3.6713,-3.6713
1.8384,0.38384,3.5701,-3.5701
1.8384,0.42424,3.46,-3.46
1.8384,0.46465,3.3418,-3.3418
1.8384,0.50505,3.2164,-3.2164
1.8384,0.54545,3.0852,-3.0852
1.8384,0.58586,2.9496,-2.9496
1.8384,0.62626,2.8112,-2.8112
1.8384,0.66667,2.6723,-2.6723
1.8384,0.70707,2.5352,-2.5352
1.8384,0.74747,2.4032,-2.4032
1.8384,0.78788,2.2799,-2.2799
1.8384,0.82828,2.1696,-2.1696
1.8384,0.86869,2.0773,-2.0773
1.8384,0.90909,2.0082,-2.0082
1.8384,0.94949,1.9672,-1.9672
1.8384,0.9899,1.9586,-1.9586
1.8384,1.0303,1.9846,-1.9846
1.8384,1.0707,2.0458,-2.0458
1.8384,1.1111,2.1403,-2.1403
1.8384,1.1515,2.2648,-2.2648
1.8384,1.1919,2.4154,-2.4154
1.8384,1.2323,2.5876,-2.5876
1.8384,1.2727,2.7775,-2.7775
1.8384,1.3131,2.9812,-2.9812
1.8384,1.3535,3.1958,-3.1958
1.8384,1.3939,3.4184,-3.4184
1.8384,1.4343,3.6466,-3.6466
1.8384,1.4747,3.8785,-3.8785
1.8384,1.5152,4.1124,-4.1124
1.8384,1.5556,4.3467,-4.3467
1.8384,1.596,4.58,-4.58
1.8384,1.6364,4.8113,-4.8113
1.8384,1.6768,5.0393,-5.0393
1.8384,1.7172,5.2631,-5.2631
1.8384,1.7576,5.4818,-5.4818
1.8384,1.798,5.6946,-5.6946
1.8384,1.8384,5.9006,-5.9006
1.8384,1.8788,6.0993,-6.0993
1.8384,1.9192,6.2898,-6.2898
1.8384,1.9596,6.4715,-6.4715
1.8384,2,6.644,-6.644
1.8788,-2,6.5281,-6.5281
1.8788,-1.9596,6.3574,-6.3574
1.8788,-1.9192,6.1777,-6.1777
1.8788,-1.8788,5.9896,-5.9896
1.8788,-1.8384,5.7936,-5.7936
1.8788,-1.798,5.5904,-5.5904
1.8788,-1.7576,5.381,-5.381
1.8788,-1.7172,5.166,-5.166
1.8788,-1.6768,4.9463,-4.9463
1.8788,-1.6364,4.7231,-4.7231
1.8788,-1.596,4.4973,-4.4973
1.8788,-1.5556,4.2701,-4.2701
1.8788,-1.5152,4.0428,-4.0428
1.8788,-1.4747,3.8171,-3.8171
1.8788,-1.4343,3.5945,-3.5945
1.8788,-1.3939,3.377,-3.377
1.8788,-1.3535,3.1669,-3.1669
1.8788,-1.3131,2.9667,-2.9667
1.8788,-1.2727,2.7795,-2.7795
1.8788,-1.2323,2.6086,-2.6086
1.8788,-1.1919,2.4577,-2.4577
1.8788,-1.1515,2.3308,-2.3308
1.8788,-1.1111,2.2316,-2.2316
1.8788,-1.0707,2.1633,-2.1633
1.8788,-1.0303,2.1278,-2.1278
1.8788,-0.9899,2.1253,-2.1253
1.8788,-0.94949,2.1545,-2.1545
1.8788,-0.90909,2.2121,-2.2121
1.8788,-0.86869,2.2941,-2.2941
1.8788,-0.82828,2.3957,-2.3957
1.8788,-0.78788,2.5124,-2.5124
1.8788,-0.74747,2.6398,-2.6398
1.8788,-0.70707,2.7743,-2.7743
1.8788,-0.66667,2.9126,-2.9126
1.8788,-0.62626,3.0521,-3.0521
1.8788,-0.58586,3.1904,-3.1904
1.8788,-0.54545,3.3256,-3.3256
1.8788,-0.50505,3.4562,-3.4562
1.8788,-0.46465,3.5808,-3.5808
1.8788,-0.42424,3.6983,-3.6983
1.8788,-0.38384,3.8076,-3.8076
1.8788,-0.34343,3.9081,-3.9081
1.8788,-0.30303,3.999,-3.999
1.8788,-0.26263,4.0797,-4.0797
1.8788,-0.22222,4.1497,-4.1497
1.8788,-0.18182,4.2086,-4.2086
1.8788,-0.14141,4.2561,-4.2561
1.8788,-0.10101,4.292,-4.292
1.8788,-0.060606,4.316,-4.316
1.8788,-0.020202,4.328,-4.328
1.8788,0.020202,4.328,-4.328
1.8788,0.060606,4.316,-4.316
1.8788,0.10101,4.292,-4.292
1.8788,0.14141,4.2561,-4.2561
1.8788,0.18182,4.2086,-4.2086
1.8788,0.22222,4.1497,-4.1497
1.8788,0.26263,4.0797,-4.0797
1.8788,0.30303,3.999,-3.999
1.8788,0.34343,3.9081,-3.9081
1.8788,0.38384,3.8076,-3.8076
1.8788,0.42424,3.6983,-3.6983
1.8788,0.46465,3.5808,-3.5808
1.8788,0.50505,3.4562,-3.4562
1.8788,0.54545,3.3256,-3.3256
1.8788,0.58586,3.1904,-3.1904
1.8788,0.62626,3.0521,-3.0521
1.8788,0.66667,2.9126,-2.9126
1.8788,0.70707,2.7743,-2.7743
1.8788,0.74747,2.6398,-2.6398
1.8788,0.78788,2.5124,-2.5124
1.8788,0.82828,2.3957,-2.3957
1.8788,0.86869,2.2941,-2.2941
1.8788,0.90909,2.2121,-2.2121
1.8788,0.94949,2.1545,-2.1545
1.8788,0.9899,2.1253,-2.1253
1.8788,1.0303,2.1278,-2.1278
1.8788,1.0707,2.1633,-2.1633
1.8788,1.1111,2.2316,-2.2316
1.8788,1.1515,2.3308,-2.3308
1.8788,1.1919,2.4577,-2.4577
1.8788,1.2323,2.6086,-2.6086
1.8788,1.2727,2.7795,-2.7795
1.8788,1.3131,2.9667,-2.9667
1.8788,1.3535,3.1669,-3.1669
1.8788,1.3939,3.377,-3.377
1.8788,1.4343,3.5945,-3.5945
1.8788,1.4747,3.8171,-3.8171
1.8788,1.5152,4.0428,-4.0428
1.8788,1.5556,4.2701,-4.2701
1.8788,1.596,4.4973,-4.4973
1.8788,1.6364,4.7231,-4.7231
1.8788,1.6768,4.9463,-4.9463
1.8788,1.7172,5.166,-5.166
1.8788,1.7576,5.381,-5.381
1.8788,1.798,5.5904,-5.5904
1.8788,1.8384,5.7936,-5.7936
1.8788,1.8788,5.9896,-5.9896
1.8788,1.9192,6.1777,-6.1777
1.8788,1.9596,6.3574,-6.3574
1.8788,2,6.5281,-6.5281
1.9192,-2,6.4008,-6.4008
1.9192,-1.9596,6.2322,-6.2322
1.9192,-1.9192,6.0548,-6.0548
1.9192,-1.8788,5.8691,-5.8691
1.9192,-1.8384,5.676,-5.676
1.9192,-1.798,5.4761,-5.4761
1.9192,-1.7576,5.2702,-5.2702
1.9192,-1.7172,5.0593,-5.0593
1.9192,-1.6768,4.8443,-4.8443
1.9192,-1.6364,4.6262,-4.6262
1.9192,-1.596,4.4064,-4.4064
1.9192,-1.5556,4.186,-4.186
1.9192,-1.5152,3.9666,-3.9666
1.9192,-1.4747,3.7497,-3.7497
1.9192,-1.4343,3.5374,-3.5374
1.9192,-1.3939,3.3318,-3.3318
1.9192,-1.3535,3.1354,-3.1354
1.9192,-1.3131,2.9509,-2.9509
1.9192,-1.2727,2.7816,-2.7816
1.9192,-1.2323,2.6309,-2.6309
1.9192,-1.1919,2.5025,-2.5025
1.9192,-1.1515,2.3998,-2.3998
1.9192,-1.1111,2.326,-2.326
1.9192,-1.0707,2.2831,-2.2831
1.9192,-1.0303,2.2718,-2.2718
1.9192,-0.9899,2.2914,-2.2914
1.9192,-0.94949,2.3395,-2.3395
1.9192,-0.90909,2.4126,-2.4126
1.9192,-0.86869,2.5067,-2.5067
1.9192,-0.82828,2.6174,-2.6174
1.9192,-0.78788,2.7407,-2.7407
1.9192,-0.74747,2.8729,-2.8729
1.9192,-0.70707,3.0106,-3.0106
1.9192,-0.66667,3.1511,-3.1511
1.9192,-0.62626,3.2918,-3.2918
1.9192,-0.58586,3.4309,-3.4309
1.9192,-0.54545,3.5665,-3.5665
1.9192,-0.50505,3.6971,-3.6971
1.9192,-0.46465,3.8216,-3.8216
1.9192,-0.42424,3.9388,-3.9388
1.9192,-0.38384,4.0479,-4.0479
1.9192,-0.34343,4.148,-4.148
1.9192,-0.30303,4.2385,-4.2385
1.9192,-0.26263,4.3189,-4.3189
1.9192,-0.22222,4.3886,-4.3886
1.9192,-0.18182,4.4473,-4.4473
1.9192,-0.14141,4.4946,-4.4946
1.9192,-0.10101,4.5303,-4.5303
1.9192,-0.060606,4.5542,-4.5542
1.9192,-0.020202,4.5662,-4.5662
1.9192,0.020202,4.5662,-4.5662
1.9192,0.060606,4.5542,-4.5542
1.9192,0.10101,4.5303,-4.5303
1.9192,0.14141,4.4946,-4.4946
1.9192,0.18182,4.4473,-4.4473
1.9192,0.22222,4.3886,-4.3886
1.9192,0.26263,4.3189,-4.3189
1.9192,0.30303,4.2385,-4.2385
1.9192,0.34343,4.148,-4.148
1.9192,0.38384,4.0479,-4.0479
1.9192,0.42424,3.9388,-3.9388
1.9192,0.46465,3.8216,-3.8216
1.9192,0.50505,3.6971,-3.6971
1.9192,0.54545,3.5665,-3.5665
1.9192,0.58586,3.4309,-3.4309
1.9192,0.62626,3.2918,-3.2918
1.9192,0.66667,3.1511,-3.1511
1.9192,0.70707,3.0106,-3.0106
1.9192,0.74747,2.8729,-2.8729
1.9192,0.78788,2.7407,-2.7407
1.9192,0.82828,2.6174,-2.6174
1.9192,0.86869,2.5067,-2.5067
1.9192,0.90909,2.4126,-2.4126
1.9192,0.94949,2.3395,-2.3395
1.9192,0.9899,2.2914,-2.2914
1.9192,1.0303,2.2718,-2.2718
1.9192,1.0707,2.2831,-2.2831
1.9192,1.1111,2.326,-2.326
1.9192,1.1515,2.3998,-2.3998
1.9192,1.1919,2.5025,-2.5025
1.9192,1.2323,2.6309,-2.6309
1.9192,1.2727,2.7816,-2.7816
1.9192,1.3131,2.9509,-2.9509
1.9192,1.3535,3.1354,-3.1354
1.9192,1.3939,3.3318,-3.3318
1.9192,1.4343,3.5374,-3.5374
1.9192,1.4747,3.7497,-3.7497
1.9192,1.5152,3.9666,-3.9666
1.9192,1.5556,4.186,-4.186
1.9192,1.596,4.4064,-4.4064
1.9192,1.6364,4.6262,-4.6262
1.9192,1.6768,4.8443,-4.8443
1.9192,1.7172,5.0593,-5.0593
1.9192,1.7576,5.2702,-5.2702
1.9192,1.798,5.4761,-5.4761
1.9192,1.8384,5.676,-5.676
1.9192,1.8788,5.8691,-5.8691
1.9192,1.9192,6.0548,-6.0548
1.9192,1.9596,6.2322,-6.2322
1.9192,2,6.4008,-6.4008
1.9596,-2,6.2626,-6.2626
1.9596,-1.9596,6.0962,-6.0962
1.9596,-1.9192,5.9211,-5.9211
1.9596,-1.8788,5.7382,-5.7382
1.9596,-1.8384,5.5481,-5.5481
1.9596,-1.798,5.3517,-5.3517
1.9596,-1.7576,5.1497,-5.1497
1.9596,-1.7172,4.9432,-4.9432
1.9596,-1.6768,4.7332,-4.7332
1.9596,-1.6364,4.5209,-4.5209
1.9596,-1.596,4.3076,-4.3076
1.9596,-1.5556,4.0946,-4.0946
1.9596,-1.5152,3.8837,-3.8837
1.9596,-1.4747,3.6768,-3.6768
1.9596,-1.4343,3.4758,-3.4758
1.9596,-1.3939,3.2831,-3.2831
1.9596,-1.3535,3.1016,-3.1016
1.9596,-1.3131,2.9341,-2.9341
1.9596,-1.2727,2.7839,-2.7839
1.9596,-1.2323,2.6545,-2.6545
1.9596,-1.1919,2.5493,-2.5493
1.9596,-1.1515,2.4711,-2.4711
1.9596,-1.1111,2.4224,-2.4224
1.9596,-1.0707,2.404,-2.404
1.9596,-1.0303,2.4157,-2.4157
1.9596,-0.9899,2.4558,-2.4558
1.9596,-0.94949,2.5214,-2.5214
1.9596,-0.90909,2.609,-2.609
1.9596,-0.86869,2.7146,-2.7146
1.9596,-0.82828,2.8343,-2.8343
1.9596,-0.78788,2.9645,-2.9645
1.9596,-0.74747,3.1018,-3.1018
1.9596,-0.70707,3.2432,-3.2432
1.9596,-0.66667,3.3864,-3.3864
1.9596,-0.62626,3.5291,-3.5291
1.9596,-0.58586,3.6695,-3.6695
1.9596,-0.54545,3.806,-3.806
1.9596,-0.50505,3.9373,-3.9373
1.9596,-0.46465,4.0621,-4.0621
1.9596,-0.42424,4.1796,-4.1796
1.9596,-0.38384,4.2888,-4.2888
1.9596,-0.34343,4.3889,-4.3889
1.9596,-0.30303,4.4794,-4.4794
1.9596,-0.26263,4.5597,-4.5597
1.9596,-0.22222,4.6294,-4.6294
1.9596,-0.18182,4.688,-4.688
1.9596,-0.14141,4.7352,-4.7352
1.9596,-0.10101,4.7708,-4.7708
1.9596,-0.060606,4.7947,-4.7947
1.9596,-0.020202,4.8067,-4.8067
1.9596,0.020202,4.8067,-4.8067
1.9596,0.060606,4.7947,-4.7947
1.9596,0.10101,4.7708,-4.7708
1.9596,0.14141,4.7352,-4.7352
1.9596,0.18182,4.688,-4.688
1.9596,0.22222,4.6294,-4.6294
1.9596,0.26263,4.5597,-4.5597
1.9596,0.30303,4.4794,-4.4794
1.9596,0.34343,4.3889,-4.3889
1.9596,0.38384,4.2888,-4.2888
1.9596,0.42424,4.1796,-4.1796
1.9596,0.46465,4.0621,-4.0621
1.9596,0.50505,3.9373,-3.9373
1.9596,0.54545,3.806,-3.806
1.9596,0.58586,3.6695,-3.6695
1.9596,0.62626,3.5291,-3.5291
1.9596,0.66667,3.3864,-3.3864
1.9596,0.70707,3.2432,-3.2432
1.9596,0.74747,3.1018,-3.1018
1.9596,0.78788,2.9645,-2.9645
1.9596,0.82828,2.8343,-2.8343
1.9596,0.86869,2.7146,-2.7146
1.9596,0.90909,2.609,-2.609
1.9596,0.94949,2.5214,-2.5214
1.9596,0.9899,2.4558,-2.4558
1.9596,1.0303,2.4157,-2.4157
1.9596,1.0707,2.404,-2.404
1.9596,1.1111,2.4224,-2.4224
1.9596,1.1515,2.4711,-2.4711
1.9596,1.1919,2.5493,-2.5493
1.9596,1.2323,2.6545,-2.6545
1.9596,1.2727,2.7839,-2.7839
1.9596,1.3131,2.9341,-2.9341
1.9596,1.3535,3.1016,-3.1016
1.9596,1.3939,3.2831,-3.2831
1.9596,1.4343,3.4758,-3.4758
1.9596,1.4747,3.6768,-3.6768
1.9596,1.5152,3.8837,-3.8837
1.9596,1.5556,4.0946,-4.0946
1.9596,1.596,4.3076,-4.3076
1.9596,1.6364,4.5209,-4.5209
1.9596,1.6768,4.7332,-4.7332
1.9596,1.7172,4.9432,-4.9432
1.9596,1.7576,5.1497,-5.1497
1.9596,1.798,5.3517,-5.3517
1.9596,1.8384,5.5481,-5.5481
1.9596,1.8788,5.7382,-5.7382
1.9596,1.9192,5.9211,-5.9211
1.9596,1.9596,6.0962,-6.0962
1.9596,2,6.2626,-6.2626
2,-2,6.1138,-6.1138
2,-1.9596,5.9496,-5.9496
2,-1.9192,5.7771,-5.7771
2,-1.8788,5.5971,-5.5971
2,-1.8384,5.4102,-5.4102
2,-1.798,5.2175,-5.2175
2,-1.7576,5.0197,-5.0197
2,-1.7172,4.818,-4.818
2,-1.6768,4.6134,-4.6134
2,-1.6364,4.4073,-4.4073
2,-1.596,4.201,-4.201
2,-1.5556,3.9962,-3.9962
2,-1.5152,3.7946,-3.7946
2,-1.4747,3.5983,-3.5983
2,-1.4343,3.4096,-3.4096
2,-1.3939,3.231,-3.231
2,-1.3535,3.0655,-3.0655
2,-1.3131,2.9162,-2.9162
2,-1.2727,2.7863,-2.7863
2,-1.2323,2.6791,-2.6791
2,-1.1919,2.5976,-2.5976
2,-1.1515,2.5441,-2.5441
2,-1.1111,2.5198,-2.5198
2,-1.0707,2.525,-2.525
2,-1.0303,2.5584,-2.5584
2,-0.9899,2.6177,-2.6177
2,-0.94949,2.6998,-2.6998
2,-0.90909,2.801,-2.801
2,-0.86869,2.9176,-2.9176
2,-0.82828,3.0461,-3.0461
2,-0.78788,3.1831,-3.1831
2,-0.74747,3.3257,-3.3257
2,-0.70707,3.4713,-3.4713
2,-0.66667,3.6176,-3.6176
2,-0.62626,3.7628,-3.7628
2,-0.58586,3.905,-3.905
2,-0.54545,4.0429,-4.0429
2,-0.50505,4.1752,-4.1752
2,-0.46465,4.3009,-4.3009
2,-0.42424,4.4189,-4.4189
2,-0.38384,4.5285,-4.5285
2,-0.34343,4.629,-4.629
2,-0.30303,4.7197,-4.7197
2,-0.26263,4.8002,-4.8002
2,-0.22222,4.87,-4.87
2,-0.18182,4.9286,-4.9286
2,-0.14141,4.9759,-4.9759
2,-0.10101,5.0116,-5.0116
2,-0.060606,5.0355,-5.0355
2,-0.020202,5.0475,-5.0475
2,0.020202,5.0475,-5.0475
2,0.060606,5.0355,-5.0355
2,0.10101,5.0116,-5.0116
2,0.14141,4.9759,-4.9759
2,0.18182,4.9286,-4.9286
2,0.22222,4.87,-4.87
2,0.26263,4.8002,-4.8002
2,0.30303,4.7197,-4.7197
2,0.34343,4.629,-4.629
2,0.38384,4.5285,-4.5285
2,0.42424,4.4189,-4.4189
2,0.46465,4.3009,-4.3009
2,0.50505,4.1752,-4.1752
2,0.54545,4.0429,-4.0429
2,0.58586,3.905,-3.905
2,0.62626,3.7628,-3.7628
2,0.66667,3.6176,-3.6176
2,0.70707,3.4713,-3.4713
2,0.74747,3.3257,-3.3257
2,0.78788,3.1831,-3.1831
2,0.82828,3.0461,-3.0461
2,0.86869,2.9176,-2.9176
2,0.90909,2.801,-2.801
2,0.94949,2.6998,-2.6998
2,0.9899,2.6177,-2.6177
2,1.0303,2.5584,-2.5584
2,1.0707,2.525,-2.525
2,1.1111,2.5198,-2.5198
2,1.1515,2.5441,-2.5441
2,1.1919,2.5976,-2.5976
2,1.2323,2.6791,-2.6791
2,1.2727,2.7863,-2.7863
2,1.3131,2.9162,-2.9162
2,1.3535,3.0655,-3.0655
2,1.3939,3.231,-3.231
2,1.4343,3.4096,-3.4096
2,1.4747,3.5983,-3.5983
2,1.5152,3.7946,-3.7946
2,1.5556,3.9962,-3.9962
2,1.596,4.201,-4.201
2,1.6364,4.4073,-4.4073
2,1.6768,4.6134,-4.6134
2,1.7172,4.818,-4.818
2,1.7576,5.0197,-5.0197
2,1.798,5.2175,-5.2175
2,1.8384,5.4102,-5.4102
2,1.8788,5.5971,-5.5971
2,1.9192,5.7771,-5.7771
2,1.9596,5.9496,-5.9496
2,2,6.1138,-6.1138
